county_fips,saipe_year,state,county_name,poverty_count,poverty_rate,median_household_income,listed_facility_count,facility_source_file,electricity_year,residential_price_cents_kwh,electricity_source_file,electricity_geographic_level,water_stress_facility_count,mean_facility_water_stress_score,water_stress_coverage_pct,water_stress_review_count,water_stress_summary_status,water_stress_source,poverty_percentile,electricity_price_percentile,water_stress_percentile,screening_score,screening_rank,screening_status,screening_reference_counties,screening_method,electricity_source_verified,equal_score,equal_rank,poverty_focus_score,poverty_focus_rank,electricity_focus_score,electricity_focus_rank,water_focus_score,water_focus_rank,rank_range
01073,2024,AL,Jefferson County,91891.0,14.2,69346.0,1,peeringdb_us_facilities_20261006T160916Z.json,2024,15.18,eia_residential_electricity_price_2024_by_state.csv,state,1,1.2317908728086546,100.0,0,complete_coverage,WRI Aqueduct 4.0 baseline_annual,0.7483870967741936,0.5854838709677419,0.3903225806451613,57.4731182795699,104.0,draft_scored,310,Equal-weight mean of three percentile ranks,False,57.47311827956989,104.0,61.81451612903225,78.0,57.74193548387097,111.0,52.862903225806456,140.0,62.0
01081,2024,AL,Lee County,30835.0,16.9,70233.0,1,peeringdb_us_facilities_20261006T160916Z.json,2024,15.18,eia_residential_electricity_price_2024_by_state.csv,state,1,2.8215539234652787,100.0,0,complete_coverage,WRI Aqueduct 4.0 baseline_annual,0.8887096774193548,0.5854838709677419,0.6548387096774193,70.96774193548386,30.0,draft_scored,310,Equal-weight mean of three percentile ranks,False,70.96774193548386,30.0,75.44354838709677,19.0,67.86290322580645,44.0,69.59677419354838,38.0,25.0
01089,2024,AL,Madison County,39626.0,9.6,89197.0,3,peeringdb_us_facilities_20261006T160916Z.json,2024,15.18,eia_residential_electricity_price_2024_by_state.csv,state,3,0.3123497093174933,100.0,0,complete_coverage,WRI Aqueduct 4.0 baseline_annual,0.3516129032258064,0.5854838709677419,0.2758064516129032,40.43010752688172,221.0,draft_scored,310,Equal-weight mean of three percentile ranks,False,40.43010752688171,222.0,39.11290322580645,227.0,44.95967741935484,192.0,37.217741935483865,232.0,40.0
01101,2024,AL,Montgomery County,43701.0,20.2,61102.0,1,peeringdb_us_facilities_20261006T160916Z.json,2024,15.18,eia_residential_electricity_price_2024_by_state.csv,state,1,2.054043439310239,100.0,0,complete_coverage,WRI Aqueduct 4.0 baseline_annual,0.9548387096774194,0.5854838709677419,0.5,68.01075268817203,41.0,draft_scored,310,Equal-weight mean of three percentile ranks,False,68.01075268817203,41.0,74.87903225806451,22.0,65.64516129032259,60.0,63.508064516129025,77.0,55.0
02020,2024,AK,Anchorage Borough,24524.0,8.7,103780.0,2,peeringdb_us_facilities_20261006T160916Z.json,2024,24.82,eia_residential_electricity_price_2024_by_state.csv,state,2,0.2380502544531817,100.0,0,complete_coverage,WRI Aqueduct 4.0 baseline_annual,0.2629032258064516,0.9032258064516128,0.2612903225806451,47.58064516129032,173.0,draft_scored,310,Equal-weight mean of three percentile ranks,False,47.58064516129031,173.0,42.258064516129025,208.0,58.26612903225805,106.0,42.217741935483865,208.0,102.0
02090,2024,AK,Fairbanks North Star Borough,6437.0,7.1,92086.0,1,peeringdb_us_facilities_20261006T160916Z.json,2024,24.82,eia_residential_electricity_price_2024_by_state.csv,state,1,2.848659097963308,100.0,0,complete_coverage,WRI Aqueduct 4.0 baseline_annual,0.1403225806451613,0.9032258064516128,0.7032258064516129,58.2258064516129,98.0,draft_scored,310,Equal-weight mean of three percentile ranks,False,58.2258064516129,98.0,47.177419354838705,176.0,66.25,55.0,61.25000000000001,88.0,121.0
02240,2024,AK,Southeast Fairbanks Census Area,917.0,12.7,80754.0,1,peeringdb_us_facilities_20261006T160916Z.json,2024,24.82,eia_residential_electricity_price_2024_by_state.csv,state,1,0.0,100.0,0,complete_coverage,WRI Aqueduct 4.0 baseline_annual,0.6403225806451613,0.9032258064516128,0.1064516129032258,54.99999999999999,125.0,draft_scored,310,Equal-weight mean of three percentile ranks,False,54.99999999999999,126.0,57.258064516129025,105.0,63.83064516129031,72.0,43.91129032258064,198.0,126.0
04013,2024,AZ,Maricopa County,478601.0,10.4,90919.0,26,peeringdb_us_facilities_20261006T160916Z.json,2024,14.91,eia_residential_electricity_price_2024_by_state.csv,state,26,4.903128214775712,100.0,0,complete_coverage,WRI Aqueduct 4.0 baseline_annual,0.4274193548387097,0.4774193548387097,0.9290322580645162,61.12903225806452,79.0,draft_scored,310,Equal-weight mean of three percentile ranks,False,61.12903225806452,79.0,56.53225806451613,111.0,57.782258064516135,108.0,69.07258064516128,42.0,69.0
04019,2024,AZ,Pima County,144993.0,13.8,71993.0,3,peeringdb_us_facilities_20261006T160916Z.json,2024,14.91,eia_residential_electricity_price_2024_by_state.csv,state,3,5.0,100.0,0,complete_coverage,WRI Aqueduct 4.0 baseline_annual,0.7161290322580646,0.4774193548387097,0.9661290322580646,71.98924731182795,27.0,draft_scored,310,Equal-weight mean of three percentile ranks,False,71.98924731182795,27.0,71.89516129032259,34.0,65.92741935483872,57.0,78.14516129032259,17.0,40.0
04023,2024,AZ,Santa Cruz County,8774.0,17.4,57125.0,1,peeringdb_us_facilities_20261006T160916Z.json,2024,14.91,eia_residential_electricity_price_2024_by_state.csv,state,1,5.0,100.0,0,complete_coverage,WRI Aqueduct 4.0 baseline_annual,0.9048387096774192,0.4774193548387097,0.9661290322580646,78.27956989247312,10.0,draft_scored,310,Equal-weight mean of three percentile ranks,False,78.2795698924731,10.0,81.33064516129032,8.0,70.64516129032258,31.0,82.86290322580645,6.0,25.0
05057,2024,AR,Hempstead County,3645.0,19.3,48739.0,1,peeringdb_us_facilities_20261006T160916Z.json,2024,12.32,eia_residential_electricity_price_2024_by_state.csv,state,1,0.0,100.0,0,complete_coverage,WRI Aqueduct 4.0 baseline_annual,0.9435483870967742,0.1016129032258064,0.1064516129032258,38.387096774193544,233.0,draft_scored,310,Equal-weight mean of three percentile ranks,False,38.387096774193544,233.0,52.37903225806452,140.0,31.33064516129032,261.0,31.451612903225808,264.0,124.0
05119,2024,AR,Pulaski County,62757.0,16.0,66706.0,2,peeringdb_us_facilities_20261006T160916Z.json,2024,12.32,eia_residential_electricity_price_2024_by_state.csv,state,2,0.0,100.0,0,complete_coverage,WRI Aqueduct 4.0 baseline_annual,0.8403225806451613,0.1016129032258064,0.1064516129032258,34.946236559139784,259.0,draft_scored,310,Equal-weight mean of three percentile ranks,False,34.946236559139784,259.0,47.21774193548387,175.0,28.749999999999996,273.0,28.870967741935484,276.0,101.0
05123,2024,AR,St. Francis County,5646.0,30.6,44215.0,1,peeringdb_us_facilities_20261006T160916Z.json,2024,12.32,eia_residential_electricity_price_2024_by_state.csv,state,1,5.0,100.0,0,complete_coverage,WRI Aqueduct 4.0 baseline_annual,0.9967741935483873,0.1016129032258064,0.9661290322580646,68.81720430107526,36.0,draft_scored,310,Equal-weight mean of three percentile ranks,False,68.81720430107528,36.0,76.53225806451614,14.0,54.15322580645162,135.0,75.76612903225808,20.0,121.0
05143,2024,AR,Washington County,34730.0,13.5,74040.0,1,peeringdb_us_facilities_20261006T160916Z.json,2024,12.32,eia_residential_electricity_price_2024_by_state.csv,state,1,0.0,100.0,0,complete_coverage,WRI Aqueduct 4.0 baseline_annual,0.7016129032258065,0.1016129032258064,0.1064516129032258,30.32258064516129,276.0,draft_scored,310,Equal-weight mean of three percentile ranks,False,30.32258064516129,276.0,40.28225806451613,217.0,25.282258064516128,286.0,25.403225806451612,288.0,71.0
06001,2024,CA,Alameda County,142324.0,8.8,128031.0,7,peeringdb_us_facilities_20261006T160916Z.json,2024,31.97,eia_residential_electricity_price_2024_by_state.csv,state,7,1.756712453544042,100.0,0,complete_coverage,WRI Aqueduct 4.0 baseline_annual,0.2758064516129032,0.9774193548387096,0.4596774193548387,57.096774193548384,105.0,draft_scored,310,Equal-weight mean of three percentile ranks,False,57.09677419354837,105.0,49.717741935483865,159.0,67.25806451612902,51.0,54.314516129032256,127.0,108.0
06019,2024,CA,Fresno County,183233.0,18.2,74244.0,1,peeringdb_us_facilities_20261006T160916Z.json,2024,31.97,eia_residential_electricity_price_2024_by_state.csv,state,1,0.9178227473925942,100.0,0,complete_coverage,WRI Aqueduct 4.0 baseline_annual,0.9290322580645162,0.9774193548387096,0.3258064516129032,74.40860215053763,21.0,draft_scored,310,Equal-weight mean of three percentile ranks,False,74.40860215053763,21.0,79.03225806451613,10.0,80.24193548387096,12.0,63.951612903225794,73.0,63.0
06037,2024,CA,Los Angeles County,1275042.0,13.3,90757.0,42,peeringdb_us_facilities_20261006T160916Z.json,2024,31.97,eia_residential_electricity_price_2024_by_state.csv,state,42,5.0,100.0,0,complete_coverage,WRI Aqueduct 4.0 baseline_annual,0.6854838709677419,0.9774193548387096,0.9661290322580646,87.63440860215054,2.0,draft_scored,310,Equal-weight mean of three percentile ranks,False,87.63440860215053,2.0,82.86290322580645,6.0,90.16129032258064,1.0,89.87903225806451,2.0,5.0
06059,2024,CA,Orange County,303988.0,9.7,114858.0,7,peeringdb_us_facilities_20261006T160916Z.json,2024,31.97,eia_residential_electricity_price_2024_by_state.csv,state,7,5.0,100.0,0,complete_coverage,WRI Aqueduct 4.0 baseline_annual,0.364516129032258,0.9774193548387096,0.9661290322580646,76.93548387096774,15.0,draft_scored,310,Equal-weight mean of three percentile ranks,False,76.93548387096773,15.0,66.81451612903226,59.0,82.13709677419354,7.0,81.85483870967742,11.0,52.0
06061,2024,CA,Placer County,29451.0,6.8,115845.0,1,peeringdb_us_facilities_20261006T160916Z.json,2024,31.97,eia_residential_electricity_price_2024_by_state.csv,state,1,2.5438221903359906,100.0,0,complete_coverage,WRI Aqueduct 4.0 baseline_annual,0.1209677419354838,0.9774193548387096,0.6080645161290322,56.88172043010753,109.0,draft_scored,310,Equal-weight mean of three percentile ranks,False,56.88172043010752,109.0,45.68548387096774,181.0,67.09677419354838,52.0,57.86290322580645,109.0,129.0
06065,2024,CA,Riverside County,243691.0,9.8,92611.0,1,peeringdb_us_facilities_20261006T160916Z.json,2024,31.97,eia_residential_electricity_price_2024_by_state.csv,state,1,5.0,100.0,0,complete_coverage,WRI Aqueduct 4.0 baseline_annual,0.3741935483870968,0.9774193548387096,0.9661290322580646,77.25806451612904,13.0,draft_scored,310,Equal-weight mean of three percentile ranks,False,77.25806451612902,13.0,67.29838709677419,56.0,82.37903225806451,6.0,82.0967741935484,10.0,50.0
06067,2024,CA,Sacramento County,191299.0,12.0,93331.0,7,peeringdb_us_facilities_20261006T160916Z.json,2024,31.97,eia_residential_electricity_price_2024_by_state.csv,state,7,2.5438221903359906,100.0,0,complete_coverage,WRI Aqueduct 4.0 baseline_annual,0.5532258064516129,0.9774193548387096,0.6080645161290322,71.29032258064515,29.0,draft_scored,310,Equal-weight mean of three percentile ranks,False,71.29032258064515,29.0,67.29838709677419,56.0,77.9032258064516,16.0,68.66935483870968,47.0,40.0
06073,2024,CA,San Diego County,322284.0,10.1,108754.0,11,peeringdb_us_facilities_20261006T160916Z.json,2024,31.97,eia_residential_electricity_price_2024_by_state.csv,state,11,5.0,100.0,0,complete_coverage,WRI Aqueduct 4.0 baseline_annual,0.3983870967741935,0.9774193548387096,0.9661290322580646,78.06451612903226,11.0,draft_scored,310,Equal-weight mean of three percentile ranks,False,78.06451612903224,11.0,68.50806451612902,51.0,82.98387096774194,5.0,82.7016129032258,8.0,46.0
06075,2024,CA,San Francisco County,91949.0,11.3,137184.0,11,peeringdb_us_facilities_20261006T160916Z.json,2024,31.97,eia_residential_electricity_price_2024_by_state.csv,state,11,1.756712453544042,100.0,0,complete_coverage,WRI Aqueduct 4.0 baseline_annual,0.4983870967741935,0.9774193548387096,0.4596774193548387,64.51612903225806,53.0,draft_scored,310,Equal-weight mean of three percentile ranks,False,64.51612903225805,53.0,60.846774193548384,84.0,72.82258064516128,26.0,59.87903225806451,98.0,72.0
06077,2024,CA,San Joaquin County,104115.0,12.9,91854.0,1,peeringdb_us_facilities_20261006T160916Z.json,2024,31.97,eia_residential_electricity_price_2024_by_state.csv,state,1,3.933125898663696,100.0,0,complete_coverage,WRI Aqueduct 4.0 baseline_annual,0.6645161290322581,0.9774193548387096,0.8935483870967742,84.51612903225806,3.0,draft_scored,310,Equal-weight mean of three percentile ranks,False,84.51612903225806,3.0,80.0,9.0,87.82258064516128,3.0,85.7258064516129,5.0,6.0
06079,2024,CA,San Luis Obispo County,33720.0,12.6,99646.0,1,peeringdb_us_facilities_20261006T160916Z.json,2024,31.97,eia_residential_electricity_price_2024_by_state.csv,state,1,3.309715807954714,100.0,0,complete_coverage,WRI Aqueduct 4.0 baseline_annual,0.6258064516129033,0.9774193548387096,0.7774193548387097,79.35483870967742,8.0,draft_scored,310,Equal-weight mean of three percentile ranks,False,79.35483870967742,8.0,75.16129032258064,21.0,83.95161290322581,4.0,78.95161290322581,14.0,17.0
06085,2024,CA,Santa Clara County,133555.0,7.1,166984.0,53,peeringdb_us_facilities_20261006T160916Z.json,2024,31.97,eia_residential_electricity_price_2024_by_state.csv,state,53,1.7567124535440417,100.0,0,complete_coverage,WRI Aqueduct 4.0 baseline_annual,0.1403225806451613,0.9774193548387096,0.4548387096774193,52.41935483870967,148.0,draft_scored,310,Equal-weight mean of three percentile ranks,False,52.419354838709666,148.0,42.82258064516128,203.0,63.749999999999986,73.0,50.685483870967744,157.0,130.0
06097,2024,CA,Sonoma County,40444.0,8.4,105956.0,1,peeringdb_us_facilities_20261006T160916Z.json,2024,31.97,eia_residential_electricity_price_2024_by_state.csv,state,1,2.856778614867236,100.0,0,complete_coverage,WRI Aqueduct 4.0 baseline_annual,0.2354838709677419,0.9774193548387096,0.7161290322580646,64.30107526881721,56.0,draft_scored,310,Equal-weight mean of three percentile ranks,False,64.3010752688172,56.0,54.112903225806456,131.0,72.66129032258064,28.0,66.12903225806451,56.0,103.0
06099,2024,CA,Stanislaus County,78101.0,14.2,77812.0,2,peeringdb_us_facilities_20261006T160916Z.json,2024,31.97,eia_residential_electricity_price_2024_by_state.csv,state,2,2.258471256835679,100.0,0,complete_coverage,WRI Aqueduct 4.0 baseline_annual,0.7483870967741936,0.9774193548387096,0.5516129032258065,75.91397849462366,19.0,draft_scored,310,Equal-weight mean of three percentile ranks,False,75.91397849462365,19.0,75.64516129032258,17.0,81.37096774193549,9.0,70.72580645161291,30.0,21.0
06111,2024,CA,Ventura County,78310.0,9.5,112872.0,1,peeringdb_us_facilities_20261006T160916Z.json,2024,31.97,eia_residential_electricity_price_2024_by_state.csv,state,1,5.0,100.0,0,complete_coverage,WRI Aqueduct 4.0 baseline_annual,0.3370967741935484,0.9774193548387096,0.9661290322580646,76.0215053763441,18.0,draft_scored,310,Equal-weight mean of three percentile ranks,False,76.02150537634408,18.0,65.44354838709677,63.0,81.4516129032258,8.0,81.16935483870968,12.0,55.0
08001,2024,CO,Adams County,52774.0,9.8,100686.0,3,peeringdb_us_facilities_20261006T160916Z.json,2024,14.92,eia_residential_electricity_price_2024_by_state.csv,state,3,5.0,100.0,0,complete_coverage,WRI Aqueduct 4.0 baseline_annual,0.3741935483870968,0.4951612903225806,0.9661290322580646,61.18279569892473,78.0,draft_scored,310,Equal-weight mean of three percentile ranks,False,61.18279569892473,77.0,55.241935483870975,119.0,58.266129032258064,104.0,70.04032258064517,34.0,85.0
08005,2024,CO,Arapahoe County,51391.0,7.8,103442.0,6,peeringdb_us_facilities_20261006T160916Z.json,2024,14.92,eia_residential_electricity_price_2024_by_state.csv,state,6,5.0,100.0,0,complete_coverage,WRI Aqueduct 4.0 baseline_annual,0.182258064516129,0.4951612903225806,0.9661290322580646,54.784946236559136,127.0,draft_scored,310,Equal-weight mean of three percentile ranks,False,54.784946236559136,127.0,45.64516129032258,183.0,53.46774193548387,140.0,65.24193548387098,59.0,124.0
08013,2024,CO,Boulder County,33339.0,10.6,103293.0,3,peeringdb_us_facilities_20261006T160916Z.json,2024,14.92,eia_residential_electricity_price_2024_by_state.csv,state,3,5.0,100.0,0,complete_coverage,WRI Aqueduct 4.0 baseline_annual,0.4532258064516129,0.4951612903225806,0.9661290322580646,63.81720430107527,59.0,draft_scored,310,Equal-weight mean of three percentile ranks,False,63.81720430107527,59.0,59.193548387096776,93.0,60.24193548387097,98.0,72.01612903225806,26.0,72.0
08031,2024,CO,Denver County,87674.0,12.2,92395.0,7,peeringdb_us_facilities_20261006T160916Z.json,2024,14.92,eia_residential_electricity_price_2024_by_state.csv,state,7,5.0,100.0,0,complete_coverage,WRI Aqueduct 4.0 baseline_annual,0.5645161290322581,0.4951612903225806,0.9661290322580646,67.52688172043011,43.0,draft_scored,310,Equal-weight mean of three percentile ranks,False,67.52688172043011,43.0,64.75806451612904,65.0,63.024193548387096,78.0,74.7983870967742,21.0,57.0
08035,2024,CO,Douglas County,16843.0,4.3,152657.0,7,peeringdb_us_facilities_20261006T160916Z.json,2024,14.92,eia_residential_electricity_price_2024_by_state.csv,state,7,5.0,100.0,0,complete_coverage,WRI Aqueduct 4.0 baseline_annual,0.0096774193548387,0.4951612903225806,0.9661290322580646,49.032258064516135,166.0,draft_scored,310,Equal-weight mean of three percentile ranks,False,49.03225806451613,166.0,37.016129032258064,238.0,49.15322580645161,172.0,60.927419354838705,91.0,147.0
08041,2024,CO,El Paso County,63761.0,8.7,90778.0,3,peeringdb_us_facilities_20261006T160916Z.json,2024,14.92,eia_residential_electricity_price_2024_by_state.csv,state,3,4.654043608221356,100.0,0,complete_coverage,WRI Aqueduct 4.0 baseline_annual,0.2629032258064516,0.4951612903225806,0.9225806451612903,56.02150537634408,119.0,draft_scored,310,Equal-weight mean of three percentile ranks,False,56.02150537634408,119.0,48.58870967741936,167.0,54.39516129032258,134.0,65.08064516129033,61.0,106.0
08059,2024,CO,Jefferson County,40897.0,7.2,109969.0,2,peeringdb_us_facilities_20261006T160916Z.json,2024,14.92,eia_residential_electricity_price_2024_by_state.csv,state,2,5.0,100.0,0,complete_coverage,WRI Aqueduct 4.0 baseline_annual,0.1516129032258064,0.4951612903225806,0.9661290322580646,53.76344086021505,136.0,draft_scored,310,Equal-weight mean of three percentile ranks,False,53.76344086021505,136.0,44.11290322580645,194.0,52.7016129032258,143.0,64.47580645161291,69.0,125.0
08083,2024,CO,Montezuma County,3937.0,14.8,66611.0,1,peeringdb_us_facilities_20261006T160916Z.json,2024,14.92,eia_residential_electricity_price_2024_by_state.csv,state,1,2.9494013457492416,100.0,0,complete_coverage,WRI Aqueduct 4.0 baseline_annual,0.7887096774193548,0.4951612903225806,0.7354838709677419,67.31182795698926,44.0,draft_scored,310,Equal-weight mean of three percentile ranks,False,67.31182795698925,44.0,70.2016129032258,45.0,62.86290322580644,82.0,68.87096774193549,46.0,38.0
09110,2024,CT,Capitol Planning Region,99488.0,10.4,93478.0,2,peeringdb_us_facilities_20261006T160916Z.json,2024,28.75,eia_residential_electricity_price_2024_by_state.csv,state,2,1.2883073190179355,100.0,0,complete_coverage,WRI Aqueduct 4.0 baseline_annual,0.4274193548387097,0.920967741935484,0.3983870967741935,58.225806451612904,97.0,draft_scored,310,Equal-weight mean of three percentile ranks,False,58.225806451612904,97.0,54.35483870967742,128.0,66.69354838709678,54.0,53.62903225806453,136.0,82.0
09120,2024,CT,Greater Bridgeport Planning Region,37123.0,11.4,89961.0,1,peeringdb_us_facilities_20261006T160916Z.json,2024,28.75,eia_residential_electricity_price_2024_by_state.csv,state,1,0.2203653116452903,100.0,0,complete_coverage,WRI Aqueduct 4.0 baseline_annual,0.5112903225806451,0.920967741935484,0.2532258064516129,56.18279569892473,117.0,draft_scored,310,Equal-weight mean of three percentile ranks,False,56.18279569892473,117.0,54.91935483870968,122.0,65.16129032258065,64.0,48.46774193548388,173.0,109.0
09140,2024,CT,Naugatuck Valley Planning Region,56917.0,12.5,81346.0,3,peeringdb_us_facilities_20261006T160916Z.json,2024,28.75,eia_residential_electricity_price_2024_by_state.csv,state,3,0.2203653116452903,100.0,0,complete_coverage,WRI Aqueduct 4.0 baseline_annual,0.6064516129032258,0.920967741935484,0.2532258064516129,59.354838709677416,89.0,draft_scored,310,Equal-weight mean of three percentile ranks,False,59.354838709677416,89.0,59.67741935483871,90.0,67.54032258064517,48.0,50.84677419354839,156.0,108.0
09170,2024,CT,South Central Connecticut Planning Region,63390.0,11.5,89386.0,2,peeringdb_us_facilities_20261006T160916Z.json,2024,28.75,eia_residential_electricity_price_2024_by_state.csv,state,2,0.2203653116452903,100.0,0,complete_coverage,WRI Aqueduct 4.0 baseline_annual,0.5193548387096775,0.920967741935484,0.2532258064516129,56.451612903225815,112.0,draft_scored,310,Equal-weight mean of three percentile ranks,False,56.4516129032258,112.0,55.3225806451613,118.0,65.36290322580646,62.0,48.66935483870968,171.0,109.0
09180,2024,CT,Southeastern Connecticut Planning Region,26061.0,9.6,89230.0,1,peeringdb_us_facilities_20261006T160916Z.json,2024,28.75,eia_residential_electricity_price_2024_by_state.csv,state,1,2.188356913706249,100.0,0,complete_coverage,WRI Aqueduct 4.0 baseline_annual,0.3516129032258064,0.920967741935484,0.5419354838709678,60.483870967741936,81.0,draft_scored,310,Equal-weight mean of three percentile ranks,False,60.483870967741936,81.0,54.15322580645161,129.0,68.38709677419355,41.0,58.91129032258065,104.0,88.0
09190,2024,CT,Western Connecticut Planning Region,48879.0,7.8,130842.0,7,peeringdb_us_facilities_20261006T160916Z.json,2024,28.75,eia_residential_electricity_price_2024_by_state.csv,state,7,0.2203653116452903,100.0,0,complete_coverage,WRI Aqueduct 4.0 baseline_annual,0.182258064516129,0.920967741935484,0.2532258064516129,45.215053763440864,190.0,draft_scored,310,Equal-weight mean of three percentile ranks,False,45.215053763440864,190.0,38.46774193548387,231.0,56.93548387096775,115.0,40.241935483870975,214.0,116.0
10003,2024,DE,New Castle County,58815.0,10.3,89750.0,2,peeringdb_us_facilities_20261006T160916Z.json,2024,16.57,eia_residential_electricity_price_2024_by_state.csv,state,2,2.830392351967968,100.0,0,complete_coverage,WRI Aqueduct 4.0 baseline_annual,0.4129032258064516,0.6935483870967742,0.6838709677419355,59.67741935483871,85.0,draft_scored,310,Equal-weight mean of three percentile ranks,False,59.67741935483871,85.0,55.08064516129032,121.0,62.096774193548384,85.0,61.854838709677416,83.0,38.0
11001,2024,DC,District of Columbia,110233.0,16.4,109289.0,4,peeringdb_us_facilities_20261006T160916Z.json,2024,17.71,eia_residential_electricity_price_2024_by_state.csv,state,4,0.4004675890069935,100.0,0,complete_coverage,WRI Aqueduct 4.0 baseline_annual,0.8596774193548387,0.7193548387096774,0.2903225806451613,62.311827956989255,71.0,draft_scored,310,Equal-weight mean of three percentile ranks,False,62.31182795698924,71.0,68.2258064516129,53.0,64.71774193548387,65.0,53.99193548387097,131.0,78.0
12009,2024,FL,Brevard County,65695.0,10.1,78154.0,1,peeringdb_us_facilities_20261006T160916Z.json,2024,14.14,eia_residential_electricity_price_2024_by_state.csv,state,1,3.795430686457698,100.0,0,complete_coverage,WRI Aqueduct 4.0 baseline_annual,0.3983870967741935,0.3451612903225806,0.8612903225806452,53.49462365591398,138.0,draft_scored,310,Equal-weight mean of three percentile ranks,False,53.494623655913976,138.0,50.08064516129031,157.0,48.74999999999999,174.0,61.65322580645161,84.0,90.0
12011,2024,FL,Broward County,236846.0,11.7,81337.0,3,peeringdb_us_facilities_20261006T160916Z.json,2024,14.14,eia_residential_electricity_price_2024_by_state.csv,state,3,3.795430686457698,100.0,0,complete_coverage,WRI Aqueduct 4.0 baseline_annual,0.535483870967742,0.3451612903225806,0.8612903225806452,58.06451612903226,100.0,draft_scored,310,Equal-weight mean of three percentile ranks,False,58.06451612903225,100.0,56.935483870967744,107.0,52.177419354838705,147.0,65.08064516129033,61.0,86.0
12021,2024,FL,Collier County,42737.0,10.4,97022.0,1,peeringdb_us_facilities_20261006T160916Z.json,2024,14.14,eia_residential_electricity_price_2024_by_state.csv,state,1,2.110354012615164,100.0,0,complete_coverage,WRI Aqueduct 4.0 baseline_annual,0.4274193548387097,0.3451612903225806,0.5193548387096775,43.064516129032256,204.0,draft_scored,310,Equal-weight mean of three percentile ranks,False,43.06451612903225,204.0,42.983870967741936,200.0,40.92741935483871,213.0,45.28225806451613,190.0,23.0
12031,2024,FL,Duval County,125541.0,12.2,73638.0,9,peeringdb_us_facilities_20261006T160916Z.json,2024,14.14,eia_residential_electricity_price_2024_by_state.csv,state,9,3.712888807453472,100.0,0,complete_coverage,WRI Aqueduct 4.0 baseline_annual,0.5645161290322581,0.3451612903225806,0.8387096774193549,58.27956989247313,95.0,draft_scored,310,Equal-weight mean of three percentile ranks,False,58.27956989247311,95.0,57.822580645161295,98.0,52.33870967741936,145.0,64.6774193548387,65.0,80.0
12057,2024,FL,Hillsborough County,181803.0,11.7,84691.0,11,peeringdb_us_facilities_20261006T160916Z.json,2024,14.14,eia_residential_electricity_price_2024_by_state.csv,state,11,3.636148656561352,100.0,0,complete_coverage,WRI Aqueduct 4.0 baseline_annual,0.535483870967742,0.3451612903225806,0.8290322580645161,56.98924731182795,108.0,draft_scored,310,Equal-weight mean of three percentile ranks,False,56.98924731182795,108.0,56.12903225806451,115.0,51.37096774193548,153.0,63.467741935483865,78.0,75.0
12073,2024,FL,Leon County,60386.0,21.3,64847.0,1,peeringdb_us_facilities_20261006T160916Z.json,2024,14.14,eia_residential_electricity_price_2024_by_state.csv,state,1,2.716228594041432,100.0,0,complete_coverage,WRI Aqueduct 4.0 baseline_annual,0.9629032258064516,0.3451612903225806,0.635483870967742,64.78494623655914,52.0,draft_scored,310,Equal-weight mean of three percentile ranks,False,64.78494623655912,52.0,72.66129032258064,28.0,57.217741935483865,114.0,64.47580645161291,69.0,86.0
12086,2024,FL,Miami-Dade County,397263.0,14.2,75779.0,24,peeringdb_us_facilities_20261006T160916Z.json,2024,14.14,eia_residential_electricity_price_2024_by_state.csv,state,24,2.0482662870044894,100.0,0,complete_coverage,WRI Aqueduct 4.0 baseline_annual,0.7483870967741936,0.3451612903225806,0.4967741935483871,53.01075268817205,145.0,draft_scored,310,Equal-weight mean of three percentile ranks,False,53.01075268817203,145.0,58.467741935483865,96.0,48.387096774193544,176.0,52.177419354838705,146.0,80.0
12091,2024,FL,Okaloosa County,22914.0,10.6,81348.0,1,peeringdb_us_facilities_20261006T160916Z.json,2024,14.14,eia_residential_electricity_price_2024_by_state.csv,state,1,1.85164469482142,100.0,0,complete_coverage,WRI Aqueduct 4.0 baseline_annual,0.4532258064516129,0.3451612903225806,0.4677419354838709,42.204301075268816,208.0,draft_scored,310,Equal-weight mean of three percentile ranks,False,42.204301075268816,208.0,42.983870967741936,200.0,40.28225806451613,219.0,43.346774193548384,202.0,19.0
12095,2024,FL,Orange County,185616.0,12.4,81645.0,5,peeringdb_us_facilities_20261006T160916Z.json,2024,14.14,eia_residential_electricity_price_2024_by_state.csv,state,5,3.359386457622798,100.0,0,complete_coverage,WRI Aqueduct 4.0 baseline_annual,0.5838709677419355,0.3451612903225806,0.7838709677419354,57.096774193548384,105.0,draft_scored,310,Equal-weight mean of three percentile ranks,False,57.09677419354837,105.0,57.419354838709666,104.0,51.451612903225794,152.0,62.41935483870967,81.0,71.0
12099,2024,FL,Palm Beach County,181912.0,11.7,84857.0,4,peeringdb_us_facilities_20261006T160916Z.json,2024,14.14,eia_residential_electricity_price_2024_by_state.csv,state,4,3.795430686457698,100.0,0,complete_coverage,WRI Aqueduct 4.0 baseline_annual,0.535483870967742,0.3451612903225806,0.8612903225806452,58.06451612903226,100.0,draft_scored,310,Equal-weight mean of three percentile ranks,False,58.06451612903225,100.0,56.935483870967744,107.0,52.177419354838705,147.0,65.08064516129033,61.0,86.0
12105,2024,FL,Polk County,111467.0,13.4,66708.0,3,peeringdb_us_facilities_20261006T160916Z.json,2024,14.14,eia_residential_electricity_price_2024_by_state.csv,state,3,3.119554588916948,100.0,0,complete_coverage,WRI Aqueduct 4.0 baseline_annual,0.6951612903225807,0.3451612903225806,0.7483870967741936,59.62365591397849,87.0,draft_scored,310,Equal-weight mean of three percentile ranks,False,59.62365591397849,87.0,62.096774193548384,75.0,53.346774193548384,141.0,63.42741935483871,79.0,66.0
13067,2024,GA,Cobb County,67286.0,8.7,102071.0,6,peeringdb_us_facilities_20261006T160916Z.json,2024,14.08,eia_residential_electricity_price_2024_by_state.csv,state,6,2.4115917257827646,100.0,0,complete_coverage,WRI Aqueduct 4.0 baseline_annual,0.2629032258064516,0.2838709677419355,0.5725806451612904,37.31182795698925,244.0,draft_scored,310,Equal-weight mean of three percentile ranks,False,37.31182795698925,244.0,34.556451612903224,256.0,35.08064516129033,244.0,42.29838709677419,206.0,50.0
13073,2024,GA,Columbia County,10991.0,6.6,96487.0,1,peeringdb_us_facilities_20261006T160916Z.json,2024,14.08,eia_residential_electricity_price_2024_by_state.csv,state,1,2.931926380780837,100.0,0,complete_coverage,WRI Aqueduct 4.0 baseline_annual,0.1048387096774193,0.2838709677419355,0.7274193548387097,37.204301075268816,246.0,draft_scored,310,Equal-weight mean of three percentile ranks,False,37.204301075268816,246.0,30.52419354838709,273.0,35.0,245.0,46.08870967741935,185.0,88.0
13089,2024,GA,DeKalb County,96158.0,12.7,81452.0,2,peeringdb_us_facilities_20261006T160916Z.json,2024,14.08,eia_residential_electricity_price_2024_by_state.csv,state,2,2.4115917257827646,100.0,0,complete_coverage,WRI Aqueduct 4.0 baseline_annual,0.6403225806451613,0.2838709677419355,0.5725806451612904,49.89247311827958,162.0,draft_scored,310,Equal-weight mean of three percentile ranks,False,49.89247311827957,162.0,53.42741935483871,133.0,44.516129032258064,194.0,51.733870967741936,149.0,61.0
13097,2024,GA,Douglas County,16157.0,10.7,77579.0,4,peeringdb_us_facilities_20261006T160916Z.json,2024,14.08,eia_residential_electricity_price_2024_by_state.csv,state,4,2.4115917257827646,100.0,0,complete_coverage,WRI Aqueduct 4.0 baseline_annual,0.4645161290322581,0.2838709677419355,0.5725806451612904,44.032258064516135,199.0,draft_scored,310,Equal-weight mean of three percentile ranks,False,44.03225806451613,199.0,44.63709677419355,190.0,40.12096774193549,220.0,47.33870967741935,181.0,39.0
13113,2024,GA,Fayette County,7226.0,5.8,117563.0,1,peeringdb_us_facilities_20261006T160916Z.json,2024,14.08,eia_residential_electricity_price_2024_by_state.csv,state,1,1.1652933984148754,100.0,0,complete_coverage,WRI Aqueduct 4.0 baseline_annual,0.0564516129032258,0.2838709677419355,0.3838709677419354,24.139784946236556,294.0,draft_scored,310,Equal-weight mean of three percentile ranks,False,24.139784946236556,294.0,19.51612903225806,302.0,25.2016129032258,287.0,27.701612903225804,285.0,17.0
13121,2024,GA,Fulton County,119777.0,11.3,100751.0,26,peeringdb_us_facilities_20261006T160916Z.json,2024,14.08,eia_residential_electricity_price_2024_by_state.csv,state,26,2.458284589400103,100.0,0,complete_coverage,WRI Aqueduct 4.0 baseline_annual,0.4983870967741935,0.2838709677419355,0.5870967741935483,45.64516129032257,185.0,draft_scored,310,Equal-weight mean of three percentile ranks,False,45.64516129032258,185.0,46.693548387096776,178.0,41.33064516129033,210.0,48.91129032258064,170.0,40.0
13135,2024,GA,Gwinnett County,103033.0,10.4,89709.0,3,peeringdb_us_facilities_20261006T160916Z.json,2024,14.08,eia_residential_electricity_price_2024_by_state.csv,state,3,2.673623111773318,100.0,0,complete_coverage,WRI Aqueduct 4.0 baseline_annual,0.4274193548387097,0.2838709677419355,0.6258064516129033,44.56989247311828,195.0,draft_scored,310,Equal-weight mean of three percentile ranks,False,44.56989247311828,195.0,44.112903225806456,193.0,40.5241935483871,216.0,49.07258064516129,168.0,48.0
13215,2024,GA,Muscogee County,33923.0,17.3,57609.0,1,peeringdb_us_facilities_20261006T160916Z.json,2024,14.08,eia_residential_electricity_price_2024_by_state.csv,state,1,2.4115917257827646,100.0,0,complete_coverage,WRI Aqueduct 4.0 baseline_annual,0.8983870967741936,0.2838709677419355,0.5725806451612904,58.49462365591398,93.0,draft_scored,310,Equal-weight mean of three percentile ranks,False,58.49462365591398,93.0,66.33064516129032,61.0,50.96774193548388,160.0,58.185483870967744,107.0,99.0
13245,2024,GA,Richmond County,37030.0,19.0,57961.0,1,peeringdb_us_facilities_20261006T160916Z.json,2024,14.08,eia_residential_electricity_price_2024_by_state.csv,state,1,2.931926380780837,100.0,0,complete_coverage,WRI Aqueduct 4.0 baseline_annual,0.9338709677419356,0.2838709677419355,0.7274193548387097,64.83870967741936,51.0,draft_scored,310,Equal-weight mean of three percentile ranks,False,64.83870967741935,51.0,71.97580645161291,32.0,55.725806451612904,124.0,66.81451612903227,51.0,92.0
16001,2024,ID,Ada County,46443.0,8.9,91898.0,5,peeringdb_us_facilities_20261006T160916Z.json,2024,11.52,eia_residential_electricity_price_2024_by_state.csv,state,5,5.0,100.0,0,complete_coverage,WRI Aqueduct 4.0 baseline_annual,0.2870967741935484,0.0177419354838709,0.9661290322580646,42.365591397849464,207.0,draft_scored,310,Equal-weight mean of three percentile ranks,False,42.36559139784946,207.0,38.95161290322581,228.0,32.217741935483865,256.0,55.92741935483871,116.0,140.0
16055,2024,ID,Kootenai County,16738.0,9.0,83330.0,2,peeringdb_us_facilities_20261006T160916Z.json,2024,11.52,eia_residential_electricity_price_2024_by_state.csv,state,2,2.1162503024981394,100.0,0,complete_coverage,WRI Aqueduct 4.0 baseline_annual,0.2983870967741935,0.0177419354838709,0.5241935483870968,28.01075268817204,285.0,draft_scored,310,Equal-weight mean of three percentile ranks,False,28.010752688172037,285.0,28.467741935483872,280.0,21.451612903225804,296.0,34.11290322580645,247.0,49.0
17031,2024,IL,Cook County,697586.0,13.7,82729.0,50,peeringdb_us_facilities_20261006T160916Z.json,2024,15.87,eia_residential_electricity_price_2024_by_state.csv,state,50,3.4669841332579385,100.0,0,complete_coverage,WRI Aqueduct 4.0 baseline_annual,0.7112903225806452,0.6403225806451613,0.8096774193548387,72.04301075268816,26.0,draft_scored,310,Equal-weight mean of three percentile ranks,False,72.04301075268818,26.0,71.81451612903226,36.0,70.04032258064517,34.0,74.27419354838709,23.0,13.0
17043,2024,IL,DuPage County,58043.0,6.3,110974.0,17,peeringdb_us_facilities_20261006T160916Z.json,2024,15.87,eia_residential_electricity_price_2024_by_state.csv,state,17,3.621502373038816,100.0,0,complete_coverage,WRI Aqueduct 4.0 baseline_annual,0.0919354838709677,0.6403225806451613,0.8258064516129032,51.935483870967744,149.0,draft_scored,310,Equal-weight mean of three percentile ranks,False,51.93548387096774,149.0,41.25,212.0,54.95967741935483,131.0,59.596774193548384,100.0,112.0
17097,2024,IL,Lake County,54814.0,7.8,108137.0,1,peeringdb_us_facilities_20261006T160916Z.json,2024,15.87,eia_residential_electricity_price_2024_by_state.csv,state,1,3.4329938042424906,100.0,0,complete_coverage,WRI Aqueduct 4.0 baseline_annual,0.182258064516129,0.6403225806451613,0.8,54.086021505376344,132.0,draft_scored,310,Equal-weight mean of three percentile ranks,False,54.08602150537634,132.0,45.12096774193549,187.0,56.57258064516129,119.0,60.56451612903226,94.0,93.0
17127,2024,IL,Massac County,2042.0,15.2,67637.0,1,peeringdb_us_facilities_20261006T160916Z.json,2024,15.87,eia_residential_electricity_price_2024_by_state.csv,state,1,0.0,100.0,0,complete_coverage,WRI Aqueduct 4.0 baseline_annual,0.7983870967741935,0.6403225806451613,0.1064516129032258,51.50537634408602,152.0,draft_scored,310,Equal-weight mean of three percentile ranks,False,51.50537634408602,152.0,58.58870967741936,95.0,54.63709677419355,133.0,41.29032258064516,210.0,115.0
17141,2024,IL,Ogle County,4843.0,9.6,80221.0,1,peeringdb_us_facilities_20261006T160916Z.json,2024,15.87,eia_residential_electricity_price_2024_by_state.csv,state,1,3.680821112347451,100.0,0,complete_coverage,WRI Aqueduct 4.0 baseline_annual,0.3516129032258064,0.6403225806451613,0.8338709677419355,60.86021505376343,80.0,draft_scored,310,Equal-weight mean of three percentile ranks,False,60.86021505376345,80.0,54.43548387096774,126.0,61.653225806451616,90.0,66.49193548387096,53.0,73.0
17143,2024,IL,Peoria County,26646.0,15.3,68190.0,1,peeringdb_us_facilities_20261006T160916Z.json,2024,15.87,eia_residential_electricity_price_2024_by_state.csv,state,1,1.630384932145253,100.0,0,complete_coverage,WRI Aqueduct 4.0 baseline_annual,0.8096774193548387,0.6403225806451613,0.4290322580645161,62.634408602150536,70.0,draft_scored,310,Equal-weight mean of three percentile ranks,False,62.634408602150536,70.0,67.21774193548387,58.0,62.983870967741936,79.0,57.70161290322581,110.0,52.0
18003,2024,IN,Allen County,48134.0,12.3,70889.0,2,peeringdb_us_facilities_20261006T160916Z.json,2024,14.77,eia_residential_electricity_price_2024_by_state.csv,state,2,0.0,100.0,0,complete_coverage,WRI Aqueduct 4.0 baseline_annual,0.5725806451612904,0.4596774193548387,0.1064516129032258,37.95698924731183,238.0,draft_scored,310,Equal-weight mean of three percentile ranks,False,37.956989247311824,238.0,42.782258064516135,204.0,39.95967741935484,223.0,31.129032258064516,265.0,61.0
18005,2024,IN,Bartholomew County,7019.0,8.4,81019.0,1,peeringdb_us_facilities_20261006T160916Z.json,2024,14.77,eia_residential_electricity_price_2024_by_state.csv,state,1,2.8246750762686608,100.0,0,complete_coverage,WRI Aqueduct 4.0 baseline_annual,0.2354838709677419,0.4596774193548387,0.6629032258064517,45.26881720430107,189.0,draft_scored,310,Equal-weight mean of three percentile ranks,False,45.26881720430107,189.0,39.83870967741935,220.0,45.443548387096776,189.0,50.524193548387096,160.0,60.0
18057,2024,IN,Hamilton County,17518.0,4.7,127452.0,2,peeringdb_us_facilities_20261006T160916Z.json,2024,14.77,eia_residential_electricity_price_2024_by_state.csv,state,2,2.8246750762686608,100.0,0,complete_coverage,WRI Aqueduct 4.0 baseline_annual,0.0225806451612903,0.4596774193548387,0.6629032258064517,38.172043010752695,236.0,draft_scored,310,Equal-weight mean of three percentile ranks,False,38.17204301075269,236.0,29.193548387096772,277.0,40.12096774193549,220.0,45.20161290322581,192.0,85.0
18097,2024,IN,Marion County,152269.0,15.8,67368.0,7,peeringdb_us_facilities_20261006T160916Z.json,2024,14.77,eia_residential_electricity_price_2024_by_state.csv,state,7,2.8246750762686608,100.0,0,complete_coverage,WRI Aqueduct 4.0 baseline_annual,0.8306451612903226,0.4596774193548387,0.6629032258064517,65.10752688172042,49.0,draft_scored,310,Equal-weight mean of three percentile ranks,False,65.10752688172042,49.0,69.5967741935484,46.0,60.322580645161295,97.0,65.40322580645162,58.0,51.0
18105,2024,IN,Monroe County,21437.0,16.8,67457.0,1,peeringdb_us_facilities_20261006T160916Z.json,2024,14.77,eia_residential_electricity_price_2024_by_state.csv,state,1,2.8246750762686608,100.0,0,complete_coverage,WRI Aqueduct 4.0 baseline_annual,0.8790322580645161,0.4596774193548387,0.6629032258064517,66.72043010752688,47.0,draft_scored,310,Equal-weight mean of three percentile ranks,False,66.72043010752688,47.0,72.01612903225806,31.0,61.532258064516135,91.0,66.61290322580645,52.0,60.0
18141,2024,IN,St. Joseph County,40149.0,15.4,64573.0,2,peeringdb_us_facilities_20261006T160916Z.json,2024,14.77,eia_residential_electricity_price_2024_by_state.csv,state,2,0.0,100.0,0,complete_coverage,WRI Aqueduct 4.0 baseline_annual,0.8193548387096774,0.4596774193548387,0.1064516129032258,46.182795698924735,183.0,draft_scored,310,Equal-weight mean of three percentile ranks,False,46.18279569892472,183.0,55.12096774193548,120.0,46.12903225806452,184.0,37.29838709677419,230.0,110.0
18157,2024,IN,Tippecanoe County,29475.0,16.8,68036.0,1,peeringdb_us_facilities_20261006T160916Z.json,2024,14.77,eia_residential_electricity_price_2024_by_state.csv,state,1,1.696311999954089,100.0,0,complete_coverage,WRI Aqueduct 4.0 baseline_annual,0.8790322580645161,0.4596774193548387,0.4387096774193548,59.247311827956985,90.0,draft_scored,310,Equal-weight mean of three percentile ranks,False,59.247311827956985,90.0,66.41129032258064,60.0,55.927419354838705,123.0,55.40322580645161,118.0,63.0
18163,2024,IN,Vanderburgh County,22289.0,12.8,63717.0,1,peeringdb_us_facilities_20261006T160916Z.json,2024,14.77,eia_residential_electricity_price_2024_by_state.csv,state,1,0.0,100.0,0,complete_coverage,WRI Aqueduct 4.0 baseline_annual,0.6564516129032258,0.4596774193548387,0.1064516129032258,40.75268817204301,218.0,draft_scored,310,Equal-weight mean of three percentile ranks,False,40.75268817204301,218.0,46.975806451612904,177.0,42.056451612903224,206.0,33.225806451612904,250.0,73.0
19011,2024,IA,Benton County,1840.0,7.2,85848.0,1,peeringdb_us_facilities_20261006T160916Z.json,2024,13.4,eia_residential_electricity_price_2024_by_state.csv,state,1,1.7209228534373548,100.0,0,complete_coverage,WRI Aqueduct 4.0 baseline_annual,0.1516129032258064,0.2467741935483871,0.4451612903225806,28.118279569892472,284.0,draft_scored,310,Equal-weight mean of three percentile ranks,False,28.11827956989247,284.0,24.87903225806451,290.0,27.25806451612903,280.0,32.217741935483865,259.0,31.0
19013,2024,IA,Black Hawk County,18168.0,14.2,70553.0,3,peeringdb_us_facilities_20261006T160916Z.json,2024,13.4,eia_residential_electricity_price_2024_by_state.csv,state,3,1.720922853437355,100.0,0,complete_coverage,WRI Aqueduct 4.0 baseline_annual,0.7483870967741936,0.2467741935483871,0.4516129032258064,48.225806451612904,170.0,draft_scored,310,Equal-weight mean of three percentile ranks,False,48.2258064516129,170.0,54.87903225806452,124.0,42.33870967741935,205.0,47.45967741935483,179.0,81.0
19015,2024,IA,Boone County,2136.0,8.2,80986.0,1,peeringdb_us_facilities_20261006T160916Z.json,2024,13.4,eia_residential_electricity_price_2024_by_state.csv,state,1,0.0,100.0,0,complete_coverage,WRI Aqueduct 4.0 baseline_annual,0.2129032258064516,0.2467741935483871,0.1064516129032258,18.870967741935484,304.0,draft_scored,310,Equal-weight mean of three percentile ranks,False,18.87096774193548,304.0,19.475806451612904,303.0,20.32258064516129,299.0,16.81451612903226,305.0,6.0
19019,2024,IA,Buchanan County,2169.0,10.5,81191.0,1,peeringdb_us_facilities_20261006T160916Z.json,2024,13.4,eia_residential_electricity_price_2024_by_state.csv,state,1,1.7209228534373548,100.0,0,complete_coverage,WRI Aqueduct 4.0 baseline_annual,0.4419354838709677,0.2467741935483871,0.4451612903225806,37.795698924731184,239.0,draft_scored,310,Equal-weight mean of three percentile ranks,False,37.795698924731184,239.0,39.39516129032258,224.0,34.516129032258064,246.0,39.475806451612904,218.0,28.0
19033,2024,IA,Cerro Gordo County,4336.0,10.4,73937.0,2,peeringdb_us_facilities_20261006T160916Z.json,2024,13.4,eia_residential_electricity_price_2024_by_state.csv,state,2,2.4639632305636625,100.0,0,complete_coverage,WRI Aqueduct 4.0 baseline_annual,0.4274193548387097,0.2467741935483871,0.5903225806451613,42.15053763440861,210.0,draft_scored,310,Equal-weight mean of three percentile ranks,False,42.1505376344086,210.0,42.29838709677419,206.0,37.78225806451613,232.0,46.37096774193549,184.0,48.0
19041,2024,IA,Clay County,1837.0,11.3,61530.0,1,peeringdb_us_facilities_20261006T160916Z.json,2024,13.4,eia_residential_electricity_price_2024_by_state.csv,state,1,0.1278995263148407,100.0,0,complete_coverage,WRI Aqueduct 4.0 baseline_annual,0.4983870967741935,0.2467741935483871,0.2306451612903226,32.526881720430104,272.0,draft_scored,310,Equal-weight mean of three percentile ranks,False,32.5268817204301,272.0,36.854838709677416,240.0,30.56451612903226,263.0,30.161290322580648,272.0,32.0
19049,2024,IA,Dallas County,5990.0,5.2,99683.0,1,peeringdb_us_facilities_20261006T160916Z.json,2024,13.4,eia_residential_electricity_price_2024_by_state.csv,state,1,1.544110124654721,100.0,0,complete_coverage,WRI Aqueduct 4.0 baseline_annual,0.0306451612903225,0.2467741935483871,0.4193548387096774,23.225806451612904,297.0,draft_scored,310,Equal-weight mean of three percentile ranks,False,23.2258064516129,297.0,18.185483870967737,304.0,23.588709677419352,291.0,27.90322580645161,282.0,22.0
19083,2024,IA,Hardin County,1972.0,12.5,72381.0,1,peeringdb_us_facilities_20261006T160916Z.json,2024,13.4,eia_residential_electricity_price_2024_by_state.csv,state,1,2.8073841951504885,100.0,0,complete_coverage,WRI Aqueduct 4.0 baseline_annual,0.6064516129032258,0.2467741935483871,0.65,50.10752688172043,159.0,draft_scored,310,Equal-weight mean of three percentile ranks,False,50.10752688172043,159.0,52.741935483870975,136.0,43.75,199.0,53.83064516129033,133.0,66.0
19103,2024,IA,Johnson County,26600.0,17.7,77124.0,1,peeringdb_us_facilities_20261006T160916Z.json,2024,13.4,eia_residential_electricity_price_2024_by_state.csv,state,1,2.8073841951504885,100.0,0,complete_coverage,WRI Aqueduct 4.0 baseline_annual,0.9112903225806452,0.2467741935483871,0.65,60.26881720430107,83.0,draft_scored,310,Equal-weight mean of three percentile ranks,False,60.26881720430107,83.0,67.98387096774194,54.0,51.37096774193548,153.0,61.45161290322581,87.0,99.0
19105,2024,IA,Jones County,2362.0,12.0,76093.0,1,peeringdb_us_facilities_20261006T160916Z.json,2024,13.4,eia_residential_electricity_price_2024_by_state.csv,state,1,0.3079550538654757,100.0,0,complete_coverage,WRI Aqueduct 4.0 baseline_annual,0.5532258064516129,0.2467741935483871,0.2693548387096774,35.64516129032258,254.0,draft_scored,310,Equal-weight mean of three percentile ranks,False,35.64516129032258,254.0,40.564516129032256,215.0,32.903225806451616,251.0,33.46774193548387,249.0,39.0
19113,2024,IA,Linn County,21733.0,9.6,75639.0,2,peeringdb_us_facilities_20261006T160916Z.json,2024,13.4,eia_residential_electricity_price_2024_by_state.csv,state,2,1.7209228534373548,100.0,0,complete_coverage,WRI Aqueduct 4.0 baseline_annual,0.3516129032258064,0.2467741935483871,0.4451612903225806,34.784946236559136,261.0,draft_scored,310,Equal-weight mean of three percentile ranks,False,34.784946236559136,261.0,34.87903225806451,254.0,32.25806451612903,255.0,37.21774193548387,231.0,30.0
19153,2024,IA,Polk County,51945.0,10.2,82960.0,7,peeringdb_us_facilities_20261006T160916Z.json,2024,13.4,eia_residential_electricity_price_2024_by_state.csv,state,7,1.2778397737785452,100.0,0,complete_coverage,WRI Aqueduct 4.0 baseline_annual,0.4048387096774193,0.2467741935483871,0.3935483870967742,34.83870967741935,260.0,draft_scored,310,Equal-weight mean of three percentile ranks,False,34.83870967741935,260.0,36.25,242.0,32.29838709677419,254.0,35.96774193548387,234.0,26.0
19163,2024,IA,Scott County,20217.0,11.7,78991.0,2,peeringdb_us_facilities_20261006T160916Z.json,2024,13.4,eia_residential_electricity_price_2024_by_state.csv,state,2,0.3079550538654757,100.0,0,complete_coverage,WRI Aqueduct 4.0 baseline_annual,0.535483870967742,0.2467741935483871,0.2693548387096774,35.053763440860216,258.0,draft_scored,310,Equal-weight mean of three percentile ranks,False,35.053763440860216,258.0,39.67741935483871,223.0,32.45967741935484,252.0,33.024193548387096,254.0,35.0
19193,2024,IA,Woodbury County,14179.0,13.6,76974.0,2,peeringdb_us_facilities_20261006T160916Z.json,2024,13.4,eia_residential_electricity_price_2024_by_state.csv,state,2,0.1278995263148407,100.0,0,complete_coverage,WRI Aqueduct 4.0 baseline_annual,0.7064516129032258,0.2467741935483871,0.2306451612903226,39.46236559139785,225.0,draft_scored,310,Equal-weight mean of three percentile ranks,False,39.462365591397855,225.0,47.25806451612903,174.0,35.766129032258064,242.0,35.362903225806456,239.0,68.0
20091,2024,KS,Johnson County,37366.0,6.0,109357.0,7,peeringdb_us_facilities_20261006T160916Z.json,2024,14.15,eia_residential_electricity_price_2024_by_state.csv,state,7,0.8840478389443522,100.0,0,complete_coverage,WRI Aqueduct 4.0 baseline_annual,0.0709677419354838,0.3661290322580645,0.3193548387096774,25.21505376344086,292.0,draft_scored,310,Equal-weight mean of three percentile ranks,False,25.215053763440853,292.0,20.685483870967737,300.0,28.064516129032256,275.0,26.895161290322577,286.0,25.0
20123,2024,KS,Mitchell County,547.0,9.6,68954.0,1,peeringdb_us_facilities_20261006T160916Z.json,2024,14.15,eia_residential_electricity_price_2024_by_state.csv,state,1,5.0,100.0,0,complete_coverage,WRI Aqueduct 4.0 baseline_annual,0.3516129032258064,0.3661290322580645,0.9661290322580646,56.12903225806453,118.0,draft_scored,310,Equal-weight mean of three percentile ranks,False,56.12903225806451,118.0,50.88709677419355,152.0,51.24999999999999,156.0,66.25,55.0,101.0
21015,2024,KY,Boone County,10729.0,7.5,103122.0,1,peeringdb_us_facilities_20261006T160916Z.json,2024,12.79,eia_residential_electricity_price_2024_by_state.csv,state,1,0.0,100.0,0,complete_coverage,WRI Aqueduct 4.0 baseline_annual,0.1661290322580645,0.1758064516129032,0.1064516129032258,14.946236559139784,307.0,draft_scored,310,Equal-weight mean of three percentile ranks,False,14.94623655913978,307.0,15.362903225806452,306.0,15.604838709677418,306.0,13.870967741935484,307.0,1.0
21047,2024,KY,Christian County,11517.0,17.3,56457.0,1,peeringdb_us_facilities_20261006T160916Z.json,2024,12.79,eia_residential_electricity_price_2024_by_state.csv,state,1,0.0,100.0,0,complete_coverage,WRI Aqueduct 4.0 baseline_annual,0.8983870967741936,0.1758064516129032,0.1064516129032258,39.35483870967742,226.0,draft_scored,310,Equal-weight mean of three percentile ranks,False,39.354838709677416,226.0,51.975806451612904,146.0,33.91129032258065,248.0,32.17741935483871,260.0,114.0
21067,2024,KY,Fayette County,40392.0,12.7,71046.0,1,peeringdb_us_facilities_20261006T160916Z.json,2024,12.79,eia_residential_electricity_price_2024_by_state.csv,state,1,2.503726932082936,100.0,0,complete_coverage,WRI Aqueduct 4.0 baseline_annual,0.6403225806451613,0.1758064516129032,0.5967741935483871,47.09677419354839,178.0,draft_scored,310,Equal-weight mean of three percentile ranks,False,47.096774193548384,178.0,51.33064516129032,151.0,39.71774193548387,226.0,50.24193548387097,162.0,75.0
21071,2024,KY,Floyd County,9319.0,27.7,44735.0,1,peeringdb_us_facilities_20261006T160916Z.json,2024,12.79,eia_residential_electricity_price_2024_by_state.csv,state,1,2.8543134483068524,100.0,0,complete_coverage,WRI Aqueduct 4.0 baseline_annual,0.9935483870967742,0.1758064516129032,0.7129032258064516,62.74193548387097,68.0,draft_scored,310,Equal-weight mean of three percentile ranks,False,62.74193548387097,68.0,71.89516129032259,34.0,51.45161290322581,151.0,64.87903225806451,64.0,117.0
21111,2024,KY,Jefferson County,113730.0,14.6,70659.0,4,peeringdb_us_facilities_20261006T160916Z.json,2024,12.79,eia_residential_electricity_price_2024_by_state.csv,state,4,0.0,100.0,0,complete_coverage,WRI Aqueduct 4.0 baseline_annual,0.7774193548387097,0.1758064516129032,0.1064516129032258,35.32258064516129,256.0,draft_scored,310,Equal-weight mean of three percentile ranks,False,35.32258064516129,256.0,45.92741935483871,180.0,30.887096774193544,262.0,29.15322580645161,275.0,95.0
21141,2024,KY,Logan County,4952.0,17.7,60406.0,1,peeringdb_us_facilities_20261006T160916Z.json,2024,12.79,eia_residential_electricity_price_2024_by_state.csv,state,1,2.081361533188705,100.0,0,complete_coverage,WRI Aqueduct 4.0 baseline_annual,0.9112903225806452,0.1758064516129032,0.5080645161290323,53.17204301075269,144.0,draft_scored,310,Equal-weight mean of three percentile ranks,False,53.17204301075269,144.0,62.661290322580655,72.0,44.274193548387096,196.0,52.58064516129033,143.0,124.0
21145,2024,KY,McCracken County,9245.0,13.9,64076.0,1,peeringdb_us_facilities_20261006T160916Z.json,2024,12.79,eia_residential_electricity_price_2024_by_state.csv,state,1,0.0,100.0,0,complete_coverage,WRI Aqueduct 4.0 baseline_annual,0.7225806451612903,0.1758064516129032,0.1064516129032258,33.49462365591398,269.0,draft_scored,310,Equal-weight mean of three percentile ranks,False,33.494623655913976,269.0,43.18548387096774,198.0,29.516129032258064,269.0,27.782258064516128,284.0,86.0
21227,2024,KY,Warren County,21740.0,15.3,67824.0,1,peeringdb_us_facilities_20261006T160916Z.json,2024,12.79,eia_residential_electricity_price_2024_by_state.csv,state,1,2.081361533188705,100.0,0,complete_coverage,WRI Aqueduct 4.0 baseline_annual,0.8096774193548387,0.1758064516129032,0.5080645161290323,49.78494623655914,163.0,draft_scored,310,Equal-weight mean of three percentile ranks,False,49.784946236559136,163.0,57.58064516129032,102.0,41.73387096774193,208.0,50.04032258064516,164.0,106.0
22017,2024,LA,Caddo Parish,48753.0,22.1,53110.0,1,peeringdb_us_facilities_20261006T160916Z.json,2024,11.73,eia_residential_electricity_price_2024_by_state.csv,state,1,0.0,100.0,0,complete_coverage,WRI Aqueduct 4.0 baseline_annual,0.9741935483870968,0.0387096774193548,0.1064516129032258,37.31182795698925,244.0,draft_scored,310,Equal-weight mean of three percentile ranks,False,37.31182795698924,245.0,52.33870967741936,142.0,28.951612903225804,272.0,30.64516129032258,267.0,130.0
22033,2024,LA,East Baton Rouge Parish,97004.0,22.2,64198.0,3,peeringdb_us_facilities_20261006T160916Z.json,2024,11.73,eia_residential_electricity_price_2024_by_state.csv,state,3,2.442071416276206,100.0,0,complete_coverage,WRI Aqueduct 4.0 baseline_annual,0.9806451612903224,0.0387096774193548,0.582258064516129,53.387096774193544,141.0,draft_scored,310,Equal-weight mean of three percentile ranks,False,53.38709677419353,142.0,64.55645161290322,67.0,41.008064516129025,212.0,54.596774193548384,125.0,145.0
22051,2024,LA,Jefferson Parish,72304.0,17.1,63692.0,1,peeringdb_us_facilities_20261006T160916Z.json,2024,11.73,eia_residential_electricity_price_2024_by_state.csv,state,1,0.0,100.0,0,complete_coverage,WRI Aqueduct 4.0 baseline_annual,0.8935483870967742,0.0387096774193548,0.1064516129032258,34.62365591397849,263.0,draft_scored,310,Equal-weight mean of three percentile ranks,False,34.62365591397849,263.0,48.306451612903224,169.0,26.93548387096774,281.0,28.629032258064512,277.0,112.0
22071,2024,LA,Orleans Parish,74209.0,21.3,57897.0,1,peeringdb_us_facilities_20261006T160916Z.json,2024,11.73,eia_residential_electricity_price_2024_by_state.csv,state,1,0.0,100.0,0,complete_coverage,WRI Aqueduct 4.0 baseline_annual,0.9629032258064516,0.0387096774193548,0.1064516129032258,36.935483870967744,249.0,draft_scored,310,Equal-weight mean of three percentile ranks,False,36.93548387096774,249.0,51.774193548387096,148.0,28.669354838709676,274.0,30.36290322580645,270.0,126.0
22103,2024,LA,St. Tammany Parish,28095.0,10.2,84478.0,1,peeringdb_us_facilities_20261006T160916Z.json,2024,11.73,eia_residential_electricity_price_2024_by_state.csv,state,1,2.442071416276206,100.0,0,complete_coverage,WRI Aqueduct 4.0 baseline_annual,0.4048387096774193,0.0387096774193548,0.582258064516129,34.193548387096776,266.0,draft_scored,310,Equal-weight mean of three percentile ranks,False,34.193548387096776,266.0,35.766129032258064,249.0,26.61290322580645,283.0,40.2016129032258,215.0,68.0
23005,2024,ME,Cumberland County,24225.0,8.0,93949.0,3,peeringdb_us_facilities_20261006T160916Z.json,2024,24.29,eia_residential_electricity_price_2024_by_state.csv,state,3,1.1697241568740009,100.0,0,complete_coverage,WRI Aqueduct 4.0 baseline_annual,0.2,0.8370967741935483,0.3870967741935484,47.473118279569896,174.0,draft_scored,310,Equal-weight mean of three percentile ranks,False,47.47311827956989,174.0,40.604838709677416,214.0,56.53225806451613,120.0,45.28225806451613,190.0,94.0
23019,2024,ME,Penobscot County,21282.0,14.2,66158.0,1,peeringdb_us_facilities_20261006T160916Z.json,2024,24.29,eia_residential_electricity_price_2024_by_state.csv,state,1,0.0,100.0,0,complete_coverage,WRI Aqueduct 4.0 baseline_annual,0.7483870967741936,0.8370967741935483,0.1064516129032258,56.39784946236559,114.0,draft_scored,310,Equal-weight mean of three percentile ranks,False,56.39784946236559,114.0,61.00806451612903,83.0,63.2258064516129,75.0,44.95967741935484,194.0,119.0
24003,2024,MD,Anne Arundel County,39079.0,6.6,127042.0,3,peeringdb_us_facilities_20261006T160916Z.json,2024,17.86,eia_residential_electricity_price_2024_by_state.csv,state,3,1.126947793433607,100.0,0,complete_coverage,WRI Aqueduct 4.0 baseline_annual,0.1048387096774193,0.7564516129032258,0.3709677419354839,41.07526881720431,215.0,draft_scored,310,Equal-weight mean of three percentile ranks,False,41.0752688172043,215.0,33.427419354838705,262.0,49.71774193548387,167.0,40.08064516129032,216.0,95.0
24005,2024,MD,Baltimore County,76854.0,9.3,87865.0,1,peeringdb_us_facilities_20261006T160916Z.json,2024,17.86,eia_residential_electricity_price_2024_by_state.csv,state,1,1.126947793433607,100.0,0,complete_coverage,WRI Aqueduct 4.0 baseline_annual,0.3225806451612903,0.7564516129032258,0.3709677419354839,48.33333333333334,169.0,draft_scored,310,Equal-weight mean of three percentile ranks,False,48.33333333333333,169.0,44.314516129032256,191.0,55.16129032258065,130.0,45.524193548387096,188.0,61.0
24027,2024,MD,Howard County,18549.0,5.5,149980.0,1,peeringdb_us_facilities_20261006T160916Z.json,2024,17.86,eia_residential_electricity_price_2024_by_state.csv,state,1,1.126947793433607,100.0,0,complete_coverage,WRI Aqueduct 4.0 baseline_annual,0.0435483870967741,0.7564516129032258,0.3709677419354839,39.03225806451613,229.0,draft_scored,310,Equal-weight mean of three percentile ranks,False,39.03225806451612,229.0,30.36290322580645,274.0,48.18548387096774,179.0,38.54838709677419,224.0,95.0
24031,2024,MD,Montgomery County,80053.0,7.5,138870.0,5,peeringdb_us_facilities_20261006T160916Z.json,2024,17.86,eia_residential_electricity_price_2024_by_state.csv,state,5,0.7394916844060797,100.0,0,complete_coverage,WRI Aqueduct 4.0 baseline_annual,0.1661290322580645,0.7564516129032258,0.3096774193548387,41.07526881720431,215.0,draft_scored,310,Equal-weight mean of three percentile ranks,False,41.0752688172043,215.0,34.95967741935484,253.0,49.71774193548387,167.0,38.54838709677419,224.0,86.0
24033,2024,MD,Prince George's County,98134.0,10.4,97634.0,3,peeringdb_us_facilities_20261006T160916Z.json,2024,17.86,eia_residential_electricity_price_2024_by_state.csv,state,3,1.126947793433607,100.0,0,complete_coverage,WRI Aqueduct 4.0 baseline_annual,0.4274193548387097,0.7564516129032258,0.3709677419354839,51.827956989247305,150.0,draft_scored,310,Equal-weight mean of three percentile ranks,False,51.82795698924731,150.0,49.55645161290323,160.0,57.782258064516135,108.0,48.14516129032258,175.0,67.0
24510,2024,MD,Baltimore city,98801.0,18.0,63451.0,5,peeringdb_us_facilities_20261006T160916Z.json,2024,17.86,eia_residential_electricity_price_2024_by_state.csv,state,5,1.126947793433607,100.0,0,complete_coverage,WRI Aqueduct 4.0 baseline_annual,0.920967741935484,0.7564516129032258,0.3709677419354839,68.27956989247312,40.0,draft_scored,310,Equal-weight mean of three percentile ranks,False,68.27956989247312,40.0,74.23387096774195,25.0,70.12096774193549,33.0,60.48387096774195,95.0,70.0
25009,2024,MA,Essex County,75373.0,9.3,102044.0,3,peeringdb_us_facilities_20261006T160916Z.json,2024,29.35,eia_residential_electricity_price_2024_by_state.csv,state,3,1.9975519927232224,100.0,0,complete_coverage,WRI Aqueduct 4.0 baseline_annual,0.3225806451612903,0.9419354838709676,0.4870967741935484,58.387096774193544,94.0,draft_scored,310,Equal-weight mean of three percentile ranks,False,58.38709677419354,94.0,51.85483870967742,147.0,67.33870967741935,49.0,55.96774193548387,115.0,98.0
25013,2024,MA,Hampden County,72287.0,16.0,71287.0,4,peeringdb_us_facilities_20261006T160916Z.json,2024,29.35,eia_residential_electricity_price_2024_by_state.csv,state,4,1.2883073190179355,100.0,0,complete_coverage,WRI Aqueduct 4.0 baseline_annual,0.8403225806451613,0.9419354838709676,0.3983870967741935,72.68817204301075,24.0,draft_scored,310,Equal-weight mean of three percentile ranks,False,72.68817204301075,24.0,75.5241935483871,18.0,78.06451612903224,15.0,64.47580645161291,69.0,54.0
25017,2024,MA,Middlesex County,125561.0,7.8,132599.0,17,peeringdb_us_facilities_20261006T160916Z.json,2024,29.35,eia_residential_electricity_price_2024_by_state.csv,state,17,2.10417827209609,100.0,0,complete_coverage,WRI Aqueduct 4.0 baseline_annual,0.182258064516129,0.9419354838709676,0.5161290322580645,54.677419354838705,130.0,draft_scored,310,Equal-weight mean of three percentile ranks,False,54.6774193548387,130.0,45.56451612903225,184.0,64.55645161290322,67.0,53.91129032258064,132.0,117.0
25021,2024,MA,Norfolk County,46572.0,6.4,137533.0,2,peeringdb_us_facilities_20261006T160916Z.json,2024,29.35,eia_residential_electricity_price_2024_by_state.csv,state,2,2.188356913706249,100.0,0,complete_coverage,WRI Aqueduct 4.0 baseline_annual,0.0967741935483871,0.9419354838709676,0.5419354838709678,52.68817204301075,147.0,draft_scored,310,Equal-weight mean of three percentile ranks,False,52.68817204301075,147.0,41.93548387096774,209.0,63.064516129032256,77.0,53.064516129032256,138.0,132.0
25023,2024,MA,Plymouth County,38938.0,7.3,111910.0,1,peeringdb_us_facilities_20261006T160916Z.json,2024,29.35,eia_residential_electricity_price_2024_by_state.csv,state,1,2.188356913706249,100.0,0,complete_coverage,WRI Aqueduct 4.0 baseline_annual,0.1580645161290322,0.9419354838709676,0.5419354838709678,54.73118279569892,129.0,draft_scored,310,Equal-weight mean of three percentile ranks,False,54.73118279569892,128.0,44.99999999999999,189.0,64.59677419354838,66.0,54.596774193548384,125.0,123.0
25025,2024,MA,Suffolk County,115866.0,15.5,95174.0,4,peeringdb_us_facilities_20261006T160916Z.json,2024,29.35,eia_residential_electricity_price_2024_by_state.csv,state,4,2.188356913706249,100.0,0,complete_coverage,WRI Aqueduct 4.0 baseline_annual,0.8241935483870968,0.9419354838709676,0.5419354838709678,76.93548387096774,15.0,draft_scored,310,Equal-weight mean of three percentile ranks,False,76.93548387096773,15.0,78.30645161290323,11.0,81.25,10.0,71.25,29.0,19.0
25027,2024,MA,Worcester County,81907.0,9.6,96005.0,5,peeringdb_us_facilities_20261006T160916Z.json,2024,29.35,eia_residential_electricity_price_2024_by_state.csv,state,5,1.9593910085266169,100.0,0,complete_coverage,WRI Aqueduct 4.0 baseline_annual,0.3516129032258064,0.9419354838709676,0.4741935483870967,58.924731182795696,92.0,draft_scored,310,Equal-weight mean of three percentile ranks,False,58.92473118279569,92.0,52.98387096774193,135.0,67.74193548387096,45.0,56.048387096774185,114.0,90.0
26027,2024,MI,Cass County,6456.0,12.7,69579.0,1,peeringdb_us_facilities_20261006T160916Z.json,2024,19.3,eia_residential_electricity_price_2024_by_state.csv,state,1,0.0,100.0,0,complete_coverage,WRI Aqueduct 4.0 baseline_annual,0.6403225806451613,0.7790322580645161,0.1064516129032258,50.86021505376345,154.0,draft_scored,310,Equal-weight mean of three percentile ranks,False,50.86021505376343,155.0,54.15322580645161,129.0,57.62096774193548,112.0,40.806451612903224,211.0,99.0
26045,2024,MI,Eaton County,8864.0,8.2,80080.0,1,peeringdb_us_facilities_20261006T160916Z.json,2024,19.3,eia_residential_electricity_price_2024_by_state.csv,state,1,0.0,100.0,0,complete_coverage,WRI Aqueduct 4.0 baseline_annual,0.2129032258064516,0.7790322580645161,0.1064516129032258,36.612903225806456,251.0,draft_scored,310,Equal-weight mean of three percentile ranks,False,36.61290322580644,251.0,32.78225806451613,266.0,46.935483870967744,183.0,30.120967741935484,273.0,90.0
26061,2024,MI,Houghton County,5953.0,17.4,55547.0,1,peeringdb_us_facilities_20261006T160916Z.json,2024,19.3,eia_residential_electricity_price_2024_by_state.csv,state,1,0.0,100.0,0,complete_coverage,WRI Aqueduct 4.0 baseline_annual,0.9048387096774192,0.7790322580645161,0.1064516129032258,59.67741935483871,85.0,draft_scored,310,Equal-weight mean of three percentile ranks,False,59.677419354838705,86.0,67.37903225806451,55.0,64.23387096774194,69.0,47.41935483870967,180.0,125.0
26077,2024,MI,Kalamazoo County,29871.0,11.6,72071.0,1,peeringdb_us_facilities_20261006T160916Z.json,2024,19.3,eia_residential_electricity_price_2024_by_state.csv,state,1,2.671208037573646,100.0,0,complete_coverage,WRI Aqueduct 4.0 baseline_annual,0.5258064516129032,0.7790322580645161,0.6193548387096774,64.13978494623656,58.0,draft_scored,310,Equal-weight mean of three percentile ranks,False,64.13978494623656,58.0,61.25000000000001,80.0,67.58064516129032,47.0,63.58870967741935,76.0,33.0
26081,2024,MI,Kent County,60909.0,9.2,80768.0,3,peeringdb_us_facilities_20261006T160916Z.json,2024,19.3,eia_residential_electricity_price_2024_by_state.csv,state,3,0.0,100.0,0,complete_coverage,WRI Aqueduct 4.0 baseline_annual,0.314516129032258,0.7790322580645161,0.1064516129032258,40.0,224.0,draft_scored,310,Equal-weight mean of three percentile ranks,False,39.99999999999999,224.0,37.86290322580645,235.0,49.475806451612904,170.0,32.66129032258064,257.0,87.0
26125,2024,MI,Oakland County,98067.0,7.6,99070.0,12,peeringdb_us_facilities_20261006T160916Z.json,2024,19.3,eia_residential_electricity_price_2024_by_state.csv,state,12,0.4342048566734225,100.0,0,complete_coverage,WRI Aqueduct 4.0 baseline_annual,0.1741935483870967,0.7790322580645161,0.3032258064516129,41.88172043010752,212.0,draft_scored,310,Equal-weight mean of three percentile ranks,False,41.88172043010752,212.0,35.76612903225806,250.0,50.88709677419354,161.0,38.99193548387097,222.0,89.0
26161,2024,MI,Washtenaw County,49125.0,13.9,90907.0,1,peeringdb_us_facilities_20261006T160916Z.json,2024,19.3,eia_residential_electricity_price_2024_by_state.csv,state,1,3.530514924286732,100.0,0,complete_coverage,WRI Aqueduct 4.0 baseline_annual,0.7225806451612903,0.7790322580645161,0.8129032258064516,77.15053763440861,14.0,draft_scored,310,Equal-weight mean of three percentile ranks,False,77.15053763440861,14.0,75.9274193548387,15.0,77.33870967741936,18.0,78.18548387096773,16.0,4.0
26163,2024,MI,Wayne County,386973.0,22.1,59484.0,3,peeringdb_us_facilities_20261006T160916Z.json,2024,19.3,eia_residential_electricity_price_2024_by_state.csv,state,3,0.0,100.0,0,complete_coverage,WRI Aqueduct 4.0 baseline_annual,0.9741935483870968,0.7790322580645161,0.1064516129032258,61.98924731182797,73.0,draft_scored,310,Equal-weight mean of three percentile ranks,False,61.98924731182795,73.0,70.84677419354838,40.0,65.96774193548387,56.0,49.153225806451616,167.0,127.0
27003,2024,MN,Anoka County,25712.0,6.9,100616.0,1,peeringdb_us_facilities_20261006T160916Z.json,2024,15.45,eia_residential_electricity_price_2024_by_state.csv,state,1,3.459892862170365,100.0,0,complete_coverage,WRI Aqueduct 4.0 baseline_annual,0.1274193548387096,0.6112903225806452,0.8064516129032258,51.50537634408602,152.0,draft_scored,310,Equal-weight mean of three percentile ranks,False,51.50537634408602,152.0,41.814516129032256,211.0,53.91129032258064,137.0,58.79032258064516,105.0,106.0
27019,2024,MN,Carver County,5239.0,4.7,128341.0,2,peeringdb_us_facilities_20261006T160916Z.json,2024,15.45,eia_residential_electricity_price_2024_by_state.csv,state,2,1.0473229796305166,100.0,0,complete_coverage,WRI Aqueduct 4.0 baseline_annual,0.0225806451612903,0.6112903225806452,0.3403225806451613,32.473118279569896,273.0,draft_scored,310,Equal-weight mean of three percentile ranks,False,32.47311827956989,273.0,24.91935483870968,289.0,39.637096774193544,227.0,32.86290322580645,256.0,62.0
27027,2024,MN,Clay County,7116.0,11.2,81226.0,1,peeringdb_us_facilities_20261006T160916Z.json,2024,15.45,eia_residential_electricity_price_2024_by_state.csv,state,1,2.09775257504817,100.0,0,complete_coverage,WRI Aqueduct 4.0 baseline_annual,0.4870967741935484,0.6112903225806452,0.5129032258064516,53.70967741935484,137.0,draft_scored,310,Equal-weight mean of three percentile ranks,False,53.70967741935484,137.0,52.45967741935485,139.0,55.564516129032256,125.0,53.104838709677416,137.0,14.0
27037,2024,MN,Dakota County,31798.0,7.1,105495.0,1,peeringdb_us_facilities_20261006T160916Z.json,2024,15.45,eia_residential_electricity_price_2024_by_state.csv,state,1,0.0,100.0,0,complete_coverage,WRI Aqueduct 4.0 baseline_annual,0.1403225806451613,0.6112903225806452,0.1064516129032258,28.60215053763441,282.0,draft_scored,310,Equal-weight mean of three percentile ranks,False,28.602150537634408,282.0,24.95967741935484,288.0,36.733870967741936,238.0,24.112903225806452,292.0,54.0
27047,2024,MN,Freeborn County,3375.0,11.3,69863.0,1,peeringdb_us_facilities_20261006T160916Z.json,2024,15.45,eia_residential_electricity_price_2024_by_state.csv,state,1,3.456348810109186,100.0,0,complete_coverage,WRI Aqueduct 4.0 baseline_annual,0.4983870967741935,0.6112903225806452,0.8032258064516129,63.763440860215056,61.0,draft_scored,310,Equal-weight mean of three percentile ranks,False,63.76344086021505,61.0,60.28225806451613,88.0,63.10483870967742,76.0,67.9032258064516,48.0,40.0
27053,2024,MN,Hennepin County,119337.0,9.5,95372.0,19,peeringdb_us_facilities_20261006T160916Z.json,2024,15.45,eia_residential_electricity_price_2024_by_state.csv,state,19,3.078960775453546,100.0,0,complete_coverage,WRI Aqueduct 4.0 baseline_annual,0.3370967741935484,0.6112903225806452,0.7387096774193549,56.236559139784944,116.0,draft_scored,310,Equal-weight mean of three percentile ranks,False,56.236559139784944,116.0,50.60483870967742,154.0,57.45967741935485,113.0,60.64516129032258,93.0,61.0
27109,2024,MN,Olmsted County,11111.0,6.8,94129.0,2,peeringdb_us_facilities_20261006T160916Z.json,2024,15.45,eia_residential_electricity_price_2024_by_state.csv,state,2,0.9976903982245244,100.0,0,complete_coverage,WRI Aqueduct 4.0 baseline_annual,0.1209677419354838,0.6112903225806452,0.3290322580645161,35.376344086021504,255.0,draft_scored,310,Equal-weight mean of three percentile ranks,False,35.376344086021504,255.0,29.556451612903224,276.0,41.814516129032256,207.0,34.758064516129025,245.0,69.0
27119,2024,MN,Polk County,3863.0,13.2,75047.0,1,peeringdb_us_facilities_20261006T160916Z.json,2024,15.45,eia_residential_electricity_price_2024_by_state.csv,state,1,1.5261630059587752,100.0,0,complete_coverage,WRI Aqueduct 4.0 baseline_annual,0.6741935483870968,0.6112903225806452,0.414516129032258,56.66666666666668,111.0,draft_scored,310,Equal-weight mean of three percentile ranks,False,56.666666666666664,111.0,59.354838709677416,92.0,57.782258064516135,108.0,52.86290322580645,141.0,49.0
27123,2024,MN,Ramsey County,70320.0,13.3,78562.0,1,peeringdb_us_facilities_20261006T160916Z.json,2024,15.45,eia_residential_electricity_price_2024_by_state.csv,state,1,0.0,100.0,0,complete_coverage,WRI Aqueduct 4.0 baseline_annual,0.6854838709677419,0.6112903225806452,0.1064516129032258,46.7741935483871,179.0,draft_scored,310,Equal-weight mean of three percentile ranks,False,46.774193548387096,179.0,52.21774193548387,144.0,50.362903225806456,163.0,37.74193548387097,228.0,84.0
27137,2024,MN,St. Louis County,24564.0,12.7,69200.0,3,peeringdb_us_facilities_20261006T160916Z.json,2024,15.45,eia_residential_electricity_price_2024_by_state.csv,state,3,2.165410780200298,100.0,0,complete_coverage,WRI Aqueduct 4.0 baseline_annual,0.6403225806451613,0.6112903225806452,0.532258064516129,59.46236559139785,88.0,draft_scored,310,Equal-weight mean of three percentile ranks,False,59.46236559139785,88.0,60.60483870967742,86.0,59.87903225806453,101.0,57.903225806451616,108.0,22.0
27139,2024,MN,Scott County,8303.0,5.3,121666.0,2,peeringdb_us_facilities_20261006T160916Z.json,2024,15.45,eia_residential_electricity_price_2024_by_state.csv,state,2,1.0473229796305166,100.0,0,complete_coverage,WRI Aqueduct 4.0 baseline_annual,0.0354838709677419,0.6112903225806452,0.3403225806451613,32.903225806451616,270.0,draft_scored,310,Equal-weight mean of three percentile ranks,False,32.90322580645161,270.0,25.564516129032256,286.0,39.95967741935484,223.0,33.185483870967744,251.0,63.0
27147,2024,MN,Steele County,3079.0,8.3,83225.0,1,peeringdb_us_facilities_20261006T160916Z.json,2024,15.45,eia_residential_electricity_price_2024_by_state.csv,state,1,0.3808716947105708,100.0,0,complete_coverage,WRI Aqueduct 4.0 baseline_annual,0.2225806451612903,0.6112903225806452,0.2870967741935484,37.36559139784947,242.0,draft_scored,310,Equal-weight mean of three percentile ranks,False,37.365591397849464,242.0,33.58870967741935,260.0,43.30645161290323,203.0,35.20161290322581,242.0,57.0
28105,2024,MS,Oktibbeha County,8985.0,19.4,54391.0,1,peeringdb_us_facilities_20261006T160916Z.json,2024,13.39,eia_residential_electricity_price_2024_by_state.csv,state,1,1.6640104621990734,100.0,0,complete_coverage,WRI Aqueduct 4.0 baseline_annual,0.9483870967741936,0.2225806451612903,0.432258064516129,53.44086021505375,140.0,draft_scored,310,Equal-weight mean of three percentile ranks,False,53.44086021505377,140.0,63.79032258064517,70.0,45.64516129032258,188.0,50.88709677419355,155.0,118.0
29047,2024,MO,Clay County,23262.0,8.9,88044.0,4,peeringdb_us_facilities_20261006T160916Z.json,2024,12.91,eia_residential_electricity_price_2024_by_state.csv,state,4,0.0,100.0,0,complete_coverage,WRI Aqueduct 4.0 baseline_annual,0.2870967741935484,0.2112903225806451,0.1064516129032258,20.161290322580648,302.0,draft_scored,310,Equal-weight mean of three percentile ranks,False,20.161290322580644,302.0,22.298387096774192,298.0,20.40322580645161,298.0,17.782258064516128,304.0,6.0
29077,2024,MO,Greene County,31304.0,10.5,66286.0,1,peeringdb_us_facilities_20261006T160916Z.json,2024,12.91,eia_residential_electricity_price_2024_by_state.csv,state,1,3.2604451435158817,100.0,0,complete_coverage,WRI Aqueduct 4.0 baseline_annual,0.4419354838709677,0.2112903225806451,0.7709677419354839,47.473118279569896,174.0,draft_scored,310,Equal-weight mean of three percentile ranks,False,47.47311827956988,175.0,46.65322580645161,179.0,40.887096774193544,214.0,54.87903225806452,123.0,91.0
29095,2024,MO,Jackson County,102524.0,14.3,70661.0,10,peeringdb_us_facilities_20261006T160916Z.json,2024,12.91,eia_residential_electricity_price_2024_by_state.csv,state,10,0.371300092356628,100.0,0,complete_coverage,WRI Aqueduct 4.0 baseline_annual,0.7629032258064516,0.2112903225806451,0.2838709677419355,41.935483870967744,211.0,draft_scored,310,Equal-weight mean of three percentile ranks,False,41.93548387096774,211.0,50.524193548387096,155.0,36.733870967741936,238.0,38.54838709677419,224.0,83.0
29165,2024,MO,Platte County,6128.0,5.5,92305.0,1,peeringdb_us_facilities_20261006T160916Z.json,2024,12.91,eia_residential_electricity_price_2024_by_state.csv,state,1,0.0,100.0,0,complete_coverage,WRI Aqueduct 4.0 baseline_annual,0.0435483870967741,0.2112903225806451,0.1064516129032258,12.043010752688172,308.0,draft_scored,310,Equal-weight mean of three percentile ranks,False,12.043010752688165,308.0,10.120967741935477,309.0,14.314516129032251,308.0,11.693548387096769,309.0,1.0
29189,2024,MO,St. Louis County,94953.0,9.8,84109.0,1,peeringdb_us_facilities_20261006T160916Z.json,2024,12.91,eia_residential_electricity_price_2024_by_state.csv,state,1,0.0,100.0,0,complete_coverage,WRI Aqueduct 4.0 baseline_annual,0.3741935483870968,0.2112903225806451,0.1064516129032258,23.064516129032256,298.0,draft_scored,310,Equal-weight mean of three percentile ranks,False,23.064516129032253,298.0,26.65322580645161,285.0,22.58064516129032,294.0,19.959677419354836,301.0,16.0
29510,2024,MO,St. Louis city,59239.0,21.8,53962.0,8,peeringdb_us_facilities_20261006T160916Z.json,2024,12.91,eia_residential_electricity_price_2024_by_state.csv,state,8,0.0,100.0,0,complete_coverage,WRI Aqueduct 4.0 baseline_annual,0.967741935483871,0.2112903225806451,0.1064516129032258,42.8494623655914,205.0,draft_scored,310,Equal-weight mean of three percentile ranks,False,42.84946236559139,205.0,56.33064516129033,114.0,37.41935483870967,235.0,34.79838709677419,244.0,130.0
30031,2024,MT,Gallatin County,8720.0,7.1,100953.0,2,peeringdb_us_facilities_20261006T160916Z.json,2024,12.66,eia_residential_electricity_price_2024_by_state.csv,state,2,2.7611022836360384,100.0,0,complete_coverage,WRI Aqueduct 4.0 baseline_annual,0.1403225806451613,0.1564516129032258,0.6387096774193548,31.182795698924732,275.0,draft_scored,310,Equal-weight mean of three percentile ranks,False,31.182795698924725,275.0,26.895161290322577,282.0,27.298387096774192,279.0,39.35483870967742,220.0,62.0
30063,2024,MT,Missoula County,11021.0,9.2,76277.0,1,peeringdb_us_facilities_20261006T160916Z.json,2024,12.66,eia_residential_electricity_price_2024_by_state.csv,state,1,0.8887072218878065,100.0,0,complete_coverage,WRI Aqueduct 4.0 baseline_annual,0.314516129032258,0.1564516129032258,0.3225806451612903,26.4516129032258,289.0,draft_scored,310,Equal-weight mean of three percentile ranks,False,26.4516129032258,289.0,27.701612903225804,281.0,23.75,290.0,27.90322580645161,282.0,9.0
30087,2024,MT,Rosebud County,1322.0,16.3,70245.0,1,peeringdb_us_facilities_20261006T160916Z.json,2024,12.66,eia_residential_electricity_price_2024_by_state.csv,state,1,0.0,100.0,0,complete_coverage,WRI Aqueduct 4.0 baseline_annual,0.853225806451613,0.1564516129032258,0.1064516129032258,37.204301075268816,246.0,draft_scored,310,Equal-weight mean of three percentile ranks,False,37.204301075268816,246.0,49.233870967741936,162.0,31.814516129032256,259.0,30.56451612903226,268.0,106.0
30111,2024,MT,Yellowstone County,14006.0,8.3,77321.0,4,peeringdb_us_facilities_20261006T160916Z.json,2024,12.66,eia_residential_electricity_price_2024_by_state.csv,state,4,2.899958208579291,100.0,0,complete_coverage,WRI Aqueduct 4.0 baseline_annual,0.2225806451612903,0.1564516129032258,0.7225806451612903,36.72043010752688,250.0,draft_scored,310,Equal-weight mean of three percentile ranks,False,36.72043010752688,250.0,33.10483870967742,264.0,31.4516129032258,260.0,45.60483870967742,187.0,77.0
31055,2024,NE,Douglas County,69272.0,11.8,80742.0,3,peeringdb_us_facilities_20261006T160916Z.json,2024,11.53,eia_residential_electricity_price_2024_by_state.csv,state,3,0.1278995263148407,100.0,0,complete_coverage,WRI Aqueduct 4.0 baseline_annual,0.5467741935483871,0.0258064516129032,0.2306451612903226,26.7741935483871,287.0,draft_scored,310,Equal-weight mean of three percentile ranks,False,26.774193548387093,287.0,33.75,259.0,20.7258064516129,297.0,25.846774193548384,287.0,38.0
31109,2024,NE,Lancaster County,37861.0,11.8,76062.0,2,peeringdb_us_facilities_20261006T160916Z.json,2024,11.53,eia_residential_electricity_price_2024_by_state.csv,state,2,0.7478789874496858,100.0,0,complete_coverage,WRI Aqueduct 4.0 baseline_annual,0.5467741935483871,0.0258064516129032,0.3129032258064516,29.516129032258064,278.0,draft_scored,310,Equal-weight mean of three percentile ranks,False,29.516129032258064,278.0,35.806451612903224,248.0,22.782258064516125,292.0,29.959677419354836,274.0,44.0
31153,2024,NE,Sarpy County,11707.0,5.8,102043.0,5,peeringdb_us_facilities_20261006T160916Z.json,2024,11.53,eia_residential_electricity_price_2024_by_state.csv,state,5,0.1278995263148407,100.0,0,complete_coverage,WRI Aqueduct 4.0 baseline_annual,0.0564516129032258,0.0258064516129032,0.2306451612903226,10.430107526881722,310.0,draft_scored,310,Equal-weight mean of three percentile ranks,False,10.430107526881718,310.0,9.233870967741934,310.0,8.467741935483868,309.0,13.588709677419352,308.0,2.0
32003,2024,NV,Clark County,296097.0,12.5,80047.0,7,peeringdb_us_facilities_20261006T160916Z.json,2024,15.0,eia_residential_electricity_price_2024_by_state.csv,state,7,0.6701146863701558,100.0,0,complete_coverage,WRI Aqueduct 4.0 baseline_annual,0.6064516129032258,0.567741935483871,0.3064516129032258,49.35483870967742,165.0,draft_scored,310,Equal-weight mean of three percentile ranks,False,49.354838709677416,165.0,52.17741935483872,145.0,51.20967741935484,157.0,44.67741935483871,195.0,50.0
32029,2024,NV,Storey County,294.0,7.2,92548.0,2,peeringdb_us_facilities_20261006T160916Z.json,2024,15.0,eia_residential_electricity_price_2024_by_state.csv,state,2,3.082519184213296,100.0,0,complete_coverage,WRI Aqueduct 4.0 baseline_annual,0.1516129032258064,0.567741935483871,0.7435483870967742,48.76344086021505,168.0,draft_scored,310,Equal-weight mean of three percentile ranks,False,48.76344086021505,168.0,40.36290322580645,216.0,50.766129032258064,162.0,55.16129032258063,121.0,95.0
32031,2024,NV,Washoe County,47251.0,9.4,91178.0,3,peeringdb_us_facilities_20261006T160916Z.json,2024,15.0,eia_residential_electricity_price_2024_by_state.csv,state,3,3.082519184213296,100.0,0,complete_coverage,WRI Aqueduct 4.0 baseline_annual,0.3306451612903225,0.567741935483871,0.7435483870967742,54.73118279569893,128.0,draft_scored,310,Equal-weight mean of three percentile ranks,False,54.73118279569892,128.0,49.314516129032256,161.0,55.24193548387096,129.0,59.637096774193544,99.0,62.0
33011,2024,NH,Hillsborough County,29420.0,7.0,105060.0,4,peeringdb_us_facilities_20261006T160916Z.json,2024,23.4,eia_residential_electricity_price_2024_by_state.csv,state,4,1.9021495322317088,100.0,0,complete_coverage,WRI Aqueduct 4.0 baseline_annual,0.132258064516129,0.832258064516129,0.4709677419354838,47.8494623655914,172.0,draft_scored,310,Equal-weight mean of three percentile ranks,False,47.849462365591386,172.0,39.19354838709677,226.0,56.69354838709677,117.0,47.66129032258064,177.0,109.0
34003,2024,NJ,Bergen County,65171.0,6.7,121894.0,3,peeringdb_us_facilities_20261006T160916Z.json,2024,19.34,eia_residential_electricity_price_2024_by_state.csv,state,3,2.0221632633994706,100.0,0,complete_coverage,WRI Aqueduct 4.0 baseline_annual,0.114516129032258,0.8080645161290323,0.4919354838709677,47.1505376344086,177.0,draft_scored,310,Equal-weight mean of three percentile ranks,False,47.15053763440859,177.0,38.225806451612904,233.0,55.564516129032256,125.0,47.66129032258064,177.0,108.0
34013,2024,NJ,Essex County,115332.0,13.4,84900.0,6,peeringdb_us_facilities_20261006T160916Z.json,2024,19.34,eia_residential_electricity_price_2024_by_state.csv,state,6,0.4312756005460976,100.0,0,complete_coverage,WRI Aqueduct 4.0 baseline_annual,0.6951612903225807,0.8080645161290323,0.2967741935483871,60.00000000000001,84.0,draft_scored,310,Equal-weight mean of three percentile ranks,False,60.0,84.0,62.37903225806451,74.0,65.20161290322581,63.0,52.41935483870967,144.0,81.0
34017,2024,NJ,Hudson County,107427.0,14.7,93468.0,18,peeringdb_us_facilities_20261006T160916Z.json,2024,19.34,eia_residential_electricity_price_2024_by_state.csv,state,18,1.6851360528328925,100.0,0,complete_coverage,WRI Aqueduct 4.0 baseline_annual,0.7838709677419354,0.8080645161290323,0.4354838709677419,67.58064516129032,42.0,draft_scored,310,Equal-weight mean of three percentile ranks,False,67.5806451612903,42.0,70.28225806451613,43.0,70.88709677419355,30.0,61.57258064516129,86.0,56.0
34021,2024,NJ,Mercer County,37686.0,10.0,102760.0,1,peeringdb_us_facilities_20261006T160916Z.json,2024,19.34,eia_residential_electricity_price_2024_by_state.csv,state,1,3.874238684022204,100.0,0,complete_coverage,WRI Aqueduct 4.0 baseline_annual,0.3919354838709677,0.8080645161290323,0.8838709677419355,69.46236559139786,34.0,draft_scored,310,Equal-weight mean of three percentile ranks,False,69.46236559139784,34.0,61.89516129032258,77.0,72.29838709677419,29.0,74.19354838709677,24.0,53.0
34023,2024,NJ,Middlesex County,71867.0,8.3,113828.0,8,peeringdb_us_facilities_20261006T160916Z.json,2024,19.34,eia_residential_electricity_price_2024_by_state.csv,state,8,3.874238684022204,100.0,0,complete_coverage,WRI Aqueduct 4.0 baseline_annual,0.2225806451612903,0.8080645161290323,0.8838709677419355,63.81720430107527,59.0,draft_scored,310,Equal-weight mean of three percentile ranks,False,63.81720430107527,59.0,53.42741935483871,133.0,68.06451612903226,42.0,69.95967741935485,36.0,97.0
34025,2024,NJ,Monmouth County,44218.0,6.9,121051.0,1,peeringdb_us_facilities_20261006T160916Z.json,2024,19.34,eia_residential_electricity_price_2024_by_state.csv,state,1,2.5645057914615954,100.0,0,complete_coverage,WRI Aqueduct 4.0 baseline_annual,0.1274193548387096,0.8080645161290323,0.6129032258064516,51.61290322580645,151.0,draft_scored,310,Equal-weight mean of three percentile ranks,False,51.61290322580645,151.0,41.89516129032258,210.0,58.91129032258065,102.0,54.03225806451613,130.0,108.0
34027,2024,NJ,Morris County,24128.0,4.7,137213.0,2,peeringdb_us_facilities_20261006T160916Z.json,2024,19.34,eia_residential_electricity_price_2024_by_state.csv,state,2,0.4312756005460976,100.0,0,complete_coverage,WRI Aqueduct 4.0 baseline_annual,0.0225806451612903,0.8080645161290323,0.2967741935483871,37.58064516129032,241.0,draft_scored,310,Equal-weight mean of three percentile ranks,False,37.58064516129031,241.0,28.749999999999996,279.0,48.38709677419355,175.0,35.60483870967742,236.0,104.0
34031,2024,NJ,Passaic County,62823.0,12.1,85224.0,4,peeringdb_us_facilities_20261006T160916Z.json,2024,19.34,eia_residential_electricity_price_2024_by_state.csv,state,4,0.4312756005460976,100.0,0,complete_coverage,WRI Aqueduct 4.0 baseline_annual,0.5580645161290323,0.8080645161290323,0.2967741935483871,55.43010752688172,123.0,draft_scored,310,Equal-weight mean of three percentile ranks,False,55.43010752688172,123.0,55.5241935483871,117.0,61.7741935483871,87.0,48.99193548387097,169.0,82.0
34035,2024,NJ,Somerset County,20378.0,5.8,134499.0,3,peeringdb_us_facilities_20261006T160916Z.json,2024,19.34,eia_residential_electricity_price_2024_by_state.csv,state,3,3.874238684022204,100.0,0,complete_coverage,WRI Aqueduct 4.0 baseline_annual,0.0564516129032258,0.8080645161290323,0.8838709677419355,58.27956989247313,95.0,draft_scored,310,Equal-weight mean of three percentile ranks,False,58.27956989247311,95.0,45.12096774193549,187.0,63.91129032258065,70.0,65.80645161290323,57.0,130.0
34037,2024,NJ,Sussex County,7699.0,5.2,114993.0,1,peeringdb_us_facilities_20261006T160916Z.json,2024,19.34,eia_residential_electricity_price_2024_by_state.csv,state,1,2.830392351967968,100.0,0,complete_coverage,WRI Aqueduct 4.0 baseline_annual,0.0306451612903225,0.8080645161290323,0.6838709677419355,50.752688172043,157.0,draft_scored,310,Equal-weight mean of three percentile ranks,False,50.752688172043,157.0,38.83064516129032,230.0,58.266129032258064,104.0,55.16129032258063,121.0,126.0
35001,2024,NM,Bernalillo County,90877.0,13.7,72986.0,7,peeringdb_us_facilities_20261006T160916Z.json,2024,14.2,eia_residential_electricity_price_2024_by_state.csv,state,7,3.577024152651049,100.0,0,complete_coverage,WRI Aqueduct 4.0 baseline_annual,0.7112903225806452,0.3709677419354839,0.8161290322580645,63.27956989247312,64.0,draft_scored,310,Equal-weight mean of three percentile ranks,False,63.27956989247312,64.0,65.24193548387096,64.0,56.733870967741936,116.0,67.86290322580646,49.0,67.0
36001,2024,NY,Albany County,38076.0,12.6,81237.0,6,peeringdb_us_facilities_20261006T160916Z.json,2024,24.43,eia_residential_electricity_price_2024_by_state.csv,state,6,0.0,100.0,0,complete_coverage,WRI Aqueduct 4.0 baseline_annual,0.6258064516129033,0.8693548387096774,0.1064516129032258,53.387096774193544,141.0,draft_scored,310,Equal-weight mean of three percentile ranks,False,53.38709677419355,141.0,55.685483870967744,116.0,61.7741935483871,87.0,42.70161290322581,205.0,118.0
36007,2024,NY,Broome County,29198.0,15.9,64727.0,1,peeringdb_us_facilities_20261006T160916Z.json,2024,24.43,eia_residential_electricity_price_2024_by_state.csv,state,1,1.0812628364475687,100.0,0,complete_coverage,WRI Aqueduct 4.0 baseline_annual,0.8354838709677419,0.8693548387096774,0.3516129032258064,68.5483870967742,38.0,draft_scored,310,Equal-weight mean of three percentile ranks,False,68.54838709677419,38.0,72.29838709677419,30.0,73.14516129032258,23.0,60.20161290322581,97.0,74.0
36019,2024,NY,Clinton County,9670.0,13.2,69302.0,1,peeringdb_us_facilities_20261006T160916Z.json,2024,24.43,eia_residential_electricity_price_2024_by_state.csv,state,1,0.0,100.0,0,complete_coverage,WRI Aqueduct 4.0 baseline_annual,0.6741935483870968,0.8693548387096774,0.1064516129032258,54.99999999999999,125.0,draft_scored,310,Equal-weight mean of three percentile ranks,False,55.00000000000001,125.0,58.10483870967742,97.0,62.983870967741936,79.0,43.91129032258064,198.0,119.0
36027,2024,NY,Dutchess County,23870.0,8.4,94933.0,1,peeringdb_us_facilities_20261006T160916Z.json,2024,24.43,eia_residential_electricity_price_2024_by_state.csv,state,1,0.0,100.0,0,complete_coverage,WRI Aqueduct 4.0 baseline_annual,0.2354838709677419,0.8693548387096774,0.1064516129032258,40.37634408602151,223.0,draft_scored,310,Equal-weight mean of three percentile ranks,False,40.376344086021504,223.0,36.16935483870968,243.0,52.016129032258064,149.0,32.94354838709677,255.0,106.0
36029,2024,NY,Erie County,117980.0,12.8,73040.0,8,peeringdb_us_facilities_20261006T160916Z.json,2024,24.43,eia_residential_electricity_price_2024_by_state.csv,state,8,0.0,100.0,0,complete_coverage,WRI Aqueduct 4.0 baseline_annual,0.6564516129032258,0.8693548387096774,0.1064516129032258,54.40860215053763,131.0,draft_scored,310,Equal-weight mean of three percentile ranks,False,54.40860215053763,131.0,57.21774193548388,106.0,62.54032258064517,84.0,43.46774193548387,201.0,117.0
36033,2024,NY,Franklin County,7838.0,18.0,63460.0,1,peeringdb_us_facilities_20261006T160916Z.json,2024,24.43,eia_residential_electricity_price_2024_by_state.csv,state,1,0.0,100.0,0,complete_coverage,WRI Aqueduct 4.0 baseline_annual,0.920967741935484,0.8693548387096774,0.1064516129032258,63.22580645161291,65.0,draft_scored,310,Equal-weight mean of three percentile ranks,False,63.22580645161291,65.0,70.44354838709678,41.0,69.15322580645163,37.0,50.08064516129033,163.0,126.0
36045,2024,NY,Jefferson County,14559.0,13.5,69193.0,1,peeringdb_us_facilities_20261006T160916Z.json,2024,24.43,eia_residential_electricity_price_2024_by_state.csv,state,1,0.1572145460948789,100.0,0,complete_coverage,WRI Aqueduct 4.0 baseline_annual,0.7016129032258065,0.8693548387096774,0.2419354838709677,60.43010752688173,82.0,draft_scored,310,Equal-weight mean of three percentile ranks,False,60.43010752688171,82.0,62.86290322580644,71.0,67.05645161290322,53.0,51.37096774193548,152.0,99.0
36047,2024,NY,Kings County,497973.0,19.2,80696.0,2,peeringdb_us_facilities_20261006T160916Z.json,2024,24.43,eia_residential_electricity_price_2024_by_state.csv,state,2,4.302375283829,100.0,0,complete_coverage,WRI Aqueduct 4.0 baseline_annual,0.9387096774193548,0.8693548387096774,0.9129032258064516,90.6989247311828,1.0,draft_scored,310,Equal-weight mean of three percentile ranks,False,90.6989247311828,1.0,91.49193548387098,1.0,89.75806451612904,2.0,90.84677419354838,1.0,1.0
36055,2024,NY,Monroe County,102195.0,14.1,76594.0,3,peeringdb_us_facilities_20261006T160916Z.json,2024,24.43,eia_residential_electricity_price_2024_by_state.csv,state,3,0.0,100.0,0,complete_coverage,WRI Aqueduct 4.0 baseline_annual,0.7354838709677419,0.8693548387096774,0.1064516129032258,57.043010752688176,107.0,draft_scored,310,Equal-weight mean of three percentile ranks,False,57.043010752688176,107.0,61.16935483870968,81.0,64.51612903225806,68.0,45.443548387096776,189.0,121.0
36059,2024,NY,Nassau County,81127.0,5.9,141824.0,3,peeringdb_us_facilities_20261006T160916Z.json,2024,24.43,eia_residential_electricity_price_2024_by_state.csv,state,3,4.302375283829,100.0,0,complete_coverage,WRI Aqueduct 4.0 baseline_annual,0.064516129032258,0.8693548387096774,0.9129032258064516,61.55913978494624,75.0,draft_scored,310,Equal-weight mean of three percentile ranks,False,61.559139784946225,75.0,47.78225806451613,171.0,67.9032258064516,43.0,68.99193548387098,43.0,128.0
36061,2024,NY,New York County,250718.0,15.5,105713.0,38,peeringdb_us_facilities_20261006T160916Z.json,2024,24.43,eia_residential_electricity_price_2024_by_state.csv,state,38,0.1333790044168862,100.0,0,complete_coverage,WRI Aqueduct 4.0 baseline_annual,0.8241935483870968,0.8693548387096774,0.2387096774193548,64.40860215053765,54.0,draft_scored,310,Equal-weight mean of three percentile ranks,False,64.40860215053763,54.0,68.91129032258064,49.0,70.04032258064517,34.0,54.274193548387096,128.0,94.0
36063,2024,NY,Niagara County,27102.0,13.2,70329.0,2,peeringdb_us_facilities_20261006T160916Z.json,2024,24.43,eia_residential_electricity_price_2024_by_state.csv,state,2,3.400944162891712,100.0,0,complete_coverage,WRI Aqueduct 4.0 baseline_annual,0.6741935483870968,0.8693548387096774,0.7967741935483871,78.01075268817205,12.0,draft_scored,310,Equal-weight mean of three percentile ranks,False,78.01075268817203,12.0,75.36290322580645,20.0,80.24193548387098,11.0,78.4274193548387,15.0,9.0
36065,2024,NY,Oneida County,36318.0,16.7,72137.0,1,peeringdb_us_facilities_20261006T160916Z.json,2024,24.43,eia_residential_electricity_price_2024_by_state.csv,state,1,0.7541422726588023,100.0,0,complete_coverage,WRI Aqueduct 4.0 baseline_annual,0.867741935483871,0.8693548387096774,0.3161290322580645,68.44086021505376,39.0,draft_scored,310,Equal-weight mean of three percentile ranks,False,68.44086021505376,39.0,73.02419354838709,27.0,73.06451612903226,25.0,59.23387096774194,103.0,78.0
36067,2024,NY,Onondaga County,56380.0,12.5,78198.0,2,peeringdb_us_facilities_20261006T160916Z.json,2024,24.43,eia_residential_electricity_price_2024_by_state.csv,state,2,0.0,100.0,0,complete_coverage,WRI Aqueduct 4.0 baseline_annual,0.6064516129032258,0.8693548387096774,0.1064516129032258,52.741935483870975,146.0,draft_scored,310,Equal-weight mean of three percentile ranks,False,52.741935483870975,146.0,54.717741935483865,125.0,61.29032258064516,93.0,42.21774193548387,207.0,114.0
36085,2024,NY,Richmond County,56518.0,11.5,96437.0,2,peeringdb_us_facilities_20261006T160916Z.json,2024,24.43,eia_residential_electricity_price_2024_by_state.csv,state,2,4.010866507955395,100.0,0,complete_coverage,WRI Aqueduct 4.0 baseline_annual,0.5193548387096775,0.8693548387096774,0.9,76.29032258064515,17.0,draft_scored,310,Equal-weight mean of three percentile ranks,False,76.29032258064517,17.0,70.20161290322581,44.0,78.95161290322581,13.0,79.71774193548387,13.0,31.0
36087,2024,NY,Rockland County,51956.0,15.2,103771.0,3,peeringdb_us_facilities_20261006T160916Z.json,2024,24.43,eia_residential_electricity_price_2024_by_state.csv,state,3,2.0221632633994706,100.0,0,complete_coverage,WRI Aqueduct 4.0 baseline_annual,0.7983870967741935,0.8693548387096774,0.4919354838709677,71.98924731182795,27.0,draft_scored,310,Equal-weight mean of three percentile ranks,False,71.98924731182795,27.0,73.9516129032258,26.0,75.7258064516129,19.0,66.29032258064515,54.0,35.0
36103,2024,NY,Suffolk County,101095.0,6.7,125969.0,3,peeringdb_us_facilities_20261006T160916Z.json,2024,24.43,eia_residential_electricity_price_2024_by_state.csv,state,3,4.302375283829,100.0,0,complete_coverage,WRI Aqueduct 4.0 baseline_annual,0.114516129032258,0.8693548387096774,0.9129032258064516,63.22580645161291,65.0,draft_scored,310,Equal-weight mean of three percentile ranks,False,63.2258064516129,66.0,50.282258064516114,156.0,69.15322580645162,38.0,70.24193548387096,32.0,124.0
36119,2024,NY,Westchester County,85474.0,8.7,117896.0,4,peeringdb_us_facilities_20261006T160916Z.json,2024,24.43,eia_residential_electricity_price_2024_by_state.csv,state,4,0.0550913279113225,100.0,0,complete_coverage,WRI Aqueduct 4.0 baseline_annual,0.2629032258064516,0.8693548387096774,0.2161290322580645,44.946236559139784,192.0,draft_scored,310,Equal-weight mean of three percentile ranks,False,44.946236559139784,192.0,40.28225806451612,218.0,55.443548387096776,128.0,39.11290322580645,221.0,93.0
37021,2024,NC,Buncombe County,33839.0,12.4,78993.0,3,peeringdb_us_facilities_20261006T160916Z.json,2024,14.13,eia_residential_electricity_price_2024_by_state.csv,state,3,1.566427368005458,100.0,0,complete_coverage,WRI Aqueduct 4.0 baseline_annual,0.5838709677419355,0.3129032258064516,0.4225806451612903,43.97849462365591,200.0,draft_scored,310,Equal-weight mean of three percentile ranks,False,43.978494623655905,200.0,47.58064516129032,172.0,40.806451612903224,215.0,43.548387096774185,200.0,43.0
37025,2024,NC,Cabarrus County,20663.0,8.5,87867.0,1,peeringdb_us_facilities_20261006T160916Z.json,2024,14.13,eia_residential_electricity_price_2024_by_state.csv,state,1,5.0,100.0,0,complete_coverage,WRI Aqueduct 4.0 baseline_annual,0.2467741935483871,0.3129032258064516,0.9661290322580646,50.86021505376345,154.0,draft_scored,310,Equal-weight mean of three percentile ranks,False,50.86021505376343,155.0,44.314516129032256,191.0,45.96774193548387,185.0,62.2983870967742,82.0,109.0
37027,2024,NC,Caldwell County,11181.0,14.0,59968.0,1,peeringdb_us_facilities_20261006T160916Z.json,2024,14.13,eia_residential_electricity_price_2024_by_state.csv,state,1,2.942697498431475,100.0,0,complete_coverage,WRI Aqueduct 4.0 baseline_annual,0.7306451612903225,0.3129032258064516,0.7322580645161291,59.193548387096776,91.0,draft_scored,310,Equal-weight mean of three percentile ranks,False,59.19354838709676,91.0,62.66129032258064,73.0,52.21774193548387,146.0,62.7016129032258,80.0,73.0
37045,2024,NC,Cleveland County,16311.0,16.3,61392.0,1,peeringdb_us_facilities_20261006T160916Z.json,2024,14.13,eia_residential_electricity_price_2024_by_state.csv,state,1,3.7482736276700175,100.0,0,complete_coverage,WRI Aqueduct 4.0 baseline_annual,0.853225806451613,0.3129032258064516,0.8483870967741935,67.15053763440861,45.0,draft_scored,310,Equal-weight mean of three percentile ranks,False,67.1505376344086,45.0,71.69354838709678,38.0,58.18548387096774,107.0,71.57258064516128,28.0,79.0
37063,2024,NC,Durham County,37319.0,11.3,84375.0,4,peeringdb_us_facilities_20261006T160916Z.json,2024,14.13,eia_residential_electricity_price_2024_by_state.csv,state,4,3.796177150148311,100.0,0,complete_coverage,WRI Aqueduct 4.0 baseline_annual,0.4983870967741935,0.3129032258064516,0.867741935483871,55.96774193548387,120.0,draft_scored,310,Equal-weight mean of three percentile ranks,False,55.96774193548386,120.0,54.43548387096774,126.0,49.798387096774185,166.0,63.66935483870968,74.0,92.0
37099,2024,NC,Jackson County,6811.0,16.9,62044.0,1,peeringdb_us_facilities_20261006T160916Z.json,2024,14.13,eia_residential_electricity_price_2024_by_state.csv,state,1,0.0,100.0,0,complete_coverage,WRI Aqueduct 4.0 baseline_annual,0.8887096774193548,0.3129032258064516,0.1064516129032258,43.60215053763441,202.0,draft_scored,310,Equal-weight mean of three percentile ranks,False,43.6021505376344,202.0,54.91935483870968,122.0,40.524193548387096,217.0,35.362903225806456,239.0,117.0
37119,2024,NC,Mecklenburg County,125805.0,10.6,90698.0,16,peeringdb_us_facilities_20261006T160916Z.json,2024,14.13,eia_residential_electricity_price_2024_by_state.csv,state,16,3.932582927817604,100.0,0,complete_coverage,WRI Aqueduct 4.0 baseline_annual,0.4532258064516129,0.3129032258064516,0.8903225806451613,55.21505376344086,124.0,draft_scored,310,Equal-weight mean of three percentile ranks,False,55.21505376344086,124.0,52.74193548387096,137.0,49.233870967741936,171.0,63.66935483870968,74.0,97.0
37149,2024,NC,Polk County,2434.0,12.3,74525.0,1,peeringdb_us_facilities_20261006T160916Z.json,2024,14.13,eia_residential_electricity_price_2024_by_state.csv,state,1,3.7482736276700175,100.0,0,complete_coverage,WRI Aqueduct 4.0 baseline_annual,0.5725806451612904,0.3129032258064516,0.8483870967741935,57.795698924731184,102.0,draft_scored,310,Equal-weight mean of three percentile ranks,False,57.79569892473118,102.0,57.66129032258065,101.0,51.16935483870968,159.0,64.55645161290322,68.0,91.0
37183,2024,NC,Wake County,103558.0,8.6,107083.0,4,peeringdb_us_facilities_20261006T160916Z.json,2024,14.13,eia_residential_electricity_price_2024_by_state.csv,state,4,4.015390802742177,100.0,0,complete_coverage,WRI Aqueduct 4.0 baseline_annual,0.2532258064516129,0.3129032258064516,0.9032258064516128,48.97849462365591,167.0,draft_scored,310,Equal-weight mean of three percentile ranks,False,48.97849462365591,167.0,43.064516129032256,199.0,44.55645161290322,193.0,59.31451612903225,102.0,97.0
38015,2024,ND,Burleigh County,7952.0,8.1,91254.0,1,peeringdb_us_facilities_20261006T160916Z.json,2024,11.51,eia_residential_electricity_price_2024_by_state.csv,state,1,0.0,100.0,0,complete_coverage,WRI Aqueduct 4.0 baseline_annual,0.2048387096774193,0.0080645161290322,0.1064516129032258,10.64516129032258,309.0,draft_scored,310,Equal-weight mean of three percentile ranks,False,10.645161290322577,309.0,13.104838709677413,307.0,8.185483870967737,310.0,10.645161290322577,310.0,3.0
38017,2024,ND,Cass County,21131.0,11.0,77791.0,3,peeringdb_us_facilities_20261006T160916Z.json,2024,11.51,eia_residential_electricity_price_2024_by_state.csv,state,3,1.4497826111319572,100.0,0,complete_coverage,WRI Aqueduct 4.0 baseline_annual,0.4790322580645161,0.0080645161290322,0.4096774193548387,29.892473118279568,277.0,draft_scored,310,Equal-weight mean of three percentile ranks,False,29.89247311827956,277.0,34.39516129032258,257.0,22.62096774193548,293.0,32.66129032258064,257.0,36.0
38021,2024,ND,Dickey County,593.0,12.5,79692.0,1,peeringdb_us_facilities_20261006T160916Z.json,2024,11.51,eia_residential_electricity_price_2024_by_state.csv,state,1,0.0,100.0,0,complete_coverage,WRI Aqueduct 4.0 baseline_annual,0.6064516129032258,0.0080645161290322,0.1064516129032258,24.032258064516128,295.0,draft_scored,310,Equal-weight mean of three percentile ranks,False,24.032258064516128,295.0,33.185483870967744,263.0,18.2258064516129,302.0,20.68548387096774,299.0,39.0
38035,2024,ND,Grand Forks County,8630.0,12.4,70919.0,1,peeringdb_us_facilities_20261006T160916Z.json,2024,11.51,eia_residential_electricity_price_2024_by_state.csv,state,1,1.5261630059587752,100.0,0,complete_coverage,WRI Aqueduct 4.0 baseline_annual,0.5838709677419355,0.0080645161290322,0.414516129032258,33.54838709677419,268.0,draft_scored,310,Equal-weight mean of three percentile ranks,False,33.548387096774185,268.0,39.75806451612903,221.0,25.362903225806445,285.0,35.524193548387096,238.0,64.0
39017,2024,OH,Butler County,50112.0,13.0,80560.0,2,peeringdb_us_facilities_20261006T160916Z.json,2024,15.99,eia_residential_electricity_price_2024_by_state.csv,state,2,1.4141956998711316,100.0,0,complete_coverage,WRI Aqueduct 4.0 baseline_annual,0.667741935483871,0.6709677419354839,0.4064516129032258,58.172043010752695,99.0,draft_scored,310,Equal-weight mean of three percentile ranks,False,58.17204301075268,99.0,60.32258064516128,87.0,60.40322580645161,96.0,53.79032258064517,134.0,47.0
39035,2024,OH,Cuyahoga County,181129.0,14.9,66081.0,14,peeringdb_us_facilities_20261006T160916Z.json,2024,15.99,eia_residential_electricity_price_2024_by_state.csv,state,14,1.988155925903617,100.0,0,complete_coverage,WRI Aqueduct 4.0 baseline_annual,0.7935483870967742,0.6709677419354839,0.4838709677419355,64.94623655913979,50.0,draft_scored,310,Equal-weight mean of three percentile ranks,False,64.94623655913978,50.0,68.5483870967742,50.0,65.48387096774194,61.0,60.80645161290323,92.0,42.0
39041,2024,OH,Delaware County,10212.0,4.3,136215.0,1,peeringdb_us_facilities_20261006T160916Z.json,2024,15.99,eia_residential_electricity_price_2024_by_state.csv,state,1,2.8343255504112053,100.0,0,complete_coverage,WRI Aqueduct 4.0 baseline_annual,0.0096774193548387,0.6709677419354839,0.6983870967741935,45.96774193548387,184.0,draft_scored,310,Equal-weight mean of three percentile ranks,False,45.96774193548387,184.0,34.71774193548387,255.0,51.25000000000001,155.0,51.93548387096774,148.0,107.0
39049,2024,OH,Franklin County,184028.0,13.9,76578.0,20,peeringdb_us_facilities_20261006T160916Z.json,2024,15.99,eia_residential_electricity_price_2024_by_state.csv,state,20,2.8343255504112053,100.0,0,complete_coverage,WRI Aqueduct 4.0 baseline_annual,0.7225806451612903,0.6709677419354839,0.6983870967741935,69.73118279569891,32.0,draft_scored,310,Equal-weight mean of three percentile ranks,False,69.73118279569891,32.0,70.36290322580645,42.0,69.07258064516128,39.0,69.75806451612902,37.0,10.0
39061,2024,OH,Hamilton County,115791.0,14.2,73166.0,9,peeringdb_us_facilities_20261006T160916Z.json,2024,15.99,eia_residential_electricity_price_2024_by_state.csv,state,9,0.0,100.0,0,complete_coverage,WRI Aqueduct 4.0 baseline_annual,0.7483870967741936,0.6709677419354839,0.1064516129032258,50.86021505376345,154.0,draft_scored,310,Equal-weight mean of three percentile ranks,False,50.86021505376345,154.0,56.85483870967742,109.0,54.91935483870968,132.0,40.806451612903224,211.0,102.0
39099,2024,OH,Mahoning County,42306.0,19.3,58133.0,1,peeringdb_us_facilities_20261006T160916Z.json,2024,15.99,eia_residential_electricity_price_2024_by_state.csv,state,1,0.0758346004678294,100.0,0,complete_coverage,WRI Aqueduct 4.0 baseline_annual,0.9435483870967742,0.6709677419354839,0.2209677419354838,61.18279569892474,77.0,draft_scored,310,Equal-weight mean of three percentile ranks,False,61.18279569892473,77.0,69.4758064516129,48.0,62.66129032258064,83.0,51.41129032258065,151.0,103.0
39103,2024,OH,Medina County,11083.0,6.1,93471.0,1,peeringdb_us_facilities_20261006T160916Z.json,2024,15.99,eia_residential_electricity_price_2024_by_state.csv,state,1,1.9881559259036168,100.0,0,complete_coverage,WRI Aqueduct 4.0 baseline_annual,0.0790322580645161,0.6709677419354839,0.4806451612903226,41.02150537634409,217.0,draft_scored,310,Equal-weight mean of three percentile ranks,False,41.02150537634409,217.0,32.74193548387097,267.0,47.54032258064517,180.0,42.782258064516135,204.0,87.0
39113,2024,OH,Montgomery County,75497.0,14.4,66349.0,2,peeringdb_us_facilities_20261006T160916Z.json,2024,15.99,eia_residential_electricity_price_2024_by_state.csv,state,2,2.828391399742263,100.0,0,complete_coverage,WRI Aqueduct 4.0 baseline_annual,0.7677419354838709,0.6709677419354839,0.6709677419354839,70.3225806451613,31.0,draft_scored,310,Equal-weight mean of three percentile ranks,False,70.32258064516128,31.0,71.93548387096774,33.0,69.51612903225806,36.0,69.51612903225806,40.0,9.0
39137,2024,OH,Putnam County,2042.0,6.0,88101.0,1,peeringdb_us_facilities_20261006T160916Z.json,2024,15.99,eia_residential_electricity_price_2024_by_state.csv,state,1,0.0,100.0,0,complete_coverage,WRI Aqueduct 4.0 baseline_annual,0.0709677419354838,0.6709677419354839,0.1064516129032258,28.279569892473116,283.0,draft_scored,310,Equal-weight mean of three percentile ranks,False,28.279569892473116,283.0,22.983870967741932,297.0,37.983870967741936,231.0,23.870967741935484,293.0,66.0
39151,2024,OH,Stark County,45607.0,12.4,69455.0,3,peeringdb_us_facilities_20261006T160916Z.json,2024,15.99,eia_residential_electricity_price_2024_by_state.csv,state,3,2.50307733375109,100.0,0,complete_coverage,WRI Aqueduct 4.0 baseline_annual,0.5838709677419355,0.6709677419354839,0.5935483870967742,61.61290322580645,74.0,draft_scored,310,Equal-weight mean of three percentile ranks,False,61.61290322580645,74.0,60.80645161290323,85.0,62.983870967741936,79.0,61.04838709677419,89.0,15.0
39153,2024,OH,Summit County,70423.0,13.3,70449.0,3,peeringdb_us_facilities_20261006T160916Z.json,2024,15.99,eia_residential_electricity_price_2024_by_state.csv,state,3,2.159796395186108,100.0,0,complete_coverage,WRI Aqueduct 4.0 baseline_annual,0.6854838709677419,0.6709677419354839,0.5290322580645161,62.8494623655914,67.0,draft_scored,310,Equal-weight mean of three percentile ranks,False,62.84946236559139,67.0,64.2741935483871,69.0,63.91129032258065,70.0,60.362903225806456,96.0,29.0
39165,2024,OH,Warren County,16576.0,6.6,113333.0,2,peeringdb_us_facilities_20261006T160916Z.json,2024,15.99,eia_residential_electricity_price_2024_by_state.csv,state,2,0.0,100.0,0,complete_coverage,WRI Aqueduct 4.0 baseline_annual,0.1048387096774193,0.6709677419354839,0.1064516129032258,29.40860215053764,279.0,draft_scored,310,Equal-weight mean of three percentile ranks,False,29.408602150537632,279.0,24.677419354838708,292.0,38.83064516129032,229.0,24.71774193548387,289.0,63.0
39173,2024,OH,Wood County,14006.0,11.0,77522.0,1,peeringdb_us_facilities_20261006T160916Z.json,2024,15.99,eia_residential_electricity_price_2024_by_state.csv,state,1,0.0,100.0,0,complete_coverage,WRI Aqueduct 4.0 baseline_annual,0.4790322580645161,0.6709677419354839,0.1064516129032258,41.88172043010752,212.0,draft_scored,310,Equal-weight mean of three percentile ranks,False,41.88172043010752,212.0,43.387096774193544,197.0,48.185483870967744,178.0,34.07258064516129,248.0,70.0
40021,2024,OK,Cherokee County,8367.0,17.8,54705.0,1,peeringdb_us_facilities_20261006T160916Z.json,2024,12.24,eia_residential_electricity_price_2024_by_state.csv,state,1,0.0,100.0,0,complete_coverage,WRI Aqueduct 4.0 baseline_annual,0.9161290322580644,0.0903225806451612,0.1064516129032258,37.096774193548384,248.0,draft_scored,310,Equal-weight mean of three percentile ranks,False,37.09677419354838,248.0,50.7258064516129,153.0,30.080645161290313,267.0,30.483870967741932,269.0,116.0
40109,2024,OK,Oklahoma County,129962.0,16.2,68006.0,3,peeringdb_us_facilities_20261006T160916Z.json,2024,12.24,eia_residential_electricity_price_2024_by_state.csv,state,3,2.3917811012650545,100.0,0,complete_coverage,WRI Aqueduct 4.0 baseline_annual,0.8467741935483871,0.0903225806451612,0.5645161290322581,50.05376344086022,161.0,draft_scored,310,Equal-weight mean of three percentile ranks,False,50.05376344086021,161.0,58.70967741935485,94.0,39.79838709677419,225.0,51.653225806451616,150.0,131.0
40143,2024,OK,Tulsa County,90357.0,13.3,70089.0,7,peeringdb_us_facilities_20261006T160916Z.json,2024,12.24,eia_residential_electricity_price_2024_by_state.csv,state,7,2.0791809120235896,100.0,0,complete_coverage,WRI Aqueduct 4.0 baseline_annual,0.6854838709677419,0.0903225806451612,0.5032258064516129,42.63440860215053,206.0,draft_scored,310,Equal-weight mean of three percentile ranks,False,42.63440860215053,206.0,49.11290322580645,165.0,34.23387096774193,247.0,44.55645161290322,196.0,82.0
41003,2024,OR,Benton County,13309.0,14.3,79863.0,1,peeringdb_us_facilities_20261006T160916Z.json,2024,14.7,eia_residential_electricity_price_2024_by_state.csv,state,1,0.0,100.0,0,complete_coverage,WRI Aqueduct 4.0 baseline_annual,0.7629032258064516,0.4338709677419355,0.1064516129032258,43.44086021505376,203.0,draft_scored,310,Equal-weight mean of three percentile ranks,False,43.44086021505376,203.0,51.653225806451616,149.0,43.42741935483871,202.0,35.24193548387097,241.0,92.0
41005,2024,OR,Clackamas County,34309.0,8.1,103479.0,2,peeringdb_us_facilities_20261006T160916Z.json,2024,14.7,eia_residential_electricity_price_2024_by_state.csv,state,2,0.0,100.0,0,complete_coverage,WRI Aqueduct 4.0 baseline_annual,0.2048387096774193,0.4338709677419355,0.1064516129032258,24.838709677419356,293.0,draft_scored,310,Equal-weight mean of three percentile ranks,False,24.838709677419352,293.0,23.75,294.0,29.4758064516129,270.0,21.29032258064516,298.0,28.0
41015,2024,OR,Curry County,3718.0,16.4,56805.0,1,peeringdb_us_facilities_20261006T160916Z.json,2024,14.7,eia_residential_electricity_price_2024_by_state.csv,state,1,0.0,100.0,0,complete_coverage,WRI Aqueduct 4.0 baseline_annual,0.8596774193548387,0.4338709677419355,0.1064516129032258,46.666666666666664,180.0,draft_scored,310,Equal-weight mean of three percentile ranks,False,46.666666666666664,180.0,56.49193548387097,112.0,45.84677419354839,186.0,37.66129032258064,229.0,117.0
41017,2024,OR,Deschutes County,15728.0,7.5,99705.0,3,peeringdb_us_facilities_20261006T160916Z.json,2024,14.7,eia_residential_electricity_price_2024_by_state.csv,state,3,1.980074898241816,100.0,0,complete_coverage,WRI Aqueduct 4.0 baseline_annual,0.1661290322580645,0.4338709677419355,0.4774193548387097,35.91397849462366,253.0,draft_scored,310,Equal-weight mean of three percentile ranks,False,35.913978494623656,253.0,31.088709677419356,270.0,37.78225806451613,232.0,38.87096774193548,223.0,47.0
41029,2024,OR,Jackson County,27506.0,12.6,73899.0,1,peeringdb_us_facilities_20261006T160916Z.json,2024,14.7,eia_residential_electricity_price_2024_by_state.csv,state,1,0.3444246396059801,100.0,0,complete_coverage,WRI Aqueduct 4.0 baseline_annual,0.6258064516129033,0.4338709677419355,0.2806451612903226,44.67741935483871,193.0,draft_scored,310,Equal-weight mean of three percentile ranks,False,44.67741935483871,193.0,49.153225806451616,164.0,44.35483870967742,195.0,40.5241935483871,213.0,49.0
41039,2024,OR,Lane County,54647.0,14.6,73137.0,3,peeringdb_us_facilities_20261006T160916Z.json,2024,14.7,eia_residential_electricity_price_2024_by_state.csv,state,3,0.0,100.0,0,complete_coverage,WRI Aqueduct 4.0 baseline_annual,0.7774193548387097,0.4338709677419355,0.1064516129032258,43.9247311827957,201.0,draft_scored,310,Equal-weight mean of three percentile ranks,False,43.9247311827957,201.0,52.37903225806452,140.0,43.79032258064516,198.0,35.60483870967742,236.0,96.0
41051,2024,OR,Multnomah County,99443.0,12.7,90423.0,8,peeringdb_us_facilities_20261006T160916Z.json,2024,14.7,eia_residential_electricity_price_2024_by_state.csv,state,8,0.0,100.0,0,complete_coverage,WRI Aqueduct 4.0 baseline_annual,0.6403225806451613,0.4338709677419355,0.1064516129032258,39.35483870967742,226.0,draft_scored,310,Equal-weight mean of three percentile ranks,False,39.354838709677416,226.0,45.524193548387096,185.0,40.362903225806456,218.0,32.17741935483871,260.0,75.0
41067,2024,OR,Washington County,50484.0,8.4,107040.0,18,peeringdb_us_facilities_20261006T160916Z.json,2024,14.7,eia_residential_electricity_price_2024_by_state.csv,state,18,0.0,100.0,0,complete_coverage,WRI Aqueduct 4.0 baseline_annual,0.2354838709677419,0.4338709677419355,0.1064516129032258,25.86021505376344,290.0,draft_scored,310,Equal-weight mean of three percentile ranks,False,25.860215053763437,290.0,25.282258064516128,287.0,30.241935483870968,266.0,22.056451612903224,295.0,29.0
42003,2024,PA,Allegheny County,139405.0,11.7,80878.0,13,peeringdb_us_facilities_20261006T160916Z.json,2024,17.77,eia_residential_electricity_price_2024_by_state.csv,state,13,1.0469904649328283,100.0,0,complete_coverage,WRI Aqueduct 4.0 baseline_annual,0.535483870967742,0.7338709677419355,0.3354838709677419,53.49462365591398,138.0,draft_scored,310,Equal-weight mean of three percentile ranks,False,53.494623655913976,138.0,53.50806451612904,132.0,58.46774193548387,103.0,48.50806451612903,172.0,69.0
42005,2024,PA,Armstrong County,7836.0,12.4,63472.0,1,peeringdb_us_facilities_20261006T160916Z.json,2024,17.77,eia_residential_electricity_price_2024_by_state.csv,state,1,1.1115572080998946,100.0,0,complete_coverage,WRI Aqueduct 4.0 baseline_annual,0.5838709677419355,0.7338709677419355,0.3548387096774194,55.75268817204302,121.0,draft_scored,310,Equal-weight mean of three percentile ranks,False,55.75268817204301,121.0,56.41129032258064,113.0,60.161290322580655,99.0,50.685483870967744,157.0,58.0
42011,2024,PA,Berks County,54537.0,12.8,78176.0,2,peeringdb_us_facilities_20261006T160916Z.json,2024,17.77,eia_residential_electricity_price_2024_by_state.csv,state,2,2.830392351967968,100.0,0,complete_coverage,WRI Aqueduct 4.0 baseline_annual,0.6564516129032258,0.7338709677419355,0.6838709677419355,69.13978494623656,35.0,draft_scored,310,Equal-weight mean of three percentile ranks,False,69.13978494623656,35.0,68.26612903225806,52.0,70.2016129032258,32.0,68.9516129032258,45.0,20.0
42019,2024,PA,Butler County,15200.0,7.9,95450.0,2,peeringdb_us_facilities_20261006T160916Z.json,2024,17.77,eia_residential_electricity_price_2024_by_state.csv,state,2,0.0758346004678294,100.0,0,complete_coverage,WRI Aqueduct 4.0 baseline_annual,0.1935483870967742,0.7338709677419355,0.2209677419354838,38.27956989247312,235.0,draft_scored,310,Equal-weight mean of three percentile ranks,False,38.27956989247311,235.0,33.5483870967742,261.0,47.056451612903224,182.0,34.23387096774193,246.0,79.0
42077,2024,PA,Lehigh County,41820.0,11.1,80820.0,2,peeringdb_us_facilities_20261006T160916Z.json,2024,17.77,eia_residential_electricity_price_2024_by_state.csv,state,2,2.830392351967968,100.0,0,complete_coverage,WRI Aqueduct 4.0 baseline_annual,0.4838709677419355,0.7338709677419355,0.6838709677419355,63.38709677419355,63.0,draft_scored,310,Equal-weight mean of three percentile ranks,False,63.38709677419354,63.0,59.63709677419355,91.0,65.88709677419355,58.0,64.63709677419355,66.0,33.0
42091,2024,PA,Montgomery County,53246.0,6.2,111915.0,3,peeringdb_us_facilities_20261006T160916Z.json,2024,17.77,eia_residential_electricity_price_2024_by_state.csv,state,3,2.830392351967968,100.0,0,complete_coverage,WRI Aqueduct 4.0 baseline_annual,0.0854838709677419,0.7338709677419355,0.6838709677419355,50.10752688172043,159.0,draft_scored,310,Equal-weight mean of three percentile ranks,False,50.10752688172043,159.0,39.71774193548387,222.0,55.92741935483871,122.0,54.677419354838705,124.0,100.0
42095,2024,PA,Northampton County,26940.0,8.8,89712.0,3,peeringdb_us_facilities_20261006T160916Z.json,2024,17.77,eia_residential_electricity_price_2024_by_state.csv,state,3,2.830392351967968,100.0,0,complete_coverage,WRI Aqueduct 4.0 baseline_annual,0.2758064516129032,0.7338709677419355,0.6838709677419355,56.451612903225815,112.0,draft_scored,310,Equal-weight mean of three percentile ranks,False,56.4516129032258,112.0,49.233870967741936,162.0,60.68548387096775,95.0,59.435483870967744,101.0,67.0
42101,2024,PA,Philadelphia County,299377.0,19.7,60500.0,14,peeringdb_us_facilities_20261006T160916Z.json,2024,17.77,eia_residential_electricity_price_2024_by_state.csv,state,14,2.830392351967968,100.0,0,complete_coverage,WRI Aqueduct 4.0 baseline_annual,0.9516129032258064,0.7338709677419355,0.6838709677419355,78.9784946236559,9.0,draft_scored,310,Equal-weight mean of three percentile ranks,False,78.9784946236559,9.0,83.02419354838707,5.0,77.58064516129033,17.0,76.33064516129032,19.0,14.0
44007,2024,RI,Providence County,96118.0,14.8,73462.0,5,peeringdb_us_facilities_20261006T160916Z.json,2024,28.65,eia_residential_electricity_price_2024_by_state.csv,state,5,2.188356913706249,100.0,0,complete_coverage,WRI Aqueduct 4.0 baseline_annual,0.7887096774193548,0.9096774193548388,0.5419354838709678,74.6774193548387,20.0,draft_scored,310,Equal-weight mean of three percentile ranks,False,74.67741935483872,20.0,75.72580645161291,16.0,78.75000000000001,14.0,69.55645161290323,39.0,25.0
45005,2024,SC,Allendale County,2074.0,31.6,41336.0,1,peeringdb_us_facilities_20261006T160916Z.json,2024,14.23,eia_residential_electricity_price_2024_by_state.csv,state,1,2.8487063545280726,100.0,0,complete_coverage,WRI Aqueduct 4.0 baseline_annual,1.0,0.3838709677419354,0.7080645161290322,69.73118279569891,32.0,draft_scored,310,Equal-weight mean of three percentile ranks,False,69.73118279569891,32.0,77.29838709677419,12.0,61.89516129032258,86.0,70.0,35.0,74.0
45019,2024,SC,Charleston County,43611.0,10.3,92635.0,1,peeringdb_us_facilities_20261006T160916Z.json,2024,14.23,eia_residential_electricity_price_2024_by_state.csv,state,1,2.8487063545280726,100.0,0,complete_coverage,WRI Aqueduct 4.0 baseline_annual,0.4129032258064516,0.3838709677419354,0.7080645161290322,50.16129032258064,158.0,draft_scored,310,Equal-weight mean of three percentile ranks,False,50.16129032258064,158.0,47.94354838709677,170.0,47.217741935483865,181.0,55.32258064516129,119.0,62.0
45045,2024,SC,Greenville County,55410.0,9.9,82531.0,2,peeringdb_us_facilities_20261006T160916Z.json,2024,14.23,eia_residential_electricity_price_2024_by_state.csv,state,2,3.7482736276700175,100.0,0,complete_coverage,WRI Aqueduct 4.0 baseline_annual,0.3854838709677419,0.3838709677419354,0.8483870967741935,53.924731182795696,134.0,draft_scored,310,Equal-weight mean of three percentile ranks,False,53.924731182795696,134.0,50.08064516129031,157.0,50.04032258064516,165.0,61.65322580645161,84.0,81.0
45051,2024,SC,Horry County,56632.0,14.0,68932.0,1,peeringdb_us_facilities_20261006T160916Z.json,2024,14.23,eia_residential_electricity_price_2024_by_state.csv,state,1,0.0,100.0,0,complete_coverage,WRI Aqueduct 4.0 baseline_annual,0.7306451612903225,0.3838709677419354,0.1064516129032258,40.69892473118279,219.0,draft_scored,310,Equal-weight mean of three percentile ranks,False,40.69892473118279,219.0,48.79032258064516,166.0,40.12096774193547,222.0,33.18548387096774,253.0,87.0
45079,2024,SC,Richland County,64101.0,15.8,66644.0,1,peeringdb_us_facilities_20261006T160916Z.json,2024,14.23,eia_residential_electricity_price_2024_by_state.csv,state,1,3.7482736276700175,100.0,0,complete_coverage,WRI Aqueduct 4.0 baseline_annual,0.8306451612903226,0.3838709677419354,0.8483870967741935,68.76344086021506,37.0,draft_scored,310,Equal-weight mean of three percentile ranks,False,68.76344086021504,37.0,72.33870967741936,29.0,61.169354838709666,94.0,72.78225806451613,25.0,69.0
45083,2024,SC,Spartanburg County,45036.0,12.5,70103.0,1,peeringdb_us_facilities_20261006T160916Z.json,2024,14.23,eia_residential_electricity_price_2024_by_state.csv,state,1,3.7482736276700175,100.0,0,complete_coverage,WRI Aqueduct 4.0 baseline_annual,0.6064516129032258,0.3838709677419354,0.8483870967741935,61.29032258064516,76.0,draft_scored,310,Equal-weight mean of three percentile ranks,False,61.29032258064515,76.0,61.12903225806452,82.0,55.564516129032256,125.0,67.1774193548387,50.0,75.0
45091,2024,SC,York County,26180.0,8.8,94037.0,2,peeringdb_us_facilities_20261006T160916Z.json,2024,14.23,eia_residential_electricity_price_2024_by_state.csv,state,2,1.6055472497178485,100.0,0,complete_coverage,WRI Aqueduct 4.0 baseline_annual,0.2758064516129032,0.3838709677419354,0.4258064516129032,36.18279569892473,252.0,draft_scored,310,Equal-weight mean of three percentile ranks,False,36.18279569892472,252.0,34.03225806451612,258.0,36.733870967741936,238.0,37.78225806451613,227.0,31.0
46083,2024,SD,Lincoln County,2825.0,3.8,106557.0,1,peeringdb_us_facilities_20261006T160916Z.json,2024,12.86,eia_residential_electricity_price_2024_by_state.csv,state,1,3.3617732683159995,100.0,0,complete_coverage,WRI Aqueduct 4.0 baseline_annual,0.0032258064516129,0.1951612903225806,0.7887096774193548,32.903225806451616,270.0,draft_scored,310,Equal-weight mean of three percentile ranks,False,32.90322580645161,270.0,24.758064516129032,291.0,29.556451612903224,268.0,44.39516129032258,197.0,94.0
46099,2024,SD,Minnehaha County,15301.0,7.5,80546.0,4,peeringdb_us_facilities_20261006T160916Z.json,2024,12.86,eia_residential_electricity_price_2024_by_state.csv,state,4,3.3617732683159995,100.0,0,complete_coverage,WRI Aqueduct 4.0 baseline_annual,0.1661290322580645,0.1951612903225806,0.7887096774193548,38.33333333333333,234.0,draft_scored,310,Equal-weight mean of three percentile ranks,False,38.33333333333333,234.0,32.90322580645161,265.0,33.62903225806451,249.0,48.467741935483865,174.0,91.0
46103,2024,SD,Pennington County,11021.0,9.8,79338.0,1,peeringdb_us_facilities_20261006T160916Z.json,2024,12.86,eia_residential_electricity_price_2024_by_state.csv,state,1,3.211378739023748,100.0,0,complete_coverage,WRI Aqueduct 4.0 baseline_annual,0.3741935483870968,0.1951612903225806,0.7612903225806451,44.354838709677416,197.0,draft_scored,310,Equal-weight mean of three percentile ranks,False,44.354838709677416,197.0,42.62096774193548,205.0,38.14516129032258,230.0,52.29838709677419,145.0,85.0
46135,2024,SD,Yankton County,2386.0,10.9,73710.0,1,peeringdb_us_facilities_20261006T160916Z.json,2024,12.86,eia_residential_electricity_price_2024_by_state.csv,state,1,0.0,100.0,0,complete_coverage,WRI Aqueduct 4.0 baseline_annual,0.4741935483870967,0.1951612903225806,0.1064516129032258,25.86021505376344,290.0,draft_scored,310,Equal-weight mean of three percentile ranks,False,25.860215053763437,290.0,31.249999999999993,269.0,24.27419354838709,289.0,22.05645161290322,296.0,27.0
47037,2024,TN,Davidson County,86412.0,12.2,80803.0,9,peeringdb_us_facilities_20261006T160916Z.json,2024,12.42,eia_residential_electricity_price_2024_by_state.csv,state,9,1.1240926164413865,100.0,0,complete_coverage,WRI Aqueduct 4.0 baseline_annual,0.5645161290322581,0.1177419354838709,0.3596774193548387,34.73118279569893,262.0,draft_scored,310,Equal-weight mean of three percentile ranks,False,34.73118279569892,262.0,40.16129032258065,219.0,28.991935483870968,271.0,35.04032258064516,243.0,52.0
47065,2024,TN,Hamilton County,54872.0,14.5,78271.0,2,peeringdb_us_facilities_20261006T160916Z.json,2024,12.42,eia_residential_electricity_price_2024_by_state.csv,state,2,0.3123497093174933,100.0,0,complete_coverage,WRI Aqueduct 4.0 baseline_annual,0.7709677419354839,0.1177419354838709,0.2758064516129032,38.81720430107527,230.0,draft_scored,310,Equal-weight mean of three percentile ranks,False,38.81720430107526,230.0,48.38709677419355,168.0,32.056451612903224,257.0,36.00806451612903,233.0,89.0
47093,2024,TN,Knox County,63196.0,12.8,75465.0,1,peeringdb_us_facilities_20261006T160916Z.json,2024,12.42,eia_residential_electricity_price_2024_by_state.csv,state,1,0.0,100.0,0,complete_coverage,WRI Aqueduct 4.0 baseline_annual,0.6564516129032258,0.1177419354838709,0.1064516129032258,29.354838709677416,280.0,draft_scored,310,Equal-weight mean of three percentile ranks,False,29.354838709677416,280.0,38.42741935483871,232.0,24.959677419354836,288.0,24.677419354838708,290.0,58.0
47105,2024,TN,Loudon County,5576.0,9.0,84882.0,1,peeringdb_us_facilities_20261006T160916Z.json,2024,12.42,eia_residential_electricity_price_2024_by_state.csv,state,1,0.0,100.0,0,complete_coverage,WRI Aqueduct 4.0 baseline_annual,0.2983870967741935,0.1177419354838709,0.1064516129032258,17.419354838709676,305.0,draft_scored,310,Equal-weight mean of three percentile ranks,False,17.419354838709673,305.0,20.524193548387093,301.0,16.00806451612903,305.0,15.7258064516129,306.0,5.0
47157,2024,TN,Shelby County,170516.0,19.0,65005.0,4,peeringdb_us_facilities_20261006T160916Z.json,2024,12.42,eia_residential_electricity_price_2024_by_state.csv,state,4,0.0,100.0,0,complete_coverage,WRI Aqueduct 4.0 baseline_annual,0.9338709677419356,0.1177419354838709,0.1064516129032258,38.60215053763441,231.0,draft_scored,310,Equal-weight mean of three percentile ranks,False,38.6021505376344,231.0,52.29838709677419,143.0,31.895161290322577,258.0,31.61290322580645,263.0,120.0
47187,2024,TN,Williamson County,11974.0,4.5,147807.0,4,peeringdb_us_facilities_20261006T160916Z.json,2024,12.42,eia_residential_electricity_price_2024_by_state.csv,state,4,1.1240926164413865,100.0,0,complete_coverage,WRI Aqueduct 4.0 baseline_annual,0.0161290322580645,0.1177419354838709,0.3596774193548387,16.451612903225808,306.0,draft_scored,310,Equal-weight mean of three percentile ranks,False,16.451612903225804,306.0,12.741935483870964,308.0,15.282258064516125,307.0,21.33064516129032,297.0,11.0
48029,2024,TX,Bexar County,304387.0,14.6,72578.0,5,peeringdb_us_facilities_20261006T160916Z.json,2024,14.94,eia_residential_electricity_price_2024_by_state.csv,state,5,3.989606399774879,100.0,0,complete_coverage,WRI Aqueduct 4.0 baseline_annual,0.7774193548387097,0.535483870967742,0.896774193548387,73.65591397849464,22.0,draft_scored,310,Equal-weight mean of three percentile ranks,False,73.65591397849462,22.0,74.67741935483872,23.0,68.62903225806451,40.0,77.66129032258064,18.0,22.0
48041,2024,TX,Brazos County,50404.0,22.1,61938.0,2,peeringdb_us_facilities_20261006T160916Z.json,2024,14.94,eia_residential_electricity_price_2024_by_state.csv,state,2,0.0,100.0,0,complete_coverage,WRI Aqueduct 4.0 baseline_annual,0.9741935483870968,0.535483870967742,0.1064516129032258,53.87096774193548,135.0,draft_scored,310,Equal-weight mean of three percentile ranks,False,53.87096774193548,135.0,64.75806451612904,65.0,53.79032258064517,139.0,43.064516129032256,203.0,138.0
48061,2024,TX,Cameron County,103609.0,24.3,52973.0,1,peeringdb_us_facilities_20261006T160916Z.json,2024,14.94,eia_residential_electricity_price_2024_by_state.csv,state,1,5.0,100.0,0,complete_coverage,WRI Aqueduct 4.0 baseline_annual,0.9903225806451612,0.535483870967742,0.9661290322580646,83.06451612903226,4.0,draft_scored,310,Equal-weight mean of three percentile ranks,False,83.06451612903226,4.0,87.05645161290323,2.0,75.68548387096776,20.0,86.45161290322581,3.0,18.0
48085,2024,TX,Collin County,70944.0,5.7,124920.0,13,peeringdb_us_facilities_20261006T160916Z.json,2024,14.94,eia_residential_electricity_price_2024_by_state.csv,state,13,2.6932507723950616,100.0,0,complete_coverage,WRI Aqueduct 4.0 baseline_annual,0.0483870967741935,0.535483870967742,0.6290322580645161,40.43010752688172,221.0,draft_scored,310,Equal-weight mean of three percentile ranks,False,40.43010752688172,221.0,31.532258064516128,268.0,43.70967741935484,200.0,46.04838709677419,186.0,82.0
48113,2024,TX,Dallas County,328986.0,12.5,78910.0,38,peeringdb_us_facilities_20261006T160916Z.json,2024,14.94,eia_residential_electricity_price_2024_by_state.csv,state,38,2.368332556904464,100.0,0,complete_coverage,WRI Aqueduct 4.0 baseline_annual,0.6064516129032258,0.535483870967742,0.5612903225806452,56.774193548387096,110.0,draft_scored,310,Equal-weight mean of three percentile ranks,False,56.77419354838709,110.0,57.74193548387097,100.0,55.96774193548387,121.0,56.612903225806456,113.0,21.0
48121,2024,TX,Denton County,64177.0,6.2,117499.0,3,peeringdb_us_facilities_20261006T160916Z.json,2024,14.94,eia_residential_electricity_price_2024_by_state.csv,state,3,3.2925505686994985,100.0,0,complete_coverage,WRI Aqueduct 4.0 baseline_annual,0.0854838709677419,0.535483870967742,0.7741935483870968,46.50537634408602,181.0,draft_scored,310,Equal-weight mean of three percentile ranks,False,46.50537634408602,181.0,37.016129032258064,238.0,48.266129032258064,177.0,54.233870967741936,129.0,109.0
48141,2024,TX,El Paso County,155360.0,18.1,59883.0,1,peeringdb_us_facilities_20261006T160916Z.json,2024,14.94,eia_residential_electricity_price_2024_by_state.csv,state,1,4.663658508355201,100.0,0,complete_coverage,WRI Aqueduct 4.0 baseline_annual,0.9258064516129032,0.535483870967742,0.9258064516129032,79.56989247311829,7.0,draft_scored,310,Equal-weight mean of three percentile ranks,False,79.56989247311827,7.0,82.8225806451613,7.0,73.06451612903227,24.0,82.8225806451613,7.0,17.0
48201,2024,TX,Harris County,827245.0,16.7,74682.0,19,peeringdb_us_facilities_20261006T160916Z.json,2024,14.94,eia_residential_electricity_price_2024_by_state.csv,state,19,2.522352863863281,100.0,0,complete_coverage,WRI Aqueduct 4.0 baseline_annual,0.867741935483871,0.535483870967742,0.6016129032258064,66.82795698924731,46.0,draft_scored,310,Equal-weight mean of three percentile ranks,False,66.82795698924731,46.0,71.81451612903226,36.0,63.50806451612904,74.0,65.16129032258064,60.0,38.0
48215,2024,TX,Hidalgo County,218775.0,24.2,55829.0,4,peeringdb_us_facilities_20261006T160916Z.json,2024,14.94,eia_residential_electricity_price_2024_by_state.csv,state,4,5.0,100.0,0,complete_coverage,WRI Aqueduct 4.0 baseline_annual,0.9870967741935484,0.535483870967742,0.9661290322580646,82.95698924731182,5.0,draft_scored,310,Equal-weight mean of three percentile ranks,False,82.95698924731182,5.0,86.89516129032259,3.0,75.60483870967742,21.0,86.37096774193549,4.0,18.0
48309,2024,TX,McLennan County,42221.0,16.2,68096.0,1,peeringdb_us_facilities_20261006T160916Z.json,2024,14.94,eia_residential_electricity_price_2024_by_state.csv,state,1,1.053772720374761,100.0,0,complete_coverage,WRI Aqueduct 4.0 baseline_annual,0.8467741935483871,0.535483870967742,0.3483870967741935,57.68817204301075,103.0,draft_scored,310,Equal-weight mean of three percentile ranks,False,57.688172043010745,103.0,64.43548387096773,68.0,56.653225806451616,118.0,51.975806451612904,147.0,79.0
48339,2024,TX,Montgomery County,67480.0,9.1,96049.0,2,peeringdb_us_facilities_20261006T160916Z.json,2024,14.94,eia_residential_electricity_price_2024_by_state.csv,state,2,2.522352863863281,100.0,0,complete_coverage,WRI Aqueduct 4.0 baseline_annual,0.3080645161290322,0.535483870967742,0.6016129032258064,48.17204301075269,171.0,draft_scored,310,Equal-weight mean of three percentile ranks,False,48.17204301075268,171.0,43.83064516129031,195.0,49.516129032258064,169.0,51.16935483870968,153.0,42.0
48355,2024,TX,Nueces County,52973.0,15.3,66726.0,1,peeringdb_us_facilities_20261006T160916Z.json,2024,14.94,eia_residential_electricity_price_2024_by_state.csv,state,1,3.604397711690854,100.0,0,complete_coverage,WRI Aqueduct 4.0 baseline_annual,0.8096774193548387,0.535483870967742,0.8225806451612904,72.25806451612904,25.0,draft_scored,310,Equal-weight mean of three percentile ranks,False,72.25806451612902,25.0,74.43548387096774,24.0,67.58064516129033,46.0,74.75806451612902,22.0,24.0
48375,2024,TX,Potter County,24268.0,22.5,53656.0,1,peeringdb_us_facilities_20261006T160916Z.json,2024,14.94,eia_residential_electricity_price_2024_by_state.csv,state,1,1.0486314655570912,100.0,0,complete_coverage,WRI Aqueduct 4.0 baseline_annual,0.9838709677419356,0.535483870967742,0.3451612903225806,62.15053763440861,72.0,draft_scored,310,Equal-weight mean of three percentile ranks,False,62.1505376344086,72.0,71.20967741935485,39.0,60.00000000000001,100.0,55.241935483870975,120.0,81.0
48439,2024,TX,Tarrant County,252680.0,11.5,85208.0,5,peeringdb_us_facilities_20261006T160916Z.json,2024,14.94,eia_residential_electricity_price_2024_by_state.csv,state,5,3.8436456269919175,100.0,0,complete_coverage,WRI Aqueduct 4.0 baseline_annual,0.5193548387096775,0.535483870967742,0.8774193548387097,64.40860215053765,54.0,draft_scored,310,Equal-weight mean of three percentile ranks,False,64.40860215053763,54.0,61.29032258064516,79.0,61.693548387096776,89.0,70.24193548387096,32.0,57.0
48453,2024,TX,Travis County,141303.0,10.5,97487.0,13,peeringdb_us_facilities_20261006T160916Z.json,2024,14.94,eia_residential_electricity_price_2024_by_state.csv,state,13,2.778739406818983,100.0,0,complete_coverage,WRI Aqueduct 4.0 baseline_annual,0.4419354838709677,0.535483870967742,0.6451612903225806,54.086021505376344,132.0,draft_scored,310,Equal-weight mean of three percentile ranks,False,54.08602150537634,132.0,51.61290322580645,150.0,53.95161290322581,136.0,56.69354838709677,112.0,38.0
48479,2024,TX,Webb County,55356.0,20.6,58736.0,2,peeringdb_us_facilities_20261006T160916Z.json,2024,14.94,eia_residential_electricity_price_2024_by_state.csv,state,2,4.28738397619667,100.0,0,complete_coverage,WRI Aqueduct 4.0 baseline_annual,0.9580645161290322,0.535483870967742,0.9064516129032258,80.00000000000001,6.0,draft_scored,310,Equal-weight mean of three percentile ranks,False,80.0,6.0,83.95161290322581,4.0,73.38709677419355,22.0,82.66129032258065,9.0,18.0
48491,2024,TX,Williamson County,39166.0,5.4,113487.0,1,peeringdb_us_facilities_20261006T160916Z.json,2024,14.94,eia_residential_electricity_price_2024_by_state.csv,state,1,2.294978279095262,100.0,0,complete_coverage,WRI Aqueduct 4.0 baseline_annual,0.0387096774193548,0.535483870967742,0.5548387096774193,37.63440860215053,240.0,draft_scored,310,Equal-weight mean of three percentile ranks,False,37.634408602150536,240.0,29.19354838709677,278.0,41.612903225806456,209.0,42.096774193548384,209.0,69.0
49035,2024,UT,Salt Lake County,95048.0,7.9,99008.0,21,peeringdb_us_facilities_20261006T160916Z.json,2024,12.22,eia_residential_electricity_price_2024_by_state.csv,state,21,3.2322580514530403,100.0,0,complete_coverage,WRI Aqueduct 4.0 baseline_annual,0.1935483870967742,0.0790322580645161,0.7661290322580645,34.62365591397849,263.0,draft_scored,310,Equal-weight mean of three percentile ranks,False,34.62365591397849,263.0,30.806451612903224,272.0,27.943548387096772,276.0,45.12096774193548,193.0,83.0
49047,2024,UT,Uintah County,4749.0,12.5,79128.0,1,peeringdb_us_facilities_20261006T160916Z.json,2024,12.22,eia_residential_electricity_price_2024_by_state.csv,state,1,0.25695596418056,100.0,0,complete_coverage,WRI Aqueduct 4.0 baseline_annual,0.6064516129032258,0.0790322580645161,0.2645161290322581,31.666666666666664,274.0,draft_scored,310,Equal-weight mean of three percentile ranks,False,31.666666666666664,274.0,38.91129032258065,229.0,25.725806451612897,284.0,30.36290322580645,270.0,55.0
49049,2024,UT,Utah County,65480.0,9.0,100611.0,2,peeringdb_us_facilities_20261006T160916Z.json,2024,12.22,eia_residential_electricity_price_2024_by_state.csv,state,2,3.2322580514530403,100.0,0,complete_coverage,WRI Aqueduct 4.0 baseline_annual,0.2983870967741935,0.0790322580645161,0.7661290322580645,38.11827956989247,237.0,draft_scored,310,Equal-weight mean of three percentile ranks,False,38.118279569892465,237.0,36.04838709677419,244.0,30.564516129032253,264.0,47.74193548387097,176.0,88.0
49053,2024,UT,Washington County,19006.0,9.3,86715.0,1,peeringdb_us_facilities_20261006T160916Z.json,2024,12.22,eia_residential_electricity_price_2024_by_state.csv,state,1,5.0,100.0,0,complete_coverage,WRI Aqueduct 4.0 baseline_annual,0.3225806451612903,0.0790322580645161,0.9661290322580646,45.59139784946236,186.0,draft_scored,310,Equal-weight mean of three percentile ranks,False,45.59139784946236,186.0,42.25806451612903,207.0,36.16935483870968,241.0,58.34677419354839,106.0,135.0
50007,2024,VT,Chittenden County,14307.0,8.9,91413.0,4,peeringdb_us_facilities_20261006T160916Z.json,2024,21.9,eia_residential_electricity_price_2024_by_state.csv,state,4,0.0,100.0,0,complete_coverage,WRI Aqueduct 4.0 baseline_annual,0.2870967741935484,0.8274193548387097,0.1064516129032258,40.69892473118279,219.0,draft_scored,310,Equal-weight mean of three percentile ranks,False,40.69892473118279,219.0,37.70161290322581,237.0,51.20967741935484,157.0,33.185483870967744,251.0,94.0
50021,2024,VT,Rutland County,5862.0,10.0,69554.0,1,peeringdb_us_facilities_20261006T160916Z.json,2024,21.9,eia_residential_electricity_price_2024_by_state.csv,state,1,0.0,100.0,0,complete_coverage,WRI Aqueduct 4.0 baseline_annual,0.3919354838709677,0.8274193548387097,0.1064516129032258,44.19354838709677,198.0,draft_scored,310,Equal-weight mean of three percentile ranks,False,44.19354838709676,198.0,42.943548387096776,202.0,53.83064516129033,138.0,35.806451612903224,235.0,97.0
51047,2024,VA,Culpeper County,5210.0,9.6,93050.0,1,peeringdb_us_facilities_20261006T160916Z.json,2024,14.41,eia_residential_electricity_price_2024_by_state.csv,state,1,2.7027135553703565,100.0,0,complete_coverage,WRI Aqueduct 4.0 baseline_annual,0.3516129032258064,0.4080645161290323,0.632258064516129,46.3978494623656,182.0,draft_scored,310,Equal-weight mean of three percentile ranks,False,46.397849462365585,182.0,43.58870967741936,196.0,44.99999999999999,191.0,50.604838709677416,159.0,37.0
51059,2024,VA,Fairfax County,69264.0,6.0,153889.0,20,peeringdb_us_facilities_20261006T160916Z.json,2024,14.41,eia_residential_electricity_price_2024_by_state.csv,state,20,1.015897655859456,100.0,0,complete_coverage,WRI Aqueduct 4.0 baseline_annual,0.0709677419354838,0.4080645161290323,0.332258064516129,27.043010752688172,286.0,draft_scored,310,Equal-weight mean of three percentile ranks,False,27.04301075268817,286.0,22.05645161290322,299.0,30.483870967741932,265.0,28.588709677419356,278.0,34.0
51085,2024,VA,Hanover County,6949.0,6.1,117424.0,1,peeringdb_us_facilities_20261006T160916Z.json,2024,14.41,eia_residential_electricity_price_2024_by_state.csv,state,1,3.802847971072168,100.0,0,complete_coverage,WRI Aqueduct 4.0 baseline_annual,0.0790322580645161,0.4080645161290323,0.8741935483870967,45.37634408602151,187.0,draft_scored,310,Equal-weight mean of three percentile ranks,False,45.376344086021504,187.0,36.00806451612903,245.0,44.233870967741936,197.0,55.887096774193544,117.0,128.0
51087,2024,VA,Henrico County,34434.0,10.3,84671.0,5,peeringdb_us_facilities_20261006T160916Z.json,2024,14.41,eia_residential_electricity_price_2024_by_state.csv,state,5,3.802847971072167,100.0,0,complete_coverage,WRI Aqueduct 4.0 baseline_annual,0.4129032258064516,0.4080645161290323,0.8709677419354839,56.39784946236559,114.0,draft_scored,310,Equal-weight mean of three percentile ranks,False,56.39784946236559,114.0,52.62096774193549,138.0,52.5,144.0,64.0725806451613,72.0,72.0
51107,2024,VA,Loudoun County,19078.0,4.3,177457.0,42,peeringdb_us_facilities_20261006T160916Z.json,2024,14.41,eia_residential_electricity_price_2024_by_state.csv,state,42,0.158307520864789,100.0,0,complete_coverage,WRI Aqueduct 4.0 baseline_annual,0.0096774193548387,0.4080645161290323,0.2451612903225806,22.096774193548388,300.0,draft_scored,310,Equal-weight mean of three percentile ranks,False,22.096774193548384,300.0,16.81451612903226,305.0,26.774193548387093,282.0,22.701612903225804,294.0,23.0
51153,2024,VA,Prince William County,32448.0,6.6,128291.0,8,peeringdb_us_facilities_20261006T160916Z.json,2024,14.41,eia_residential_electricity_price_2024_by_state.csv,state,8,3.5886680608434567,100.0,0,complete_coverage,WRI Aqueduct 4.0 baseline_annual,0.1048387096774193,0.4080645161290323,0.8193548387096774,44.40860215053763,196.0,draft_scored,310,Equal-weight mean of three percentile ranks,False,44.40860215053763,196.0,35.927419354838705,246.0,43.50806451612903,201.0,53.79032258064515,135.0,111.0
51710,2024,VA,Norfolk city,32115.0,15.3,64281.0,2,peeringdb_us_facilities_20261006T160916Z.json,2024,14.41,eia_residential_electricity_price_2024_by_state.csv,state,2,1.1401255828034569,100.0,0,complete_coverage,WRI Aqueduct 4.0 baseline_annual,0.8096774193548387,0.4080645161290323,0.3806451612903225,53.27956989247312,143.0,draft_scored,310,Equal-weight mean of three percentile ranks,False,53.27956989247311,143.0,60.2016129032258,89.0,50.16129032258064,164.0,49.475806451612904,165.0,76.0
51810,2024,VA,Virginia Beach city,35302.0,7.9,93989.0,1,peeringdb_us_facilities_20261006T160916Z.json,2024,14.41,eia_residential_electricity_price_2024_by_state.csv,state,1,2.764502476245416,100.0,0,complete_coverage,WRI Aqueduct 4.0 baseline_annual,0.1935483870967742,0.4080645161290323,0.6419354838709678,41.45161290322581,214.0,draft_scored,310,Equal-weight mean of three percentile ranks,False,41.45161290322581,214.0,35.927419354838705,246.0,41.29032258064517,211.0,47.13709677419355,182.0,64.0
53005,2024,WA,Benton County,22983.0,10.6,91289.0,1,peeringdb_us_facilities_20261006T160916Z.json,2024,11.9,eia_residential_electricity_price_2024_by_state.csv,state,1,0.0,100.0,0,complete_coverage,WRI Aqueduct 4.0 baseline_annual,0.4532258064516129,0.0596774193548387,0.1064516129032258,20.64516129032258,301.0,draft_scored,310,Equal-weight mean of three percentile ranks,False,20.645161290322577,301.0,26.814516129032263,284.0,16.975806451612904,303.0,18.14516129032258,303.0,19.0
53025,2024,WA,Grant County,17462.0,16.8,71710.0,4,peeringdb_us_facilities_20261006T160916Z.json,2024,11.9,eia_residential_electricity_price_2024_by_state.csv,state,4,5.0,100.0,0,complete_coverage,WRI Aqueduct 4.0 baseline_annual,0.8790322580645161,0.0596774193548387,0.9661290322580646,63.494623655913976,62.0,draft_scored,310,Equal-weight mean of three percentile ranks,False,63.494623655913976,62.0,69.59677419354838,47.0,49.112903225806456,173.0,71.7741935483871,27.0,146.0
53033,2024,WA,King County,202422.0,8.8,121984.0,30,peeringdb_us_facilities_20261006T160916Z.json,2024,11.9,eia_residential_electricity_price_2024_by_state.csv,state,30,1.7970543863324724,100.0,0,complete_coverage,WRI Aqueduct 4.0 baseline_annual,0.2758064516129032,0.0596774193548387,0.4645161290322581,26.666666666666668,288.0,draft_scored,310,Equal-weight mean of three percentile ranks,False,26.666666666666668,288.0,26.895161290322577,282.0,21.491935483870968,295.0,31.612903225806456,262.0,33.0
53053,2024,WA,Pierce County,86930.0,9.4,100125.0,4,peeringdb_us_facilities_20261006T160916Z.json,2024,11.9,eia_residential_electricity_price_2024_by_state.csv,state,4,0.0241107429392732,100.0,0,complete_coverage,WRI Aqueduct 4.0 baseline_annual,0.3306451612903225,0.0596774193548387,0.2129032258064516,20.107526881720432,303.0,draft_scored,310,Equal-weight mean of three percentile ranks,False,20.107526881720425,303.0,23.346774193548384,295.0,16.57258064516129,304.0,20.403225806451612,300.0,9.0
53061,2024,WA,Snohomish County,73562.0,8.6,109146.0,4,peeringdb_us_facilities_20261006T160916Z.json,2024,11.9,eia_residential_electricity_price_2024_by_state.csv,state,4,1.3477907897493542,100.0,0,complete_coverage,WRI Aqueduct 4.0 baseline_annual,0.2532258064516129,0.0596774193548387,0.4032258064516129,23.87096774193548,296.0,draft_scored,310,Equal-weight mean of three percentile ranks,False,23.870967741935484,296.0,24.233870967741936,293.0,19.39516129032258,300.0,27.983870967741936,281.0,19.0
53063,2024,WA,Spokane County,58677.0,10.8,85192.0,3,peeringdb_us_facilities_20261006T160916Z.json,2024,11.9,eia_residential_electricity_price_2024_by_state.csv,state,3,2.1162503024981394,100.0,0,complete_coverage,WRI Aqueduct 4.0 baseline_annual,0.4709677419354838,0.0596774193548387,0.5241935483870968,35.16129032258064,257.0,draft_scored,310,Equal-weight mean of three percentile ranks,False,35.16129032258064,257.0,38.14516129032258,234.0,27.862903225806445,277.0,39.4758064516129,219.0,58.0
53073,2024,WA,Whatcom County,26190.0,11.4,85471.0,1,peeringdb_us_facilities_20261006T160916Z.json,2024,11.9,eia_residential_electricity_price_2024_by_state.csv,state,1,0.0,100.0,0,complete_coverage,WRI Aqueduct 4.0 baseline_annual,0.5112903225806451,0.0596774193548387,0.1064516129032258,22.58064516129032,299.0,draft_scored,310,Equal-weight mean of three percentile ranks,False,22.58064516129032,299.0,29.717741935483865,275.0,18.427419354838708,301.0,19.596774193548384,302.0,27.0
53077,2024,WA,Yakima County,42514.0,16.7,72458.0,1,peeringdb_us_facilities_20261006T160916Z.json,2024,11.9,eia_residential_electricity_price_2024_by_state.csv,state,1,0.0,100.0,0,complete_coverage,WRI Aqueduct 4.0 baseline_annual,0.867741935483871,0.0596774193548387,0.1064516129032258,34.462365591397855,265.0,draft_scored,310,Equal-weight mean of three percentile ranks,False,34.46236559139785,265.0,47.54032258064516,173.0,27.33870967741936,278.0,28.508064516129032,279.0,106.0
54033,2024,WV,Harrison County,8981.0,14.2,63576.0,1,peeringdb_us_facilities_20261006T160916Z.json,2024,15.07,eia_residential_electricity_price_2024_by_state.csv,state,1,2.359209189663807,100.0,0,complete_coverage,WRI Aqueduct 4.0 baseline_annual,0.7483870967741936,0.5758064516129032,0.5580645161290323,62.74193548387097,68.0,draft_scored,310,Equal-weight mean of three percentile ranks,False,62.74193548387097,68.0,65.76612903225806,62.0,61.45161290322581,92.0,61.00806451612903,90.0,30.0
54039,2024,WV,Kanawha County,26092.0,15.3,62137.0,3,peeringdb_us_facilities_20261006T160916Z.json,2024,15.07,eia_residential_electricity_price_2024_by_state.csv,state,3,0.0,100.0,0,complete_coverage,WRI Aqueduct 4.0 baseline_annual,0.8096774193548387,0.5758064516129032,0.1064516129032258,49.73118279569893,164.0,draft_scored,310,Equal-weight mean of three percentile ranks,False,49.73118279569892,164.0,57.54032258064517,103.0,51.693548387096776,150.0,39.95967741935484,217.0,114.0
55009,2024,WI,Brown County,22005.0,8.2,80803.0,1,peeringdb_us_facilities_20261006T160916Z.json,2024,17.18,eia_residential_electricity_price_2024_by_state.csv,state,1,0.0,100.0,0,complete_coverage,WRI Aqueduct 4.0 baseline_annual,0.2129032258064516,0.7064516129032258,0.1064516129032258,34.193548387096776,266.0,draft_scored,310,Equal-weight mean of three percentile ranks,False,34.19354838709677,267.0,30.967741935483872,271.0,43.306451612903224,204.0,28.306451612903228,280.0,76.0
55015,2024,WI,Calumet County,3072.0,5.8,94597.0,1,peeringdb_us_facilities_20261006T160916Z.json,2024,17.18,eia_residential_electricity_price_2024_by_state.csv,state,1,0.0,100.0,0,complete_coverage,WRI Aqueduct 4.0 baseline_annual,0.0564516129032258,0.7064516129032258,0.1064516129032258,28.97849462365591,281.0,draft_scored,310,Equal-weight mean of three percentile ranks,False,28.97849462365591,281.0,23.14516129032258,296.0,39.39516129032258,228.0,24.39516129032258,291.0,68.0
55025,2024,WI,Dane County,56450.0,9.9,91479.0,7,peeringdb_us_facilities_20261006T160916Z.json,2024,17.18,eia_residential_electricity_price_2024_by_state.csv,state,7,3.680821112347451,100.0,0,complete_coverage,WRI Aqueduct 4.0 baseline_annual,0.3854838709677419,0.7064516129032258,0.8338709677419355,64.19354838709678,57.0,draft_scored,310,Equal-weight mean of three percentile ranks,False,64.19354838709677,57.0,57.78225806451612,99.0,65.80645161290323,59.0,68.99193548387098,43.0,56.0
55039,2024,WI,Fond du Lac County,9231.0,9.1,77061.0,1,peeringdb_us_facilities_20261006T160916Z.json,2024,17.18,eia_residential_electricity_price_2024_by_state.csv,state,1,0.0,100.0,0,complete_coverage,WRI Aqueduct 4.0 baseline_annual,0.3080645161290322,0.7064516129032258,0.1064516129032258,37.36559139784946,243.0,draft_scored,310,Equal-weight mean of three percentile ranks,False,37.36559139784946,243.0,35.7258064516129,251.0,45.68548387096774,187.0,30.68548387096774,266.0,79.0
55079,2024,WI,Milwaukee County,152132.0,16.8,66339.0,6,peeringdb_us_facilities_20261006T160916Z.json,2024,17.18,eia_residential_electricity_price_2024_by_state.csv,state,6,2.671208037573646,100.0,0,complete_coverage,WRI Aqueduct 4.0 baseline_annual,0.8790322580645161,0.7064516129032258,0.6193548387096774,73.49462365591398,23.0,draft_scored,310,Equal-weight mean of three percentile ranks,False,73.49462365591397,23.0,77.09677419354838,13.0,72.78225806451613,27.0,70.60483870967742,31.0,18.0
55131,2024,WI,Washington County,8724.0,6.3,90279.0,1,peeringdb_us_facilities_20261006T160916Z.json,2024,17.18,eia_residential_electricity_price_2024_by_state.csv,state,1,2.671208037573646,100.0,0,complete_coverage,WRI Aqueduct 4.0 baseline_annual,0.0919354838709677,0.7064516129032258,0.6193548387096774,47.25806451612903,176.0,draft_scored,310,Equal-weight mean of three percentile ranks,False,47.258064516129025,176.0,37.74193548387096,236.0,53.104838709677416,142.0,50.92741935483871,154.0,94.0
55141,2024,WI,Wood County,8248.0,11.3,68299.0,1,peeringdb_us_facilities_20261006T160916Z.json,2024,17.18,eia_residential_electricity_price_2024_by_state.csv,state,1,3.3490146261566336,100.0,0,complete_coverage,WRI Aqueduct 4.0 baseline_annual,0.4983870967741935,0.7064516129032258,0.7806451612903226,66.18279569892472,48.0,draft_scored,310,Equal-weight mean of three percentile ranks,False,66.18279569892474,48.0,62.096774193548384,75.0,67.29838709677419,50.0,69.15322580645162,41.0,34.0
56005,2024,WY,Campbell County,4019.0,8.5,90961.0,1,peeringdb_us_facilities_20261006T160916Z.json,2024,12.47,eia_residential_electricity_price_2024_by_state.csv,state,1,3.38710021934518,100.0,0,complete_coverage,WRI Aqueduct 4.0 baseline_annual,0.2467741935483871,0.1387096774193548,0.7935483870967742,39.30107526881721,228.0,draft_scored,310,Equal-weight mean of three percentile ranks,False,39.3010752688172,228.0,35.64516129032258,252.0,32.943548387096776,250.0,49.314516129032256,166.0,86.0
56009,2024,WY,Converse County,1338.0,9.8,86030.0,1,peeringdb_us_facilities_20261006T160916Z.json,2024,12.47,eia_residential_electricity_price_2024_by_state.csv,state,1,3.1837945708028337,100.0,0,complete_coverage,WRI Aqueduct 4.0 baseline_annual,0.3741935483870968,0.1387096774193548,0.7532258064516129,42.204301075268816,208.0,draft_scored,310,Equal-weight mean of three percentile ranks,False,42.204301075268816,208.0,41.008064516129025,213.0,35.12096774193548,243.0,50.483870967741936,161.0,82.0
56013,2024,WY,Fremont County,4830.0,12.5,67636.0,1,peeringdb_us_facilities_20261006T160916Z.json,2024,12.47,eia_residential_electricity_price_2024_by_state.csv,state,1,4.433352053081278,100.0,0,complete_coverage,WRI Aqueduct 4.0 baseline_annual,0.6064516129032258,0.1387096774193548,0.9193548387096774,55.483870967741936,122.0,draft_scored,310,Equal-weight mean of three percentile ranks,False,55.48387096774192,122.0,56.774193548387096,110.0,45.08064516129032,190.0,64.59677419354838,67.0,123.0
56021,2024,WY,Laramie County,8398.0,8.4,82615.0,4,peeringdb_us_facilities_20261006T160916Z.json,2024,12.47,eia_residential_electricity_price_2024_by_state.csv,state,4,5.0,100.0,0,complete_coverage,WRI Aqueduct 4.0 baseline_annual,0.2354838709677419,0.1387096774193548,0.9661290322580646,44.67741935483871,193.0,draft_scored,310,Equal-weight mean of three percentile ranks,False,44.677419354838705,194.0,39.39516129032258,224.0,36.975806451612904,237.0,57.66129032258065,111.0,126.0
56025,2024,WY,Natrona County,8459.0,10.7,74774.0,2,peeringdb_us_facilities_20261006T160916Z.json,2024,12.47,eia_residential_electricity_price_2024_by_state.csv,state,2,3.1837945708028337,100.0,0,complete_coverage,WRI Aqueduct 4.0 baseline_annual,0.4645161290322581,0.1387096774193548,0.7532258064516129,45.215053763440864,190.0,draft_scored,310,Equal-weight mean of three percentile ranks,False,45.21505376344086,191.0,45.524193548387096,185.0,37.37903225806451,236.0,52.74193548387096,142.0,94.0
56031,2024,WY,Platte County,902.0,10.7,69034.0,1,peeringdb_us_facilities_20261006T160916Z.json,2024,12.47,eia_residential_electricity_price_2024_by_state.csv,state,1,3.197951895936595,100.0,0,complete_coverage,WRI Aqueduct 4.0 baseline_annual,0.4645161290322581,0.1387096774193548,0.7580645161290323,45.37634408602151,187.0,draft_scored,310,Equal-weight mean of three percentile ranks,False,45.376344086021504,187.0,45.645161290322584,182.0,37.5,234.0,52.98387096774193,139.0,95.0
56033,2024,WY,Sheridan County,2923.0,9.0,75757.0,2,peeringdb_us_facilities_20261006T160916Z.json,2024,12.47,eia_residential_electricity_price_2024_by_state.csv,state,2,2.8922512418376827,100.0,0,complete_coverage,WRI Aqueduct 4.0 baseline_annual,0.2983870967741935,0.1387096774193548,0.7193548387096774,38.54838709677419,232.0,draft_scored,310,Equal-weight mean of three percentile ranks,False,38.54838709677419,232.0,36.37096774193548,241.0,32.37903225806451,253.0,46.89516129032258,183.0,70.0
