county_fips,saipe_year,state,county_name,poverty_count,poverty_rate,median_household_income,listed_facility_count,facility_source_file,electricity_year,residential_price_cents_kwh,electricity_source_file,electricity_geographic_level,water_stress_facility_count,mean_facility_water_stress_score,water_stress_coverage_pct,water_stress_review_count,water_stress_summary_status,water_stress_source
01001,2024,AL,Autauga County,7829.0,12.9,78840.0,0,peeringdb_us_facilities_20261006T160916Z.json,2024,15.18,eia_residential_electricity_price_2024_by_state.csv,state,0,,,0,no_listed_facilities,WRI Aqueduct 4.0 baseline_annual
01003,2024,AL,Baldwin County,26958.0,10.5,82519.0,0,peeringdb_us_facilities_20261006T160916Z.json,2024,15.18,eia_residential_electricity_price_2024_by_state.csv,state,0,,,0,no_listed_facilities,WRI Aqueduct 4.0 baseline_annual
01005,2024,AL,Barbour County,6093.0,28.1,45902.0,0,peeringdb_us_facilities_20261006T160916Z.json,2024,15.18,eia_residential_electricity_price_2024_by_state.csv,state,0,,,0,no_listed_facilities,WRI Aqueduct 4.0 baseline_annual
01007,2024,AL,Bibb County,4334.0,21.6,60359.0,0,peeringdb_us_facilities_20261006T160916Z.json,2024,15.18,eia_residential_electricity_price_2024_by_state.csv,state,0,,,0,no_listed_facilities,WRI Aqueduct 4.0 baseline_annual
01009,2024,AL,Blount County,6998.0,11.7,69371.0,0,peeringdb_us_facilities_20261006T160916Z.json,2024,15.18,eia_residential_electricity_price_2024_by_state.csv,state,0,,,0,no_listed_facilities,WRI Aqueduct 4.0 baseline_annual
01011,2024,AL,Bullock County,3026.0,36.7,36826.0,0,peeringdb_us_facilities_20261006T160916Z.json,2024,15.18,eia_residential_electricity_price_2024_by_state.csv,state,0,,,0,no_listed_facilities,WRI Aqueduct 4.0 baseline_annual
01013,2024,AL,Butler County,3650.0,20.3,47673.0,0,peeringdb_us_facilities_20261006T160916Z.json,2024,15.18,eia_residential_electricity_price_2024_by_state.csv,state,0,,,0,no_listed_facilities,WRI Aqueduct 4.0 baseline_annual
01015,2024,AL,Calhoun County,20451.0,18.5,53533.0,0,peeringdb_us_facilities_20261006T160916Z.json,2024,15.18,eia_residential_electricity_price_2024_by_state.csv,state,0,,,0,no_listed_facilities,WRI Aqueduct 4.0 baseline_annual
01017,2024,AL,Chambers County,6218.0,18.9,51067.0,0,peeringdb_us_facilities_20261006T160916Z.json,2024,15.18,eia_residential_electricity_price_2024_by_state.csv,state,0,,,0,no_listed_facilities,WRI Aqueduct 4.0 baseline_annual
01019,2024,AL,Cherokee County,3988.0,15.4,61632.0,0,peeringdb_us_facilities_20261006T160916Z.json,2024,15.18,eia_residential_electricity_price_2024_by_state.csv,state,0,,,0,no_listed_facilities,WRI Aqueduct 4.0 baseline_annual
01021,2024,AL,Chilton County,7195.0,15.4,66063.0,0,peeringdb_us_facilities_20261006T160916Z.json,2024,15.18,eia_residential_electricity_price_2024_by_state.csv,state,0,,,0,no_listed_facilities,WRI Aqueduct 4.0 baseline_annual
01023,2024,AL,Choctaw County,2626.0,21.9,49024.0,0,peeringdb_us_facilities_20261006T160916Z.json,2024,15.18,eia_residential_electricity_price_2024_by_state.csv,state,0,,,0,no_listed_facilities,WRI Aqueduct 4.0 baseline_annual
01025,2024,AL,Clarke County,3873.0,17.8,49366.0,0,peeringdb_us_facilities_20261006T160916Z.json,2024,15.18,eia_residential_electricity_price_2024_by_state.csv,state,0,,,0,no_listed_facilities,WRI Aqueduct 4.0 baseline_annual
01027,2024,AL,Clay County,2429.0,17.4,53550.0,0,peeringdb_us_facilities_20261006T160916Z.json,2024,15.18,eia_residential_electricity_price_2024_by_state.csv,state,0,,,0,no_listed_facilities,WRI Aqueduct 4.0 baseline_annual
01029,2024,AL,Cleburne County,2198.0,14.0,62370.0,0,peeringdb_us_facilities_20261006T160916Z.json,2024,15.18,eia_residential_electricity_price_2024_by_state.csv,state,0,,,0,no_listed_facilities,WRI Aqueduct 4.0 baseline_annual
01031,2024,AL,Coffee County,7178.0,12.9,71584.0,0,peeringdb_us_facilities_20261006T160916Z.json,2024,15.18,eia_residential_electricity_price_2024_by_state.csv,state,0,,,0,no_listed_facilities,WRI Aqueduct 4.0 baseline_annual
01033,2024,AL,Colbert County,8675.0,14.9,62972.0,0,peeringdb_us_facilities_20261006T160916Z.json,2024,15.18,eia_residential_electricity_price_2024_by_state.csv,state,0,,,0,no_listed_facilities,WRI Aqueduct 4.0 baseline_annual
01035,2024,AL,Conecuh County,2491.0,22.7,42886.0,0,peeringdb_us_facilities_20261006T160916Z.json,2024,15.18,eia_residential_electricity_price_2024_by_state.csv,state,0,,,0,no_listed_facilities,WRI Aqueduct 4.0 baseline_annual
01037,2024,AL,Coosa County,1903.0,19.1,53054.0,0,peeringdb_us_facilities_20261006T160916Z.json,2024,15.18,eia_residential_electricity_price_2024_by_state.csv,state,0,,,0,no_listed_facilities,WRI Aqueduct 4.0 baseline_annual
01039,2024,AL,Covington County,7004.0,18.9,53576.0,0,peeringdb_us_facilities_20261006T160916Z.json,2024,15.18,eia_residential_electricity_price_2024_by_state.csv,state,0,,,0,no_listed_facilities,WRI Aqueduct 4.0 baseline_annual
01041,2024,AL,Crenshaw County,2636.0,20.4,51238.0,0,peeringdb_us_facilities_20261006T160916Z.json,2024,15.18,eia_residential_electricity_price_2024_by_state.csv,state,0,,,0,no_listed_facilities,WRI Aqueduct 4.0 baseline_annual
01043,2024,AL,Cullman County,12858.0,14.1,64722.0,0,peeringdb_us_facilities_20261006T160916Z.json,2024,15.18,eia_residential_electricity_price_2024_by_state.csv,state,0,,,0,no_listed_facilities,WRI Aqueduct 4.0 baseline_annual
01045,2024,AL,Dale County,8533.0,17.3,58359.0,0,peeringdb_us_facilities_20261006T160916Z.json,2024,15.18,eia_residential_electricity_price_2024_by_state.csv,state,0,,,0,no_listed_facilities,WRI Aqueduct 4.0 baseline_annual
01047,2024,AL,Dallas County,10400.0,29.6,41409.0,0,peeringdb_us_facilities_20261006T160916Z.json,2024,15.18,eia_residential_electricity_price_2024_by_state.csv,state,0,,,0,no_listed_facilities,WRI Aqueduct 4.0 baseline_annual
01049,2024,AL,DeKalb County,15403.0,21.3,54180.0,0,peeringdb_us_facilities_20261006T160916Z.json,2024,15.18,eia_residential_electricity_price_2024_by_state.csv,state,0,,,0,no_listed_facilities,WRI Aqueduct 4.0 baseline_annual
01051,2024,AL,Elmore County,9441.0,11.1,80024.0,0,peeringdb_us_facilities_20261006T160916Z.json,2024,15.18,eia_residential_electricity_price_2024_by_state.csv,state,0,,,0,no_listed_facilities,WRI Aqueduct 4.0 baseline_annual
01053,2024,AL,Escambia County,6775.0,19.7,56963.0,0,peeringdb_us_facilities_20261006T160916Z.json,2024,15.18,eia_residential_electricity_price_2024_by_state.csv,state,0,,,0,no_listed_facilities,WRI Aqueduct 4.0 baseline_annual
01055,2024,AL,Etowah County,17475.0,17.2,57284.0,0,peeringdb_us_facilities_20261006T160916Z.json,2024,15.18,eia_residential_electricity_price_2024_by_state.csv,state,0,,,0,no_listed_facilities,WRI Aqueduct 4.0 baseline_annual
01057,2024,AL,Fayette County,2735.0,17.5,54089.0,0,peeringdb_us_facilities_20261006T160916Z.json,2024,15.18,eia_residential_electricity_price_2024_by_state.csv,state,0,,,0,no_listed_facilities,WRI Aqueduct 4.0 baseline_annual
01059,2024,AL,Franklin County,5596.0,17.9,56059.0,0,peeringdb_us_facilities_20261006T160916Z.json,2024,15.18,eia_residential_electricity_price_2024_by_state.csv,state,0,,,0,no_listed_facilities,WRI Aqueduct 4.0 baseline_annual
01061,2024,AL,Geneva County,4611.0,17.1,55097.0,0,peeringdb_us_facilities_20261006T160916Z.json,2024,15.18,eia_residential_electricity_price_2024_by_state.csv,state,0,,,0,no_listed_facilities,WRI Aqueduct 4.0 baseline_annual
01063,2024,AL,Greene County,2392.0,33.7,35813.0,0,peeringdb_us_facilities_20261006T160916Z.json,2024,15.18,eia_residential_electricity_price_2024_by_state.csv,state,0,,,0,no_listed_facilities,WRI Aqueduct 4.0 baseline_annual
01065,2024,AL,Hale County,3136.0,21.0,50041.0,0,peeringdb_us_facilities_20261006T160916Z.json,2024,15.18,eia_residential_electricity_price_2024_by_state.csv,state,0,,,0,no_listed_facilities,WRI Aqueduct 4.0 baseline_annual
01067,2024,AL,Henry County,2875.0,16.0,62086.0,0,peeringdb_us_facilities_20261006T160916Z.json,2024,15.18,eia_residential_electricity_price_2024_by_state.csv,state,0,,,0,no_listed_facilities,WRI Aqueduct 4.0 baseline_annual
01069,2024,AL,Houston County,18412.0,17.0,59056.0,0,peeringdb_us_facilities_20261006T160916Z.json,2024,15.18,eia_residential_electricity_price_2024_by_state.csv,state,0,,,0,no_listed_facilities,WRI Aqueduct 4.0 baseline_annual
01071,2024,AL,Jackson County,9026.0,17.0,56900.0,0,peeringdb_us_facilities_20261006T160916Z.json,2024,15.18,eia_residential_electricity_price_2024_by_state.csv,state,0,,,0,no_listed_facilities,WRI Aqueduct 4.0 baseline_annual
01073,2024,AL,Jefferson County,91891.0,14.2,69346.0,1,peeringdb_us_facilities_20261006T160916Z.json,2024,15.18,eia_residential_electricity_price_2024_by_state.csv,state,1,1.2317908728086546,100.0,0,complete_coverage,WRI Aqueduct 4.0 baseline_annual
01075,2024,AL,Lamar County,2421.0,18.1,54598.0,0,peeringdb_us_facilities_20261006T160916Z.json,2024,15.18,eia_residential_electricity_price_2024_by_state.csv,state,0,,,0,no_listed_facilities,WRI Aqueduct 4.0 baseline_annual
01077,2024,AL,Lauderdale County,11831.0,12.8,67098.0,0,peeringdb_us_facilities_20261006T160916Z.json,2024,15.18,eia_residential_electricity_price_2024_by_state.csv,state,0,,,0,no_listed_facilities,WRI Aqueduct 4.0 baseline_annual
01079,2024,AL,Lawrence County,5348.0,16.1,68936.0,0,peeringdb_us_facilities_20261006T160916Z.json,2024,15.18,eia_residential_electricity_price_2024_by_state.csv,state,0,,,0,no_listed_facilities,WRI Aqueduct 4.0 baseline_annual
01081,2024,AL,Lee County,30835.0,16.9,70233.0,1,peeringdb_us_facilities_20261006T160916Z.json,2024,15.18,eia_residential_electricity_price_2024_by_state.csv,state,1,2.8215539234652787,100.0,0,complete_coverage,WRI Aqueduct 4.0 baseline_annual
01083,2024,AL,Limestone County,11906.0,10.3,78991.0,0,peeringdb_us_facilities_20261006T160916Z.json,2024,15.18,eia_residential_electricity_price_2024_by_state.csv,state,0,,,0,no_listed_facilities,WRI Aqueduct 4.0 baseline_annual
01085,2024,AL,Lowndes County,2327.0,25.0,46580.0,0,peeringdb_us_facilities_20261006T160916Z.json,2024,15.18,eia_residential_electricity_price_2024_by_state.csv,state,0,,,0,no_listed_facilities,WRI Aqueduct 4.0 baseline_annual
01087,2024,AL,Macon County,4980.0,30.8,43643.0,0,peeringdb_us_facilities_20261006T160916Z.json,2024,15.18,eia_residential_electricity_price_2024_by_state.csv,state,0,,,0,no_listed_facilities,WRI Aqueduct 4.0 baseline_annual
01089,2024,AL,Madison County,39626.0,9.6,89197.0,3,peeringdb_us_facilities_20261006T160916Z.json,2024,15.18,eia_residential_electricity_price_2024_by_state.csv,state,3,0.3123497093174933,100.0,0,complete_coverage,WRI Aqueduct 4.0 baseline_annual
01091,2024,AL,Marengo County,3951.0,21.6,49716.0,0,peeringdb_us_facilities_20261006T160916Z.json,2024,15.18,eia_residential_electricity_price_2024_by_state.csv,state,0,,,0,no_listed_facilities,WRI Aqueduct 4.0 baseline_annual
01093,2024,AL,Marion County,4656.0,16.3,52965.0,0,peeringdb_us_facilities_20261006T160916Z.json,2024,15.18,eia_residential_electricity_price_2024_by_state.csv,state,0,,,0,no_listed_facilities,WRI Aqueduct 4.0 baseline_annual
01095,2024,AL,Marshall County,16033.0,15.9,64913.0,0,peeringdb_us_facilities_20261006T160916Z.json,2024,15.18,eia_residential_electricity_price_2024_by_state.csv,state,0,,,0,no_listed_facilities,WRI Aqueduct 4.0 baseline_annual
01097,2024,AL,Mobile County,67454.0,16.7,60321.0,0,peeringdb_us_facilities_20261006T160916Z.json,2024,15.18,eia_residential_electricity_price_2024_by_state.csv,state,0,,,0,no_listed_facilities,WRI Aqueduct 4.0 baseline_annual
01099,2024,AL,Monroe County,4000.0,21.2,51014.0,0,peeringdb_us_facilities_20261006T160916Z.json,2024,15.18,eia_residential_electricity_price_2024_by_state.csv,state,0,,,0,no_listed_facilities,WRI Aqueduct 4.0 baseline_annual
01101,2024,AL,Montgomery County,43701.0,20.2,61102.0,1,peeringdb_us_facilities_20261006T160916Z.json,2024,15.18,eia_residential_electricity_price_2024_by_state.csv,state,1,2.054043439310239,100.0,0,complete_coverage,WRI Aqueduct 4.0 baseline_annual
01103,2024,AL,Morgan County,18806.0,15.2,68601.0,0,peeringdb_us_facilities_20261006T160916Z.json,2024,15.18,eia_residential_electricity_price_2024_by_state.csv,state,0,,,0,no_listed_facilities,WRI Aqueduct 4.0 baseline_annual
01105,2024,AL,Perry County,2203.0,29.8,37105.0,0,peeringdb_us_facilities_20261006T160916Z.json,2024,15.18,eia_residential_electricity_price_2024_by_state.csv,state,0,,,0,no_listed_facilities,WRI Aqueduct 4.0 baseline_annual
01107,2024,AL,Pickens County,3641.0,22.0,48960.0,0,peeringdb_us_facilities_20261006T160916Z.json,2024,15.18,eia_residential_electricity_price_2024_by_state.csv,state,0,,,0,no_listed_facilities,WRI Aqueduct 4.0 baseline_annual
01109,2024,AL,Pike County,7100.0,22.8,51052.0,0,peeringdb_us_facilities_20261006T160916Z.json,2024,15.18,eia_residential_electricity_price_2024_by_state.csv,state,0,,,0,no_listed_facilities,WRI Aqueduct 4.0 baseline_annual
01111,2024,AL,Randolph County,4167.0,18.6,54403.0,0,peeringdb_us_facilities_20261006T160916Z.json,2024,15.18,eia_residential_electricity_price_2024_by_state.csv,state,0,,,0,no_listed_facilities,WRI Aqueduct 4.0 baseline_annual
01113,2024,AL,Russell County,11721.0,20.2,53867.0,0,peeringdb_us_facilities_20261006T160916Z.json,2024,15.18,eia_residential_electricity_price_2024_by_state.csv,state,0,,,0,no_listed_facilities,WRI Aqueduct 4.0 baseline_annual
01115,2024,AL,St. Clair County,9158.0,9.7,76980.0,0,peeringdb_us_facilities_20261006T160916Z.json,2024,15.18,eia_residential_electricity_price_2024_by_state.csv,state,0,,,0,no_listed_facilities,WRI Aqueduct 4.0 baseline_annual
01117,2024,AL,Shelby County,15877.0,6.8,102861.0,0,peeringdb_us_facilities_20261006T160916Z.json,2024,15.18,eia_residential_electricity_price_2024_by_state.csv,state,0,,,0,no_listed_facilities,WRI Aqueduct 4.0 baseline_annual
01119,2024,AL,Sumter County,3458.0,32.6,36855.0,0,peeringdb_us_facilities_20261006T160916Z.json,2024,15.18,eia_residential_electricity_price_2024_by_state.csv,state,0,,,0,no_listed_facilities,WRI Aqueduct 4.0 baseline_annual
01121,2024,AL,Talladega County,14988.0,19.0,55578.0,0,peeringdb_us_facilities_20261006T160916Z.json,2024,15.18,eia_residential_electricity_price_2024_by_state.csv,state,0,,,0,no_listed_facilities,WRI Aqueduct 4.0 baseline_annual
01123,2024,AL,Tallapoosa County,6789.0,17.0,60578.0,0,peeringdb_us_facilities_20261006T160916Z.json,2024,15.18,eia_residential_electricity_price_2024_by_state.csv,state,0,,,0,no_listed_facilities,WRI Aqueduct 4.0 baseline_annual
01125,2024,AL,Tuscaloosa County,36047.0,16.5,67379.0,0,peeringdb_us_facilities_20261006T160916Z.json,2024,15.18,eia_residential_electricity_price_2024_by_state.csv,state,0,,,0,no_listed_facilities,WRI Aqueduct 4.0 baseline_annual
01127,2024,AL,Walker County,11620.0,18.1,57993.0,0,peeringdb_us_facilities_20261006T160916Z.json,2024,15.18,eia_residential_electricity_price_2024_by_state.csv,state,0,,,0,no_listed_facilities,WRI Aqueduct 4.0 baseline_annual
01129,2024,AL,Washington County,2642.0,17.8,59645.0,0,peeringdb_us_facilities_20261006T160916Z.json,2024,15.18,eia_residential_electricity_price_2024_by_state.csv,state,0,,,0,no_listed_facilities,WRI Aqueduct 4.0 baseline_annual
01131,2024,AL,Wilcox County,3287.0,34.0,36703.0,0,peeringdb_us_facilities_20261006T160916Z.json,2024,15.18,eia_residential_electricity_price_2024_by_state.csv,state,0,,,0,no_listed_facilities,WRI Aqueduct 4.0 baseline_annual
01133,2024,AL,Winston County,3795.0,16.1,58945.0,0,peeringdb_us_facilities_20261006T160916Z.json,2024,15.18,eia_residential_electricity_price_2024_by_state.csv,state,0,,,0,no_listed_facilities,WRI Aqueduct 4.0 baseline_annual
02013,2024,AK,Aleutians East Borough,744.0,20.5,86702.0,0,peeringdb_us_facilities_20261006T160916Z.json,2024,24.82,eia_residential_electricity_price_2024_by_state.csv,state,0,,,0,no_listed_facilities,WRI Aqueduct 4.0 baseline_annual
02016,2024,AK,Aleutians West Census Area,612.0,11.8,109399.0,0,peeringdb_us_facilities_20261006T160916Z.json,2024,24.82,eia_residential_electricity_price_2024_by_state.csv,state,0,,,0,no_listed_facilities,WRI Aqueduct 4.0 baseline_annual
02020,2024,AK,Anchorage Borough,24524.0,8.7,103780.0,2,peeringdb_us_facilities_20261006T160916Z.json,2024,24.82,eia_residential_electricity_price_2024_by_state.csv,state,2,0.2380502544531817,100.0,0,complete_coverage,WRI Aqueduct 4.0 baseline_annual
02050,2024,AK,Bethel Census Area,5085.0,28.4,59237.0,0,peeringdb_us_facilities_20261006T160916Z.json,2024,24.82,eia_residential_electricity_price_2024_by_state.csv,state,0,,,0,no_listed_facilities,WRI Aqueduct 4.0 baseline_annual
02060,2024,AK,Bristol Bay Borough,100.0,11.4,99684.0,0,peeringdb_us_facilities_20261006T160916Z.json,2024,24.82,eia_residential_electricity_price_2024_by_state.csv,state,0,,,0,no_listed_facilities,WRI Aqueduct 4.0 baseline_annual
02063,2024,AK,Chugach Census Area,503.0,7.9,97265.0,0,peeringdb_us_facilities_20261006T160916Z.json,2024,24.82,eia_residential_electricity_price_2024_by_state.csv,state,0,,,0,no_listed_facilities,WRI Aqueduct 4.0 baseline_annual
02066,2024,AK,Copper River Census Area,346.0,13.2,75304.0,0,peeringdb_us_facilities_20261006T160916Z.json,2024,24.82,eia_residential_electricity_price_2024_by_state.csv,state,0,,,0,no_listed_facilities,WRI Aqueduct 4.0 baseline_annual
02068,2024,AK,Denali Borough,123.0,7.6,92588.0,0,peeringdb_us_facilities_20261006T160916Z.json,2024,24.82,eia_residential_electricity_price_2024_by_state.csv,state,0,,,0,no_listed_facilities,WRI Aqueduct 4.0 baseline_annual
02070,2024,AK,Dillingham Census Area,1088.0,23.6,65689.0,0,peeringdb_us_facilities_20261006T160916Z.json,2024,24.82,eia_residential_electricity_price_2024_by_state.csv,state,0,,,0,no_listed_facilities,WRI Aqueduct 4.0 baseline_annual
02090,2024,AK,Fairbanks North Star Borough,6437.0,7.1,92086.0,1,peeringdb_us_facilities_20261006T160916Z.json,2024,24.82,eia_residential_electricity_price_2024_by_state.csv,state,1,2.848659097963308,100.0,0,complete_coverage,WRI Aqueduct 4.0 baseline_annual
02100,2024,AK,Haines Borough,211.0,10.1,71305.0,0,peeringdb_us_facilities_20261006T160916Z.json,2024,24.82,eia_residential_electricity_price_2024_by_state.csv,state,0,,,0,no_listed_facilities,WRI Aqueduct 4.0 baseline_annual
02105,2024,AK,Hoonah-Angoon Census Area,389.0,16.8,70694.0,0,peeringdb_us_facilities_20261006T160916Z.json,2024,24.82,eia_residential_electricity_price_2024_by_state.csv,state,0,,,0,no_listed_facilities,WRI Aqueduct 4.0 baseline_annual
02110,2024,AK,Juneau Borough,2543.0,8.2,105304.0,0,peeringdb_us_facilities_20261006T160916Z.json,2024,24.82,eia_residential_electricity_price_2024_by_state.csv,state,0,,,0,no_listed_facilities,WRI Aqueduct 4.0 baseline_annual
02122,2024,AK,Kenai Peninsula Borough,6359.0,10.6,82655.0,0,peeringdb_us_facilities_20261006T160916Z.json,2024,24.82,eia_residential_electricity_price_2024_by_state.csv,state,0,,,0,no_listed_facilities,WRI Aqueduct 4.0 baseline_annual
02130,2024,AK,Ketchikan Gateway Borough,1115.0,8.2,92939.0,0,peeringdb_us_facilities_20261006T160916Z.json,2024,24.82,eia_residential_electricity_price_2024_by_state.csv,state,0,,,0,no_listed_facilities,WRI Aqueduct 4.0 baseline_annual
02150,2024,AK,Kodiak Island Borough,1022.0,8.3,92237.0,0,peeringdb_us_facilities_20261006T160916Z.json,2024,24.82,eia_residential_electricity_price_2024_by_state.csv,state,0,,,0,no_listed_facilities,WRI Aqueduct 4.0 baseline_annual
02158,2024,AK,Kusilvak Census Area,2757.0,34.9,43511.0,0,peeringdb_us_facilities_20261006T160916Z.json,2024,24.82,eia_residential_electricity_price_2024_by_state.csv,state,0,,,0,no_listed_facilities,WRI Aqueduct 4.0 baseline_annual
02164,2024,AK,Lake and Peninsula Borough,265.0,20.2,59966.0,0,peeringdb_us_facilities_20261006T160916Z.json,2024,24.82,eia_residential_electricity_price_2024_by_state.csv,state,0,,,0,no_listed_facilities,WRI Aqueduct 4.0 baseline_annual
02170,2024,AK,Matanuska-Susitna Borough,10307.0,9.0,98022.0,0,peeringdb_us_facilities_20261006T160916Z.json,2024,24.82,eia_residential_electricity_price_2024_by_state.csv,state,0,,,0,no_listed_facilities,WRI Aqueduct 4.0 baseline_annual
02180,2024,AK,Nome Census Area,2154.0,22.4,69885.0,0,peeringdb_us_facilities_20261006T160916Z.json,2024,24.82,eia_residential_electricity_price_2024_by_state.csv,state,0,,,0,no_listed_facilities,WRI Aqueduct 4.0 baseline_annual
02185,2024,AK,North Slope Borough,1571.0,14.8,102563.0,0,peeringdb_us_facilities_20261006T160916Z.json,2024,24.82,eia_residential_electricity_price_2024_by_state.csv,state,0,,,0,no_listed_facilities,WRI Aqueduct 4.0 baseline_annual
02188,2024,AK,Northwest Arctic Borough,1678.0,23.8,72928.0,0,peeringdb_us_facilities_20261006T160916Z.json,2024,24.82,eia_residential_electricity_price_2024_by_state.csv,state,0,,,0,no_listed_facilities,WRI Aqueduct 4.0 baseline_annual
02195,2024,AK,Petersburg Borough,300.0,9.1,77989.0,0,peeringdb_us_facilities_20261006T160916Z.json,2024,24.82,eia_residential_electricity_price_2024_by_state.csv,state,0,,,0,no_listed_facilities,WRI Aqueduct 4.0 baseline_annual
02198,2024,AK,Prince of Wales-Hyder Census Area,964.0,16.9,63370.0,0,peeringdb_us_facilities_20261006T160916Z.json,2024,24.82,eia_residential_electricity_price_2024_by_state.csv,state,0,,,0,no_listed_facilities,WRI Aqueduct 4.0 baseline_annual
02220,2024,AK,Sitka Borough,704.0,8.6,91990.0,0,peeringdb_us_facilities_20261006T160916Z.json,2024,24.82,eia_residential_electricity_price_2024_by_state.csv,state,0,,,0,no_listed_facilities,WRI Aqueduct 4.0 baseline_annual
02230,2024,AK,Skagway Municipality,69.0,6.2,89234.0,0,peeringdb_us_facilities_20261006T160916Z.json,2024,24.82,eia_residential_electricity_price_2024_by_state.csv,state,0,,,0,no_listed_facilities,WRI Aqueduct 4.0 baseline_annual
02240,2024,AK,Southeast Fairbanks Census Area,917.0,12.7,80754.0,1,peeringdb_us_facilities_20261006T160916Z.json,2024,24.82,eia_residential_electricity_price_2024_by_state.csv,state,1,0.0,100.0,0,complete_coverage,WRI Aqueduct 4.0 baseline_annual
02275,2024,AK,Wrangell City and Borough,228.0,11.1,72244.0,0,peeringdb_us_facilities_20261006T160916Z.json,2024,24.82,eia_residential_electricity_price_2024_by_state.csv,state,0,,,0,no_listed_facilities,WRI Aqueduct 4.0 baseline_annual
02282,2024,AK,Yakutat Borough,105.0,15.2,75870.0,0,peeringdb_us_facilities_20261006T160916Z.json,2024,24.82,eia_residential_electricity_price_2024_by_state.csv,state,0,,,0,no_listed_facilities,WRI Aqueduct 4.0 baseline_annual
02290,2024,AK,Yukon-Koyukuk Census Area,1007.0,19.9,52856.0,0,peeringdb_us_facilities_20261006T160916Z.json,2024,24.82,eia_residential_electricity_price_2024_by_state.csv,state,0,,,0,no_listed_facilities,WRI Aqueduct 4.0 baseline_annual
04001,2024,AZ,Apache County,18708.0,29.3,43939.0,0,peeringdb_us_facilities_20261006T160916Z.json,2024,14.91,eia_residential_electricity_price_2024_by_state.csv,state,0,,,0,no_listed_facilities,WRI Aqueduct 4.0 baseline_annual
04003,2024,AZ,Cochise County,17762.0,14.5,60975.0,0,peeringdb_us_facilities_20261006T160916Z.json,2024,14.91,eia_residential_electricity_price_2024_by_state.csv,state,0,,,0,no_listed_facilities,WRI Aqueduct 4.0 baseline_annual
04005,2024,AZ,Coconino County,20374.0,15.2,74564.0,0,peeringdb_us_facilities_20261006T160916Z.json,2024,14.91,eia_residential_electricity_price_2024_by_state.csv,state,0,,,0,no_listed_facilities,WRI Aqueduct 4.0 baseline_annual
04007,2024,AZ,Gila County,10153.0,19.1,59678.0,0,peeringdb_us_facilities_20261006T160916Z.json,2024,14.91,eia_residential_electricity_price_2024_by_state.csv,state,0,,,0,no_listed_facilities,WRI Aqueduct 4.0 baseline_annual
04009,2024,AZ,Graham County,7204.0,19.3,64504.0,0,peeringdb_us_facilities_20261006T160916Z.json,2024,14.91,eia_residential_electricity_price_2024_by_state.csv,state,0,,,0,no_listed_facilities,WRI Aqueduct 4.0 baseline_annual
04011,2024,AZ,Greenlee County,919.0,9.8,84148.0,0,peeringdb_us_facilities_20261006T160916Z.json,2024,14.91,eia_residential_electricity_price_2024_by_state.csv,state,0,,,0,no_listed_facilities,WRI Aqueduct 4.0 baseline_annual
04012,2024,AZ,La Paz County,3140.0,18.7,51062.0,0,peeringdb_us_facilities_20261006T160916Z.json,2024,14.91,eia_residential_electricity_price_2024_by_state.csv,state,0,,,0,no_listed_facilities,WRI Aqueduct 4.0 baseline_annual
04013,2024,AZ,Maricopa County,478601.0,10.4,90919.0,26,peeringdb_us_facilities_20261006T160916Z.json,2024,14.91,eia_residential_electricity_price_2024_by_state.csv,state,26,4.903128214775712,100.0,0,complete_coverage,WRI Aqueduct 4.0 baseline_annual
04015,2024,AZ,Mohave County,32467.0,14.6,61016.0,0,peeringdb_us_facilities_20261006T160916Z.json,2024,14.91,eia_residential_electricity_price_2024_by_state.csv,state,0,,,0,no_listed_facilities,WRI Aqueduct 4.0 baseline_annual
04017,2024,AZ,Navajo County,24466.0,22.7,54293.0,0,peeringdb_us_facilities_20261006T160916Z.json,2024,14.91,eia_residential_electricity_price_2024_by_state.csv,state,0,,,0,no_listed_facilities,WRI Aqueduct 4.0 baseline_annual
04019,2024,AZ,Pima County,144993.0,13.8,71993.0,3,peeringdb_us_facilities_20261006T160916Z.json,2024,14.91,eia_residential_electricity_price_2024_by_state.csv,state,3,5.0,100.0,0,complete_coverage,WRI Aqueduct 4.0 baseline_annual
04021,2024,AZ,Pinal County,54250.0,11.0,81817.0,0,peeringdb_us_facilities_20261006T160916Z.json,2024,14.91,eia_residential_electricity_price_2024_by_state.csv,state,0,,,0,no_listed_facilities,WRI Aqueduct 4.0 baseline_annual
04023,2024,AZ,Santa Cruz County,8774.0,17.4,57125.0,1,peeringdb_us_facilities_20261006T160916Z.json,2024,14.91,eia_residential_electricity_price_2024_by_state.csv,state,1,5.0,100.0,0,complete_coverage,WRI Aqueduct 4.0 baseline_annual
04025,2024,AZ,Yavapai County,24455.0,9.8,74247.0,0,peeringdb_us_facilities_20261006T160916Z.json,2024,14.91,eia_residential_electricity_price_2024_by_state.csv,state,0,,,0,no_listed_facilities,WRI Aqueduct 4.0 baseline_annual
04027,2024,AZ,Yuma County,35376.0,16.6,64906.0,0,peeringdb_us_facilities_20261006T160916Z.json,2024,14.91,eia_residential_electricity_price_2024_by_state.csv,state,0,,,0,no_listed_facilities,WRI Aqueduct 4.0 baseline_annual
05001,2024,AR,Arkansas County,3165.0,20.0,54613.0,0,peeringdb_us_facilities_20261006T160916Z.json,2024,12.32,eia_residential_electricity_price_2024_by_state.csv,state,0,,,0,no_listed_facilities,WRI Aqueduct 4.0 baseline_annual
05003,2024,AR,Ashley County,3390.0,19.0,54257.0,0,peeringdb_us_facilities_20261006T160916Z.json,2024,12.32,eia_residential_electricity_price_2024_by_state.csv,state,0,,,0,no_listed_facilities,WRI Aqueduct 4.0 baseline_annual
05005,2024,AR,Baxter County,5945.0,14.0,55893.0,0,peeringdb_us_facilities_20261006T160916Z.json,2024,12.32,eia_residential_electricity_price_2024_by_state.csv,state,0,,,0,no_listed_facilities,WRI Aqueduct 4.0 baseline_annual
05007,2024,AR,Benton County,26604.0,8.4,92077.0,0,peeringdb_us_facilities_20261006T160916Z.json,2024,12.32,eia_residential_electricity_price_2024_by_state.csv,state,0,,,0,no_listed_facilities,WRI Aqueduct 4.0 baseline_annual
05009,2024,AR,Boone County,4501.0,11.8,57376.0,0,peeringdb_us_facilities_20261006T160916Z.json,2024,12.32,eia_residential_electricity_price_2024_by_state.csv,state,0,,,0,no_listed_facilities,WRI Aqueduct 4.0 baseline_annual
05011,2024,AR,Bradley County,2017.0,20.6,50808.0,0,peeringdb_us_facilities_20261006T160916Z.json,2024,12.32,eia_residential_electricity_price_2024_by_state.csv,state,0,,,0,no_listed_facilities,WRI Aqueduct 4.0 baseline_annual
05013,2024,AR,Calhoun County,663.0,14.6,60117.0,0,peeringdb_us_facilities_20261006T160916Z.json,2024,12.32,eia_residential_electricity_price_2024_by_state.csv,state,0,,,0,no_listed_facilities,WRI Aqueduct 4.0 baseline_annual
05015,2024,AR,Carroll County,4719.0,16.4,50886.0,0,peeringdb_us_facilities_20261006T160916Z.json,2024,12.32,eia_residential_electricity_price_2024_by_state.csv,state,0,,,0,no_listed_facilities,WRI Aqueduct 4.0 baseline_annual
05017,2024,AR,Chicot County,2383.0,27.9,41816.0,0,peeringdb_us_facilities_20261006T160916Z.json,2024,12.32,eia_residential_electricity_price_2024_by_state.csv,state,0,,,0,no_listed_facilities,WRI Aqueduct 4.0 baseline_annual
05019,2024,AR,Clark County,3795.0,20.4,52380.0,0,peeringdb_us_facilities_20261006T160916Z.json,2024,12.32,eia_residential_electricity_price_2024_by_state.csv,state,0,,,0,no_listed_facilities,WRI Aqueduct 4.0 baseline_annual
05021,2024,AR,Clay County,2213.0,15.9,53417.0,0,peeringdb_us_facilities_20261006T160916Z.json,2024,12.32,eia_residential_electricity_price_2024_by_state.csv,state,0,,,0,no_listed_facilities,WRI Aqueduct 4.0 baseline_annual
05023,2024,AR,Cleburne County,3399.0,13.4,55796.0,0,peeringdb_us_facilities_20261006T160916Z.json,2024,12.32,eia_residential_electricity_price_2024_by_state.csv,state,0,,,0,no_listed_facilities,WRI Aqueduct 4.0 baseline_annual
05025,2024,AR,Cleveland County,1021.0,14.0,62279.0,0,peeringdb_us_facilities_20261006T160916Z.json,2024,12.32,eia_residential_electricity_price_2024_by_state.csv,state,0,,,0,no_listed_facilities,WRI Aqueduct 4.0 baseline_annual
05027,2024,AR,Columbia County,4078.0,20.4,54388.0,0,peeringdb_us_facilities_20261006T160916Z.json,2024,12.32,eia_residential_electricity_price_2024_by_state.csv,state,0,,,0,no_listed_facilities,WRI Aqueduct 4.0 baseline_annual
05029,2024,AR,Conway County,3029.0,14.3,63127.0,0,peeringdb_us_facilities_20261006T160916Z.json,2024,12.32,eia_residential_electricity_price_2024_by_state.csv,state,0,,,0,no_listed_facilities,WRI Aqueduct 4.0 baseline_annual
05031,2024,AR,Craighead County,20676.0,18.4,58784.0,0,peeringdb_us_facilities_20261006T160916Z.json,2024,12.32,eia_residential_electricity_price_2024_by_state.csv,state,0,,,0,no_listed_facilities,WRI Aqueduct 4.0 baseline_annual
05033,2024,AR,Crawford County,8671.0,14.1,62606.0,0,peeringdb_us_facilities_20261006T160916Z.json,2024,12.32,eia_residential_electricity_price_2024_by_state.csv,state,0,,,0,no_listed_facilities,WRI Aqueduct 4.0 baseline_annual
05035,2024,AR,Crittenden County,10329.0,22.5,51600.0,0,peeringdb_us_facilities_20261006T160916Z.json,2024,12.32,eia_residential_electricity_price_2024_by_state.csv,state,0,,,0,no_listed_facilities,WRI Aqueduct 4.0 baseline_annual
05037,2024,AR,Cross County,2952.0,18.4,54428.0,0,peeringdb_us_facilities_20261006T160916Z.json,2024,12.32,eia_residential_electricity_price_2024_by_state.csv,state,0,,,0,no_listed_facilities,WRI Aqueduct 4.0 baseline_annual
05039,2024,AR,Dallas County,1121.0,19.3,49043.0,0,peeringdb_us_facilities_20261006T160916Z.json,2024,12.32,eia_residential_electricity_price_2024_by_state.csv,state,0,,,0,no_listed_facilities,WRI Aqueduct 4.0 baseline_annual
05041,2024,AR,Desha County,2653.0,25.9,46736.0,0,peeringdb_us_facilities_20261006T160916Z.json,2024,12.32,eia_residential_electricity_price_2024_by_state.csv,state,0,,,0,no_listed_facilities,WRI Aqueduct 4.0 baseline_annual
05043,2024,AR,Drew County,2898.0,17.8,55221.0,0,peeringdb_us_facilities_20261006T160916Z.json,2024,12.32,eia_residential_electricity_price_2024_by_state.csv,state,0,,,0,no_listed_facilities,WRI Aqueduct 4.0 baseline_annual
05045,2024,AR,Faulkner County,15842.0,12.5,72916.0,0,peeringdb_us_facilities_20261006T160916Z.json,2024,12.32,eia_residential_electricity_price_2024_by_state.csv,state,0,,,0,no_listed_facilities,WRI Aqueduct 4.0 baseline_annual
05047,2024,AR,Franklin County,2375.0,13.7,64353.0,0,peeringdb_us_facilities_20261006T160916Z.json,2024,12.32,eia_residential_electricity_price_2024_by_state.csv,state,0,,,0,no_listed_facilities,WRI Aqueduct 4.0 baseline_annual
05049,2024,AR,Fulton County,2012.0,16.3,49193.0,0,peeringdb_us_facilities_20261006T160916Z.json,2024,12.32,eia_residential_electricity_price_2024_by_state.csv,state,0,,,0,no_listed_facilities,WRI Aqueduct 4.0 baseline_annual
05051,2024,AR,Garland County,13928.0,14.2,59915.0,0,peeringdb_us_facilities_20261006T160916Z.json,2024,12.32,eia_residential_electricity_price_2024_by_state.csv,state,0,,,0,no_listed_facilities,WRI Aqueduct 4.0 baseline_annual
05053,2024,AR,Grant County,2488.0,13.5,58363.0,0,peeringdb_us_facilities_20261006T160916Z.json,2024,12.32,eia_residential_electricity_price_2024_by_state.csv,state,0,,,0,no_listed_facilities,WRI Aqueduct 4.0 baseline_annual
05055,2024,AR,Greene County,6499.0,14.1,61949.0,0,peeringdb_us_facilities_20261006T160916Z.json,2024,12.32,eia_residential_electricity_price_2024_by_state.csv,state,0,,,0,no_listed_facilities,WRI Aqueduct 4.0 baseline_annual
05057,2024,AR,Hempstead County,3645.0,19.3,48739.0,1,peeringdb_us_facilities_20261006T160916Z.json,2024,12.32,eia_residential_electricity_price_2024_by_state.csv,state,1,0.0,100.0,0,complete_coverage,WRI Aqueduct 4.0 baseline_annual
05059,2024,AR,Hot Spring County,4728.0,15.4,58401.0,0,peeringdb_us_facilities_20261006T160916Z.json,2024,12.32,eia_residential_electricity_price_2024_by_state.csv,state,0,,,0,no_listed_facilities,WRI Aqueduct 4.0 baseline_annual
05061,2024,AR,Howard County,2250.0,18.5,50330.0,0,peeringdb_us_facilities_20261006T160916Z.json,2024,12.32,eia_residential_electricity_price_2024_by_state.csv,state,0,,,0,no_listed_facilities,WRI Aqueduct 4.0 baseline_annual
05063,2024,AR,Independence County,6297.0,17.0,56616.0,0,peeringdb_us_facilities_20261006T160916Z.json,2024,12.32,eia_residential_electricity_price_2024_by_state.csv,state,0,,,0,no_listed_facilities,WRI Aqueduct 4.0 baseline_annual
05065,2024,AR,Izard County,2772.0,21.3,47992.0,0,peeringdb_us_facilities_20261006T160916Z.json,2024,12.32,eia_residential_electricity_price_2024_by_state.csv,state,0,,,0,no_listed_facilities,WRI Aqueduct 4.0 baseline_annual
05067,2024,AR,Jackson County,3565.0,25.1,47377.0,0,peeringdb_us_facilities_20261006T160916Z.json,2024,12.32,eia_residential_electricity_price_2024_by_state.csv,state,0,,,0,no_listed_facilities,WRI Aqueduct 4.0 baseline_annual
05069,2024,AR,Jefferson County,12879.0,22.3,51205.0,0,peeringdb_us_facilities_20261006T160916Z.json,2024,12.32,eia_residential_electricity_price_2024_by_state.csv,state,0,,,0,no_listed_facilities,WRI Aqueduct 4.0 baseline_annual
05071,2024,AR,Johnson County,4832.0,18.8,52979.0,0,peeringdb_us_facilities_20261006T160916Z.json,2024,12.32,eia_residential_electricity_price_2024_by_state.csv,state,0,,,0,no_listed_facilities,WRI Aqueduct 4.0 baseline_annual
05073,2024,AR,Lafayette County,1213.0,20.4,47835.0,0,peeringdb_us_facilities_20261006T160916Z.json,2024,12.32,eia_residential_electricity_price_2024_by_state.csv,state,0,,,0,no_listed_facilities,WRI Aqueduct 4.0 baseline_annual
05075,2024,AR,Lawrence County,3360.0,21.2,51374.0,0,peeringdb_us_facilities_20261006T160916Z.json,2024,12.32,eia_residential_electricity_price_2024_by_state.csv,state,0,,,0,no_listed_facilities,WRI Aqueduct 4.0 baseline_annual
05077,2024,AR,Lee County,2633.0,41.3,38287.0,0,peeringdb_us_facilities_20261006T160916Z.json,2024,12.32,eia_residential_electricity_price_2024_by_state.csv,state,0,,,0,no_listed_facilities,WRI Aqueduct 4.0 baseline_annual
05079,2024,AR,Lincoln County,2279.0,25.8,54158.0,0,peeringdb_us_facilities_20261006T160916Z.json,2024,12.32,eia_residential_electricity_price_2024_by_state.csv,state,0,,,0,no_listed_facilities,WRI Aqueduct 4.0 baseline_annual
05081,2024,AR,Little River County,1871.0,16.3,54364.0,0,peeringdb_us_facilities_20261006T160916Z.json,2024,12.32,eia_residential_electricity_price_2024_by_state.csv,state,0,,,0,no_listed_facilities,WRI Aqueduct 4.0 baseline_annual
05083,2024,AR,Logan County,3257.0,15.4,55845.0,0,peeringdb_us_facilities_20261006T160916Z.json,2024,12.32,eia_residential_electricity_price_2024_by_state.csv,state,0,,,0,no_listed_facilities,WRI Aqueduct 4.0 baseline_annual
05085,2024,AR,Lonoke County,7575.0,10.0,75131.0,0,peeringdb_us_facilities_20261006T160916Z.json,2024,12.32,eia_residential_electricity_price_2024_by_state.csv,state,0,,,0,no_listed_facilities,WRI Aqueduct 4.0 baseline_annual
05087,2024,AR,Madison County,2288.0,12.9,59646.0,0,peeringdb_us_facilities_20261006T160916Z.json,2024,12.32,eia_residential_electricity_price_2024_by_state.csv,state,0,,,0,no_listed_facilities,WRI Aqueduct 4.0 baseline_annual
05089,2024,AR,Marion County,2854.0,16.4,48458.0,0,peeringdb_us_facilities_20261006T160916Z.json,2024,12.32,eia_residential_electricity_price_2024_by_state.csv,state,0,,,0,no_listed_facilities,WRI Aqueduct 4.0 baseline_annual
05091,2024,AR,Miller County,8619.0,21.3,53529.0,0,peeringdb_us_facilities_20261006T160916Z.json,2024,12.32,eia_residential_electricity_price_2024_by_state.csv,state,0,,,0,no_listed_facilities,WRI Aqueduct 4.0 baseline_annual
05093,2024,AR,Mississippi County,7405.0,20.0,52924.0,0,peeringdb_us_facilities_20261006T160916Z.json,2024,12.32,eia_residential_electricity_price_2024_by_state.csv,state,0,,,0,no_listed_facilities,WRI Aqueduct 4.0 baseline_annual
05095,2024,AR,Monroe County,1442.0,22.8,43257.0,0,peeringdb_us_facilities_20261006T160916Z.json,2024,12.32,eia_residential_electricity_price_2024_by_state.csv,state,0,,,0,no_listed_facilities,WRI Aqueduct 4.0 baseline_annual
05097,2024,AR,Montgomery County,1666.0,19.8,51291.0,0,peeringdb_us_facilities_20261006T160916Z.json,2024,12.32,eia_residential_electricity_price_2024_by_state.csv,state,0,,,0,no_listed_facilities,WRI Aqueduct 4.0 baseline_annual
05099,2024,AR,Nevada County,1673.0,21.4,64143.0,0,peeringdb_us_facilities_20261006T160916Z.json,2024,12.32,eia_residential_electricity_price_2024_by_state.csv,state,0,,,0,no_listed_facilities,WRI Aqueduct 4.0 baseline_annual
05101,2024,AR,Newton County,1341.0,19.3,49184.0,0,peeringdb_us_facilities_20261006T160916Z.json,2024,12.32,eia_residential_electricity_price_2024_by_state.csv,state,0,,,0,no_listed_facilities,WRI Aqueduct 4.0 baseline_annual
05103,2024,AR,Ouachita County,3747.0,17.6,55644.0,0,peeringdb_us_facilities_20261006T160916Z.json,2024,12.32,eia_residential_electricity_price_2024_by_state.csv,state,0,,,0,no_listed_facilities,WRI Aqueduct 4.0 baseline_annual
05105,2024,AR,Perry County,1503.0,14.8,59602.0,0,peeringdb_us_facilities_20261006T160916Z.json,2024,12.32,eia_residential_electricity_price_2024_by_state.csv,state,0,,,0,no_listed_facilities,WRI Aqueduct 4.0 baseline_annual
05107,2024,AR,Phillips County,5195.0,35.8,38969.0,0,peeringdb_us_facilities_20261006T160916Z.json,2024,12.32,eia_residential_electricity_price_2024_by_state.csv,state,0,,,0,no_listed_facilities,WRI Aqueduct 4.0 baseline_annual
05109,2024,AR,Pike County,1805.0,18.4,52643.0,0,peeringdb_us_facilities_20261006T160916Z.json,2024,12.32,eia_residential_electricity_price_2024_by_state.csv,state,0,,,0,no_listed_facilities,WRI Aqueduct 4.0 baseline_annual
05111,2024,AR,Poinsett County,4843.0,22.1,52688.0,0,peeringdb_us_facilities_20261006T160916Z.json,2024,12.32,eia_residential_electricity_price_2024_by_state.csv,state,0,,,0,no_listed_facilities,WRI Aqueduct 4.0 baseline_annual
05113,2024,AR,Polk County,3420.0,17.7,47544.0,0,peeringdb_us_facilities_20261006T160916Z.json,2024,12.32,eia_residential_electricity_price_2024_by_state.csv,state,0,,,0,no_listed_facilities,WRI Aqueduct 4.0 baseline_annual
05115,2024,AR,Pope County,10530.0,16.9,61509.0,0,peeringdb_us_facilities_20261006T160916Z.json,2024,12.32,eia_residential_electricity_price_2024_by_state.csv,state,0,,,0,no_listed_facilities,WRI Aqueduct 4.0 baseline_annual
05117,2024,AR,Prairie County,1237.0,15.9,57689.0,0,peeringdb_us_facilities_20261006T160916Z.json,2024,12.32,eia_residential_electricity_price_2024_by_state.csv,state,0,,,0,no_listed_facilities,WRI Aqueduct 4.0 baseline_annual
05119,2024,AR,Pulaski County,62757.0,16.0,66706.0,2,peeringdb_us_facilities_20261006T160916Z.json,2024,12.32,eia_residential_electricity_price_2024_by_state.csv,state,2,0.0,100.0,0,complete_coverage,WRI Aqueduct 4.0 baseline_annual
05121,2024,AR,Randolph County,3377.0,18.1,54352.0,0,peeringdb_us_facilities_20261006T160916Z.json,2024,12.32,eia_residential_electricity_price_2024_by_state.csv,state,0,,,0,no_listed_facilities,WRI Aqueduct 4.0 baseline_annual
05123,2024,AR,St. Francis County,5646.0,30.6,44215.0,1,peeringdb_us_facilities_20261006T160916Z.json,2024,12.32,eia_residential_electricity_price_2024_by_state.csv,state,1,5.0,100.0,0,complete_coverage,WRI Aqueduct 4.0 baseline_annual
05125,2024,AR,Saline County,12737.0,9.8,80628.0,0,peeringdb_us_facilities_20261006T160916Z.json,2024,12.32,eia_residential_electricity_price_2024_by_state.csv,state,0,,,0,no_listed_facilities,WRI Aqueduct 4.0 baseline_annual
05127,2024,AR,Scott County,1966.0,20.3,48770.0,0,peeringdb_us_facilities_20261006T160916Z.json,2024,12.32,eia_residential_electricity_price_2024_by_state.csv,state,0,,,0,no_listed_facilities,WRI Aqueduct 4.0 baseline_annual
05129,2024,AR,Searcy County,1629.0,21.0,41124.0,0,peeringdb_us_facilities_20261006T160916Z.json,2024,12.32,eia_residential_electricity_price_2024_by_state.csv,state,0,,,0,no_listed_facilities,WRI Aqueduct 4.0 baseline_annual
05131,2024,AR,Sebastian County,16520.0,12.9,62153.0,0,peeringdb_us_facilities_20261006T160916Z.json,2024,12.32,eia_residential_electricity_price_2024_by_state.csv,state,0,,,0,no_listed_facilities,WRI Aqueduct 4.0 baseline_annual
05133,2024,AR,Sevier County,2438.0,15.6,55565.0,0,peeringdb_us_facilities_20261006T160916Z.json,2024,12.32,eia_residential_electricity_price_2024_by_state.csv,state,0,,,0,no_listed_facilities,WRI Aqueduct 4.0 baseline_annual
05135,2024,AR,Sharp County,3388.0,18.9,48226.0,0,peeringdb_us_facilities_20261006T160916Z.json,2024,12.32,eia_residential_electricity_price_2024_by_state.csv,state,0,,,0,no_listed_facilities,WRI Aqueduct 4.0 baseline_annual
05137,2024,AR,Stone County,2238.0,17.7,48912.0,0,peeringdb_us_facilities_20261006T160916Z.json,2024,12.32,eia_residential_electricity_price_2024_by_state.csv,state,0,,,0,no_listed_facilities,WRI Aqueduct 4.0 baseline_annual
05139,2024,AR,Union County,6114.0,16.8,58585.0,0,peeringdb_us_facilities_20261006T160916Z.json,2024,12.32,eia_residential_electricity_price_2024_by_state.csv,state,0,,,0,no_listed_facilities,WRI Aqueduct 4.0 baseline_annual
05141,2024,AR,Van Buren County,2682.0,16.7,52814.0,0,peeringdb_us_facilities_20261006T160916Z.json,2024,12.32,eia_residential_electricity_price_2024_by_state.csv,state,0,,,0,no_listed_facilities,WRI Aqueduct 4.0 baseline_annual
05143,2024,AR,Washington County,34730.0,13.5,74040.0,1,peeringdb_us_facilities_20261006T160916Z.json,2024,12.32,eia_residential_electricity_price_2024_by_state.csv,state,1,0.0,100.0,0,complete_coverage,WRI Aqueduct 4.0 baseline_annual
05145,2024,AR,White County,13333.0,17.4,57435.0,0,peeringdb_us_facilities_20261006T160916Z.json,2024,12.32,eia_residential_electricity_price_2024_by_state.csv,state,0,,,0,no_listed_facilities,WRI Aqueduct 4.0 baseline_annual
05147,2024,AR,Woodruff County,1457.0,25.6,46571.0,0,peeringdb_us_facilities_20261006T160916Z.json,2024,12.32,eia_residential_electricity_price_2024_by_state.csv,state,0,,,0,no_listed_facilities,WRI Aqueduct 4.0 baseline_annual
05149,2024,AR,Yell County,3158.0,15.9,54318.0,0,peeringdb_us_facilities_20261006T160916Z.json,2024,12.32,eia_residential_electricity_price_2024_by_state.csv,state,0,,,0,no_listed_facilities,WRI Aqueduct 4.0 baseline_annual
06001,2024,CA,Alameda County,142324.0,8.8,128031.0,7,peeringdb_us_facilities_20261006T160916Z.json,2024,31.97,eia_residential_electricity_price_2024_by_state.csv,state,7,1.756712453544042,100.0,0,complete_coverage,WRI Aqueduct 4.0 baseline_annual
06003,2024,CA,Alpine County,173.0,15.8,74440.0,0,peeringdb_us_facilities_20261006T160916Z.json,2024,31.97,eia_residential_electricity_price_2024_by_state.csv,state,0,,,0,no_listed_facilities,WRI Aqueduct 4.0 baseline_annual
06005,2024,CA,Amador County,4082.0,10.8,85625.0,0,peeringdb_us_facilities_20261006T160916Z.json,2024,31.97,eia_residential_electricity_price_2024_by_state.csv,state,0,,,0,no_listed_facilities,WRI Aqueduct 4.0 baseline_annual
06007,2024,CA,Butte County,38330.0,18.7,65143.0,0,peeringdb_us_facilities_20261006T160916Z.json,2024,31.97,eia_residential_electricity_price_2024_by_state.csv,state,0,,,0,no_listed_facilities,WRI Aqueduct 4.0 baseline_annual
06009,2024,CA,Calaveras County,5302.0,11.5,79852.0,0,peeringdb_us_facilities_20261006T160916Z.json,2024,31.97,eia_residential_electricity_price_2024_by_state.csv,state,0,,,0,no_listed_facilities,WRI Aqueduct 4.0 baseline_annual
06011,2024,CA,Colusa County,2988.0,13.6,69149.0,0,peeringdb_us_facilities_20261006T160916Z.json,2024,31.97,eia_residential_electricity_price_2024_by_state.csv,state,0,,,0,no_listed_facilities,WRI Aqueduct 4.0 baseline_annual
06013,2024,CA,Contra Costa County,99140.0,8.5,126787.0,0,peeringdb_us_facilities_20261006T160916Z.json,2024,31.97,eia_residential_electricity_price_2024_by_state.csv,state,0,,,0,no_listed_facilities,WRI Aqueduct 4.0 baseline_annual
06015,2024,CA,Del Norte County,4879.0,19.9,58773.0,0,peeringdb_us_facilities_20261006T160916Z.json,2024,31.97,eia_residential_electricity_price_2024_by_state.csv,state,0,,,0,no_listed_facilities,WRI Aqueduct 4.0 baseline_annual
06017,2024,CA,El Dorado County,15224.0,7.9,107289.0,0,peeringdb_us_facilities_20261006T160916Z.json,2024,31.97,eia_residential_electricity_price_2024_by_state.csv,state,0,,,0,no_listed_facilities,WRI Aqueduct 4.0 baseline_annual
06019,2024,CA,Fresno County,183233.0,18.2,74244.0,1,peeringdb_us_facilities_20261006T160916Z.json,2024,31.97,eia_residential_electricity_price_2024_by_state.csv,state,1,0.9178227473925942,100.0,0,complete_coverage,WRI Aqueduct 4.0 baseline_annual
06021,2024,CA,Glenn County,4362.0,15.5,66061.0,0,peeringdb_us_facilities_20261006T160916Z.json,2024,31.97,eia_residential_electricity_price_2024_by_state.csv,state,0,,,0,no_listed_facilities,WRI Aqueduct 4.0 baseline_annual
06023,2024,CA,Humboldt County,23414.0,18.0,58960.0,0,peeringdb_us_facilities_20261006T160916Z.json,2024,31.97,eia_residential_electricity_price_2024_by_state.csv,state,0,,,0,no_listed_facilities,WRI Aqueduct 4.0 baseline_annual
06025,2024,CA,Imperial County,32679.0,18.8,60477.0,0,peeringdb_us_facilities_20261006T160916Z.json,2024,31.97,eia_residential_electricity_price_2024_by_state.csv,state,0,,,0,no_listed_facilities,WRI Aqueduct 4.0 baseline_annual
06027,2024,CA,Inyo County,2036.0,11.2,73402.0,0,peeringdb_us_facilities_20261006T160916Z.json,2024,31.97,eia_residential_electricity_price_2024_by_state.csv,state,0,,,0,no_listed_facilities,WRI Aqueduct 4.0 baseline_annual
06029,2024,CA,Kern County,168192.0,18.6,71295.0,0,peeringdb_us_facilities_20261006T160916Z.json,2024,31.97,eia_residential_electricity_price_2024_by_state.csv,state,0,,,0,no_listed_facilities,WRI Aqueduct 4.0 baseline_annual
06031,2024,CA,Kings County,20054.0,14.4,71731.0,0,peeringdb_us_facilities_20261006T160916Z.json,2024,31.97,eia_residential_electricity_price_2024_by_state.csv,state,0,,,0,no_listed_facilities,WRI Aqueduct 4.0 baseline_annual
06033,2024,CA,Lake County,13225.0,19.7,55489.0,0,peeringdb_us_facilities_20261006T160916Z.json,2024,31.97,eia_residential_electricity_price_2024_by_state.csv,state,0,,,0,no_listed_facilities,WRI Aqueduct 4.0 baseline_annual
06035,2024,CA,Lassen County,3975.0,17.2,68185.0,0,peeringdb_us_facilities_20261006T160916Z.json,2024,31.97,eia_residential_electricity_price_2024_by_state.csv,state,0,,,0,no_listed_facilities,WRI Aqueduct 4.0 baseline_annual
06037,2024,CA,Los Angeles County,1275042.0,13.3,90757.0,42,peeringdb_us_facilities_20261006T160916Z.json,2024,31.97,eia_residential_electricity_price_2024_by_state.csv,state,42,5.0,100.0,0,complete_coverage,WRI Aqueduct 4.0 baseline_annual
06039,2024,CA,Madera County,28069.0,17.7,71161.0,0,peeringdb_us_facilities_20261006T160916Z.json,2024,31.97,eia_residential_electricity_price_2024_by_state.csv,state,0,,,0,no_listed_facilities,WRI Aqueduct 4.0 baseline_annual
06041,2024,CA,Marin County,24744.0,9.9,145395.0,0,peeringdb_us_facilities_20261006T160916Z.json,2024,31.97,eia_residential_electricity_price_2024_by_state.csv,state,0,,,0,no_listed_facilities,WRI Aqueduct 4.0 baseline_annual
06043,2024,CA,Mariposa County,2544.0,15.1,68424.0,0,peeringdb_us_facilities_20261006T160916Z.json,2024,31.97,eia_residential_electricity_price_2024_by_state.csv,state,0,,,0,no_listed_facilities,WRI Aqueduct 4.0 baseline_annual
06045,2024,CA,Mendocino County,11834.0,13.4,67303.0,0,peeringdb_us_facilities_20261006T160916Z.json,2024,31.97,eia_residential_electricity_price_2024_by_state.csv,state,0,,,0,no_listed_facilities,WRI Aqueduct 4.0 baseline_annual
06047,2024,CA,Merced County,53243.0,18.4,65325.0,0,peeringdb_us_facilities_20261006T160916Z.json,2024,31.97,eia_residential_electricity_price_2024_by_state.csv,state,0,,,0,no_listed_facilities,WRI Aqueduct 4.0 baseline_annual
06049,2024,CA,Modoc County,1435.0,17.1,57390.0,0,peeringdb_us_facilities_20261006T160916Z.json,2024,31.97,eia_residential_electricity_price_2024_by_state.csv,state,0,,,0,no_listed_facilities,WRI Aqueduct 4.0 baseline_annual
06051,2024,CA,Mono County,1261.0,9.8,91667.0,0,peeringdb_us_facilities_20261006T160916Z.json,2024,31.97,eia_residential_electricity_price_2024_by_state.csv,state,0,,,0,no_listed_facilities,WRI Aqueduct 4.0 baseline_annual
06053,2024,CA,Monterey County,57594.0,13.7,91761.0,0,peeringdb_us_facilities_20261006T160916Z.json,2024,31.97,eia_residential_electricity_price_2024_by_state.csv,state,0,,,0,no_listed_facilities,WRI Aqueduct 4.0 baseline_annual
06055,2024,CA,Napa County,10112.0,7.8,116139.0,0,peeringdb_us_facilities_20261006T160916Z.json,2024,31.97,eia_residential_electricity_price_2024_by_state.csv,state,0,,,0,no_listed_facilities,WRI Aqueduct 4.0 baseline_annual
06057,2024,CA,Nevada County,9710.0,9.6,98873.0,0,peeringdb_us_facilities_20261006T160916Z.json,2024,31.97,eia_residential_electricity_price_2024_by_state.csv,state,0,,,0,no_listed_facilities,WRI Aqueduct 4.0 baseline_annual
06059,2024,CA,Orange County,303988.0,9.7,114858.0,7,peeringdb_us_facilities_20261006T160916Z.json,2024,31.97,eia_residential_electricity_price_2024_by_state.csv,state,7,5.0,100.0,0,complete_coverage,WRI Aqueduct 4.0 baseline_annual
06061,2024,CA,Placer County,29451.0,6.8,115845.0,1,peeringdb_us_facilities_20261006T160916Z.json,2024,31.97,eia_residential_electricity_price_2024_by_state.csv,state,1,2.5438221903359906,100.0,0,complete_coverage,WRI Aqueduct 4.0 baseline_annual
06063,2024,CA,Plumas County,2426.0,13.0,72068.0,0,peeringdb_us_facilities_20261006T160916Z.json,2024,31.97,eia_residential_electricity_price_2024_by_state.csv,state,0,,,0,no_listed_facilities,WRI Aqueduct 4.0 baseline_annual
06065,2024,CA,Riverside County,243691.0,9.8,92611.0,1,peeringdb_us_facilities_20261006T160916Z.json,2024,31.97,eia_residential_electricity_price_2024_by_state.csv,state,1,5.0,100.0,0,complete_coverage,WRI Aqueduct 4.0 baseline_annual
06067,2024,CA,Sacramento County,191299.0,12.0,93331.0,7,peeringdb_us_facilities_20261006T160916Z.json,2024,31.97,eia_residential_electricity_price_2024_by_state.csv,state,7,2.5438221903359906,100.0,0,complete_coverage,WRI Aqueduct 4.0 baseline_annual
06069,2024,CA,San Benito County,5952.0,8.7,109002.0,0,peeringdb_us_facilities_20261006T160916Z.json,2024,31.97,eia_residential_electricity_price_2024_by_state.csv,state,0,,,0,no_listed_facilities,WRI Aqueduct 4.0 baseline_annual
06071,2024,CA,San Bernardino County,274258.0,12.6,87665.0,0,peeringdb_us_facilities_20261006T160916Z.json,2024,31.97,eia_residential_electricity_price_2024_by_state.csv,state,0,,,0,no_listed_facilities,WRI Aqueduct 4.0 baseline_annual
06073,2024,CA,San Diego County,322284.0,10.1,108754.0,11,peeringdb_us_facilities_20261006T160916Z.json,2024,31.97,eia_residential_electricity_price_2024_by_state.csv,state,11,5.0,100.0,0,complete_coverage,WRI Aqueduct 4.0 baseline_annual
06075,2024,CA,San Francisco County,91949.0,11.3,137184.0,11,peeringdb_us_facilities_20261006T160916Z.json,2024,31.97,eia_residential_electricity_price_2024_by_state.csv,state,11,1.756712453544042,100.0,0,complete_coverage,WRI Aqueduct 4.0 baseline_annual
06077,2024,CA,San Joaquin County,104115.0,12.9,91854.0,1,peeringdb_us_facilities_20261006T160916Z.json,2024,31.97,eia_residential_electricity_price_2024_by_state.csv,state,1,3.933125898663696,100.0,0,complete_coverage,WRI Aqueduct 4.0 baseline_annual
06079,2024,CA,San Luis Obispo County,33720.0,12.6,99646.0,1,peeringdb_us_facilities_20261006T160916Z.json,2024,31.97,eia_residential_electricity_price_2024_by_state.csv,state,1,3.309715807954714,100.0,0,complete_coverage,WRI Aqueduct 4.0 baseline_annual
06081,2024,CA,San Mateo County,52678.0,7.2,158569.0,0,peeringdb_us_facilities_20261006T160916Z.json,2024,31.97,eia_residential_electricity_price_2024_by_state.csv,state,0,,,0,no_listed_facilities,WRI Aqueduct 4.0 baseline_annual
06083,2024,CA,Santa Barbara County,66968.0,15.7,94572.0,0,peeringdb_us_facilities_20261006T160916Z.json,2024,31.97,eia_residential_electricity_price_2024_by_state.csv,state,0,,,0,no_listed_facilities,WRI Aqueduct 4.0 baseline_annual
06085,2024,CA,Santa Clara County,133555.0,7.1,166984.0,53,peeringdb_us_facilities_20261006T160916Z.json,2024,31.97,eia_residential_electricity_price_2024_by_state.csv,state,53,1.7567124535440417,100.0,0,complete_coverage,WRI Aqueduct 4.0 baseline_annual
06087,2024,CA,Santa Cruz County,30049.0,11.9,105437.0,0,peeringdb_us_facilities_20261006T160916Z.json,2024,31.97,eia_residential_electricity_price_2024_by_state.csv,state,0,,,0,no_listed_facilities,WRI Aqueduct 4.0 baseline_annual
06089,2024,CA,Shasta County,26118.0,14.6,70620.0,0,peeringdb_us_facilities_20261006T160916Z.json,2024,31.97,eia_residential_electricity_price_2024_by_state.csv,state,0,,,0,no_listed_facilities,WRI Aqueduct 4.0 baseline_annual
06091,2024,CA,Sierra County,414.0,13.5,69104.0,0,peeringdb_us_facilities_20261006T160916Z.json,2024,31.97,eia_residential_electricity_price_2024_by_state.csv,state,0,,,0,no_listed_facilities,WRI Aqueduct 4.0 baseline_annual
06093,2024,CA,Siskiyou County,7279.0,17.3,60432.0,0,peeringdb_us_facilities_20261006T160916Z.json,2024,31.97,eia_residential_electricity_price_2024_by_state.csv,state,0,,,0,no_listed_facilities,WRI Aqueduct 4.0 baseline_annual
06095,2024,CA,Solano County,44974.0,10.1,94968.0,0,peeringdb_us_facilities_20261006T160916Z.json,2024,31.97,eia_residential_electricity_price_2024_by_state.csv,state,0,,,0,no_listed_facilities,WRI Aqueduct 4.0 baseline_annual
06097,2024,CA,Sonoma County,40444.0,8.4,105956.0,1,peeringdb_us_facilities_20261006T160916Z.json,2024,31.97,eia_residential_electricity_price_2024_by_state.csv,state,1,2.856778614867236,100.0,0,complete_coverage,WRI Aqueduct 4.0 baseline_annual
06099,2024,CA,Stanislaus County,78101.0,14.2,77812.0,2,peeringdb_us_facilities_20261006T160916Z.json,2024,31.97,eia_residential_electricity_price_2024_by_state.csv,state,2,2.258471256835679,100.0,0,complete_coverage,WRI Aqueduct 4.0 baseline_annual
06101,2024,CA,Sutter County,12278.0,12.6,74183.0,0,peeringdb_us_facilities_20261006T160916Z.json,2024,31.97,eia_residential_electricity_price_2024_by_state.csv,state,0,,,0,no_listed_facilities,WRI Aqueduct 4.0 baseline_annual
06103,2024,CA,Tehama County,11598.0,18.2,62822.0,0,peeringdb_us_facilities_20261006T160916Z.json,2024,31.97,eia_residential_electricity_price_2024_by_state.csv,state,0,,,0,no_listed_facilities,WRI Aqueduct 4.0 baseline_annual
06105,2024,CA,Trinity County,3565.0,23.0,50481.0,0,peeringdb_us_facilities_20261006T160916Z.json,2024,31.97,eia_residential_electricity_price_2024_by_state.csv,state,0,,,0,no_listed_facilities,WRI Aqueduct 4.0 baseline_annual
06107,2024,CA,Tulare County,95612.0,19.9,68907.0,0,peeringdb_us_facilities_20261006T160916Z.json,2024,31.97,eia_residential_electricity_price_2024_by_state.csv,state,0,,,0,no_listed_facilities,WRI Aqueduct 4.0 baseline_annual
06109,2024,CA,Tuolumne County,6482.0,12.7,78639.0,0,peeringdb_us_facilities_20261006T160916Z.json,2024,31.97,eia_residential_electricity_price_2024_by_state.csv,state,0,,,0,no_listed_facilities,WRI Aqueduct 4.0 baseline_annual
06111,2024,CA,Ventura County,78310.0,9.5,112872.0,1,peeringdb_us_facilities_20261006T160916Z.json,2024,31.97,eia_residential_electricity_price_2024_by_state.csv,state,1,5.0,100.0,0,complete_coverage,WRI Aqueduct 4.0 baseline_annual
06113,2024,CA,Yolo County,37007.0,17.4,87386.0,0,peeringdb_us_facilities_20261006T160916Z.json,2024,31.97,eia_residential_electricity_price_2024_by_state.csv,state,0,,,0,no_listed_facilities,WRI Aqueduct 4.0 baseline_annual
06115,2024,CA,Yuba County,11661.0,13.5,74273.0,0,peeringdb_us_facilities_20261006T160916Z.json,2024,31.97,eia_residential_electricity_price_2024_by_state.csv,state,0,,,0,no_listed_facilities,WRI Aqueduct 4.0 baseline_annual
08001,2024,CO,Adams County,52774.0,9.8,100686.0,3,peeringdb_us_facilities_20261006T160916Z.json,2024,14.92,eia_residential_electricity_price_2024_by_state.csv,state,3,5.0,100.0,0,complete_coverage,WRI Aqueduct 4.0 baseline_annual
08003,2024,CO,Alamosa County,2811.0,17.9,54737.0,0,peeringdb_us_facilities_20261006T160916Z.json,2024,14.92,eia_residential_electricity_price_2024_by_state.csv,state,0,,,0,no_listed_facilities,WRI Aqueduct 4.0 baseline_annual
08005,2024,CO,Arapahoe County,51391.0,7.8,103442.0,6,peeringdb_us_facilities_20261006T160916Z.json,2024,14.92,eia_residential_electricity_price_2024_by_state.csv,state,6,5.0,100.0,0,complete_coverage,WRI Aqueduct 4.0 baseline_annual
08007,2024,CO,Archuleta County,1472.0,10.5,77215.0,0,peeringdb_us_facilities_20261006T160916Z.json,2024,14.92,eia_residential_electricity_price_2024_by_state.csv,state,0,,,0,no_listed_facilities,WRI Aqueduct 4.0 baseline_annual
08009,2024,CO,Baca County,603.0,18.2,51533.0,0,peeringdb_us_facilities_20261006T160916Z.json,2024,14.92,eia_residential_electricity_price_2024_by_state.csv,state,0,,,0,no_listed_facilities,WRI Aqueduct 4.0 baseline_annual
08011,2024,CO,Bent County,1241.0,28.9,46898.0,0,peeringdb_us_facilities_20261006T160916Z.json,2024,14.92,eia_residential_electricity_price_2024_by_state.csv,state,0,,,0,no_listed_facilities,WRI Aqueduct 4.0 baseline_annual
08013,2024,CO,Boulder County,33339.0,10.6,103293.0,3,peeringdb_us_facilities_20261006T160916Z.json,2024,14.92,eia_residential_electricity_price_2024_by_state.csv,state,3,5.0,100.0,0,complete_coverage,WRI Aqueduct 4.0 baseline_annual
08014,2024,CO,Broomfield County,4646.0,6.0,124435.0,0,peeringdb_us_facilities_20261006T160916Z.json,2024,14.92,eia_residential_electricity_price_2024_by_state.csv,state,0,,,0,no_listed_facilities,WRI Aqueduct 4.0 baseline_annual
08015,2024,CO,Chaffee County,1876.0,9.6,89591.0,0,peeringdb_us_facilities_20261006T160916Z.json,2024,14.92,eia_residential_electricity_price_2024_by_state.csv,state,0,,,0,no_listed_facilities,WRI Aqueduct 4.0 baseline_annual
08017,2024,CO,Cheyenne County,222.0,13.2,70475.0,0,peeringdb_us_facilities_20261006T160916Z.json,2024,14.92,eia_residential_electricity_price_2024_by_state.csv,state,0,,,0,no_listed_facilities,WRI Aqueduct 4.0 baseline_annual
08019,2024,CO,Clear Creek County,734.0,8.1,94796.0,0,peeringdb_us_facilities_20261006T160916Z.json,2024,14.92,eia_residential_electricity_price_2024_by_state.csv,state,0,,,0,no_listed_facilities,WRI Aqueduct 4.0 baseline_annual
08021,2024,CO,Conejos County,1276.0,17.1,53781.0,0,peeringdb_us_facilities_20261006T160916Z.json,2024,14.92,eia_residential_electricity_price_2024_by_state.csv,state,0,,,0,no_listed_facilities,WRI Aqueduct 4.0 baseline_annual
08023,2024,CO,Costilla County,836.0,22.8,43575.0,0,peeringdb_us_facilities_20261006T160916Z.json,2024,14.92,eia_residential_electricity_price_2024_by_state.csv,state,0,,,0,no_listed_facilities,WRI Aqueduct 4.0 baseline_annual
08025,2024,CO,Crowley County,1193.0,39.0,44379.0,0,peeringdb_us_facilities_20261006T160916Z.json,2024,14.92,eia_residential_electricity_price_2024_by_state.csv,state,0,,,0,no_listed_facilities,WRI Aqueduct 4.0 baseline_annual
08027,2024,CO,Custer County,644.0,11.6,71090.0,0,peeringdb_us_facilities_20261006T160916Z.json,2024,14.92,eia_residential_electricity_price_2024_by_state.csv,state,0,,,0,no_listed_facilities,WRI Aqueduct 4.0 baseline_annual
08029,2024,CO,Delta County,4113.0,13.0,60514.0,0,peeringdb_us_facilities_20261006T160916Z.json,2024,14.92,eia_residential_electricity_price_2024_by_state.csv,state,0,,,0,no_listed_facilities,WRI Aqueduct 4.0 baseline_annual
08031,2024,CO,Denver County,87674.0,12.2,92395.0,7,peeringdb_us_facilities_20261006T160916Z.json,2024,14.92,eia_residential_electricity_price_2024_by_state.csv,state,7,5.0,100.0,0,complete_coverage,WRI Aqueduct 4.0 baseline_annual
08033,2024,CO,Dolores County,373.0,15.2,61951.0,0,peeringdb_us_facilities_20261006T160916Z.json,2024,14.92,eia_residential_electricity_price_2024_by_state.csv,state,0,,,0,no_listed_facilities,WRI Aqueduct 4.0 baseline_annual
08035,2024,CO,Douglas County,16843.0,4.3,152657.0,7,peeringdb_us_facilities_20261006T160916Z.json,2024,14.92,eia_residential_electricity_price_2024_by_state.csv,state,7,5.0,100.0,0,complete_coverage,WRI Aqueduct 4.0 baseline_annual
08037,2024,CO,Eagle County,4251.0,7.9,111517.0,0,peeringdb_us_facilities_20261006T160916Z.json,2024,14.92,eia_residential_electricity_price_2024_by_state.csv,state,0,,,0,no_listed_facilities,WRI Aqueduct 4.0 baseline_annual
08039,2024,CO,Elbert County,1664.0,5.7,128776.0,0,peeringdb_us_facilities_20261006T160916Z.json,2024,14.92,eia_residential_electricity_price_2024_by_state.csv,state,0,,,0,no_listed_facilities,WRI Aqueduct 4.0 baseline_annual
08041,2024,CO,El Paso County,63761.0,8.7,90778.0,3,peeringdb_us_facilities_20261006T160916Z.json,2024,14.92,eia_residential_electricity_price_2024_by_state.csv,state,3,4.654043608221356,100.0,0,complete_coverage,WRI Aqueduct 4.0 baseline_annual
08043,2024,CO,Fremont County,6340.0,15.3,63195.0,0,peeringdb_us_facilities_20261006T160916Z.json,2024,14.92,eia_residential_electricity_price_2024_by_state.csv,state,0,,,0,no_listed_facilities,WRI Aqueduct 4.0 baseline_annual
08045,2024,CO,Garfield County,4654.0,7.5,91858.0,0,peeringdb_us_facilities_20261006T160916Z.json,2024,14.92,eia_residential_electricity_price_2024_by_state.csv,state,0,,,0,no_listed_facilities,WRI Aqueduct 4.0 baseline_annual
08047,2024,CO,Gilpin County,432.0,7.3,96815.0,0,peeringdb_us_facilities_20261006T160916Z.json,2024,14.92,eia_residential_electricity_price_2024_by_state.csv,state,0,,,0,no_listed_facilities,WRI Aqueduct 4.0 baseline_annual
08049,2024,CO,Grand County,1283.0,8.0,91454.0,0,peeringdb_us_facilities_20261006T160916Z.json,2024,14.92,eia_residential_electricity_price_2024_by_state.csv,state,0,,,0,no_listed_facilities,WRI Aqueduct 4.0 baseline_annual
08051,2024,CO,Gunnison County,1786.0,11.0,79949.0,0,peeringdb_us_facilities_20261006T160916Z.json,2024,14.92,eia_residential_electricity_price_2024_by_state.csv,state,0,,,0,no_listed_facilities,WRI Aqueduct 4.0 baseline_annual
08053,2024,CO,Hinsdale County,63.0,8.5,74437.0,0,peeringdb_us_facilities_20261006T160916Z.json,2024,14.92,eia_residential_electricity_price_2024_by_state.csv,state,0,,,0,no_listed_facilities,WRI Aqueduct 4.0 baseline_annual
08055,2024,CO,Huerfano County,1321.0,19.2,48817.0,0,peeringdb_us_facilities_20261006T160916Z.json,2024,14.92,eia_residential_electricity_price_2024_by_state.csv,state,0,,,0,no_listed_facilities,WRI Aqueduct 4.0 baseline_annual
08057,2024,CO,Jackson County,165.0,13.0,68455.0,0,peeringdb_us_facilities_20261006T160916Z.json,2024,14.92,eia_residential_electricity_price_2024_by_state.csv,state,0,,,0,no_listed_facilities,WRI Aqueduct 4.0 baseline_annual
08059,2024,CO,Jefferson County,40897.0,7.2,109969.0,2,peeringdb_us_facilities_20261006T160916Z.json,2024,14.92,eia_residential_electricity_price_2024_by_state.csv,state,2,5.0,100.0,0,complete_coverage,WRI Aqueduct 4.0 baseline_annual
08061,2024,CO,Kiowa County,199.0,14.7,62052.0,0,peeringdb_us_facilities_20261006T160916Z.json,2024,14.92,eia_residential_electricity_price_2024_by_state.csv,state,0,,,0,no_listed_facilities,WRI Aqueduct 4.0 baseline_annual
08063,2024,CO,Kit Carson County,902.0,12.9,62258.0,0,peeringdb_us_facilities_20261006T160916Z.json,2024,14.92,eia_residential_electricity_price_2024_by_state.csv,state,0,,,0,no_listed_facilities,WRI Aqueduct 4.0 baseline_annual
08065,2024,CO,Lake County,821.0,11.3,76314.0,0,peeringdb_us_facilities_20261006T160916Z.json,2024,14.92,eia_residential_electricity_price_2024_by_state.csv,state,0,,,0,no_listed_facilities,WRI Aqueduct 4.0 baseline_annual
08067,2024,CO,La Plata County,5731.0,10.4,88759.0,0,peeringdb_us_facilities_20261006T160916Z.json,2024,14.92,eia_residential_electricity_price_2024_by_state.csv,state,0,,,0,no_listed_facilities,WRI Aqueduct 4.0 baseline_annual
08069,2024,CO,Larimer County,38029.0,10.5,93518.0,0,peeringdb_us_facilities_20261006T160916Z.json,2024,14.92,eia_residential_electricity_price_2024_by_state.csv,state,0,,,0,no_listed_facilities,WRI Aqueduct 4.0 baseline_annual
08071,2024,CO,Las Animas County,2730.0,19.8,51562.0,0,peeringdb_us_facilities_20261006T160916Z.json,2024,14.92,eia_residential_electricity_price_2024_by_state.csv,state,0,,,0,no_listed_facilities,WRI Aqueduct 4.0 baseline_annual
08073,2024,CO,Lincoln County,775.0,16.9,60865.0,0,peeringdb_us_facilities_20261006T160916Z.json,2024,14.92,eia_residential_electricity_price_2024_by_state.csv,state,0,,,0,no_listed_facilities,WRI Aqueduct 4.0 baseline_annual
08075,2024,CO,Logan County,3074.0,17.0,64710.0,0,peeringdb_us_facilities_20261006T160916Z.json,2024,14.92,eia_residential_electricity_price_2024_by_state.csv,state,0,,,0,no_listed_facilities,WRI Aqueduct 4.0 baseline_annual
08077,2024,CO,Mesa County,16272.0,10.3,73997.0,0,peeringdb_us_facilities_20261006T160916Z.json,2024,14.92,eia_residential_electricity_price_2024_by_state.csv,state,0,,,0,no_listed_facilities,WRI Aqueduct 4.0 baseline_annual
08079,2024,CO,Mineral County,88.0,9.5,76933.0,0,peeringdb_us_facilities_20261006T160916Z.json,2024,14.92,eia_residential_electricity_price_2024_by_state.csv,state,0,,,0,no_listed_facilities,WRI Aqueduct 4.0 baseline_annual
08081,2024,CO,Moffat County,1320.0,10.1,74252.0,0,peeringdb_us_facilities_20261006T160916Z.json,2024,14.92,eia_residential_electricity_price_2024_by_state.csv,state,0,,,0,no_listed_facilities,WRI Aqueduct 4.0 baseline_annual
08083,2024,CO,Montezuma County,3937.0,14.8,66611.0,1,peeringdb_us_facilities_20261006T160916Z.json,2024,14.92,eia_residential_electricity_price_2024_by_state.csv,state,1,2.9494013457492416,100.0,0,complete_coverage,WRI Aqueduct 4.0 baseline_annual
08085,2024,CO,Montrose County,5738.0,12.9,72338.0,0,peeringdb_us_facilities_20261006T160916Z.json,2024,14.92,eia_residential_electricity_price_2024_by_state.csv,state,0,,,0,no_listed_facilities,WRI Aqueduct 4.0 baseline_annual
08087,2024,CO,Morgan County,4173.0,14.0,69828.0,0,peeringdb_us_facilities_20261006T160916Z.json,2024,14.92,eia_residential_electricity_price_2024_by_state.csv,state,0,,,0,no_listed_facilities,WRI Aqueduct 4.0 baseline_annual
08089,2024,CO,Otero County,3346.0,19.0,51225.0,0,peeringdb_us_facilities_20261006T160916Z.json,2024,14.92,eia_residential_electricity_price_2024_by_state.csv,state,0,,,0,no_listed_facilities,WRI Aqueduct 4.0 baseline_annual
08091,2024,CO,Ouray County,370.0,7.1,98611.0,0,peeringdb_us_facilities_20261006T160916Z.json,2024,14.92,eia_residential_electricity_price_2024_by_state.csv,state,0,,,0,no_listed_facilities,WRI Aqueduct 4.0 baseline_annual
08093,2024,CO,Park County,1487.0,8.1,98187.0,0,peeringdb_us_facilities_20261006T160916Z.json,2024,14.92,eia_residential_electricity_price_2024_by_state.csv,state,0,,,0,no_listed_facilities,WRI Aqueduct 4.0 baseline_annual
08095,2024,CO,Phillips County,505.0,11.4,64166.0,0,peeringdb_us_facilities_20261006T160916Z.json,2024,14.92,eia_residential_electricity_price_2024_by_state.csv,state,0,,,0,no_listed_facilities,WRI Aqueduct 4.0 baseline_annual
08097,2024,CO,Pitkin County,1150.0,6.9,119658.0,0,peeringdb_us_facilities_20261006T160916Z.json,2024,14.92,eia_residential_electricity_price_2024_by_state.csv,state,0,,,0,no_listed_facilities,WRI Aqueduct 4.0 baseline_annual
08099,2024,CO,Prowers County,2212.0,19.0,53748.0,0,peeringdb_us_facilities_20261006T160916Z.json,2024,14.92,eia_residential_electricity_price_2024_by_state.csv,state,0,,,0,no_listed_facilities,WRI Aqueduct 4.0 baseline_annual
08101,2024,CO,Pueblo County,26316.0,15.8,62186.0,0,peeringdb_us_facilities_20261006T160916Z.json,2024,14.92,eia_residential_electricity_price_2024_by_state.csv,state,0,,,0,no_listed_facilities,WRI Aqueduct 4.0 baseline_annual
08103,2024,CO,Rio Blanco County,700.0,10.9,72651.0,0,peeringdb_us_facilities_20261006T160916Z.json,2024,14.92,eia_residential_electricity_price_2024_by_state.csv,state,0,,,0,no_listed_facilities,WRI Aqueduct 4.0 baseline_annual
08105,2024,CO,Rio Grande County,1616.0,14.7,59812.0,0,peeringdb_us_facilities_20261006T160916Z.json,2024,14.92,eia_residential_electricity_price_2024_by_state.csv,state,0,,,0,no_listed_facilities,WRI Aqueduct 4.0 baseline_annual
08107,2024,CO,Routt County,1626.0,6.6,112777.0,0,peeringdb_us_facilities_20261006T160916Z.json,2024,14.92,eia_residential_electricity_price_2024_by_state.csv,state,0,,,0,no_listed_facilities,WRI Aqueduct 4.0 baseline_annual
08109,2024,CO,Saguache County,1575.0,23.7,48755.0,0,peeringdb_us_facilities_20261006T160916Z.json,2024,14.92,eia_residential_electricity_price_2024_by_state.csv,state,0,,,0,no_listed_facilities,WRI Aqueduct 4.0 baseline_annual
08111,2024,CO,San Juan County,96.0,11.7,65231.0,0,peeringdb_us_facilities_20261006T160916Z.json,2024,14.92,eia_residential_electricity_price_2024_by_state.csv,state,0,,,0,no_listed_facilities,WRI Aqueduct 4.0 baseline_annual
08113,2024,CO,San Miguel County,626.0,8.0,108571.0,0,peeringdb_us_facilities_20261006T160916Z.json,2024,14.92,eia_residential_electricity_price_2024_by_state.csv,state,0,,,0,no_listed_facilities,WRI Aqueduct 4.0 baseline_annual
08115,2024,CO,Sedgwick County,325.0,14.6,51589.0,0,peeringdb_us_facilities_20261006T160916Z.json,2024,14.92,eia_residential_electricity_price_2024_by_state.csv,state,0,,,0,no_listed_facilities,WRI Aqueduct 4.0 baseline_annual
08117,2024,CO,Summit County,2375.0,7.7,118690.0,0,peeringdb_us_facilities_20261006T160916Z.json,2024,14.92,eia_residential_electricity_price_2024_by_state.csv,state,0,,,0,no_listed_facilities,WRI Aqueduct 4.0 baseline_annual
08119,2024,CO,Teller County,2026.0,8.2,87171.0,0,peeringdb_us_facilities_20261006T160916Z.json,2024,14.92,eia_residential_electricity_price_2024_by_state.csv,state,0,,,0,no_listed_facilities,WRI Aqueduct 4.0 baseline_annual
08121,2024,CO,Washington County,588.0,12.8,64985.0,0,peeringdb_us_facilities_20261006T160916Z.json,2024,14.92,eia_residential_electricity_price_2024_by_state.csv,state,0,,,0,no_listed_facilities,WRI Aqueduct 4.0 baseline_annual
08123,2024,CO,Weld County,35166.0,9.6,100638.0,0,peeringdb_us_facilities_20261006T160916Z.json,2024,14.92,eia_residential_electricity_price_2024_by_state.csv,state,0,,,0,no_listed_facilities,WRI Aqueduct 4.0 baseline_annual
08125,2024,CO,Yuma County,1323.0,13.4,60621.0,0,peeringdb_us_facilities_20261006T160916Z.json,2024,14.92,eia_residential_electricity_price_2024_by_state.csv,state,0,,,0,no_listed_facilities,WRI Aqueduct 4.0 baseline_annual
09110,2024,CT,Capitol Planning Region,99488.0,10.4,93478.0,2,peeringdb_us_facilities_20261006T160916Z.json,2024,28.75,eia_residential_electricity_price_2024_by_state.csv,state,2,1.2883073190179355,100.0,0,complete_coverage,WRI Aqueduct 4.0 baseline_annual
09120,2024,CT,Greater Bridgeport Planning Region,37123.0,11.4,89961.0,1,peeringdb_us_facilities_20261006T160916Z.json,2024,28.75,eia_residential_electricity_price_2024_by_state.csv,state,1,0.2203653116452903,100.0,0,complete_coverage,WRI Aqueduct 4.0 baseline_annual
09130,2024,CT,Lower Connecticut River Valley Planning Region,12447.0,7.2,101937.0,0,peeringdb_us_facilities_20261006T160916Z.json,2024,28.75,eia_residential_electricity_price_2024_by_state.csv,state,0,,,0,no_listed_facilities,WRI Aqueduct 4.0 baseline_annual
09140,2024,CT,Naugatuck Valley Planning Region,56917.0,12.5,81346.0,3,peeringdb_us_facilities_20261006T160916Z.json,2024,28.75,eia_residential_electricity_price_2024_by_state.csv,state,3,0.2203653116452903,100.0,0,complete_coverage,WRI Aqueduct 4.0 baseline_annual
09150,2024,CT,Northeastern Connecticut Planning Region,7374.0,7.7,95324.0,0,peeringdb_us_facilities_20261006T160916Z.json,2024,28.75,eia_residential_electricity_price_2024_by_state.csv,state,0,,,0,no_listed_facilities,WRI Aqueduct 4.0 baseline_annual
09160,2024,CT,Northwest Hills Planning Region,9613.0,8.6,95471.0,0,peeringdb_us_facilities_20261006T160916Z.json,2024,28.75,eia_residential_electricity_price_2024_by_state.csv,state,0,,,0,no_listed_facilities,WRI Aqueduct 4.0 baseline_annual
09170,2024,CT,South Central Connecticut Planning Region,63390.0,11.5,89386.0,2,peeringdb_us_facilities_20261006T160916Z.json,2024,28.75,eia_residential_electricity_price_2024_by_state.csv,state,2,0.2203653116452903,100.0,0,complete_coverage,WRI Aqueduct 4.0 baseline_annual
09180,2024,CT,Southeastern Connecticut Planning Region,26061.0,9.6,89230.0,1,peeringdb_us_facilities_20261006T160916Z.json,2024,28.75,eia_residential_electricity_price_2024_by_state.csv,state,1,2.188356913706249,100.0,0,complete_coverage,WRI Aqueduct 4.0 baseline_annual
09190,2024,CT,Western Connecticut Planning Region,48879.0,7.8,130842.0,7,peeringdb_us_facilities_20261006T160916Z.json,2024,28.75,eia_residential_electricity_price_2024_by_state.csv,state,7,0.2203653116452903,100.0,0,complete_coverage,WRI Aqueduct 4.0 baseline_annual
10001,2024,DE,Kent County,19147.0,10.2,78240.0,0,peeringdb_us_facilities_20261006T160916Z.json,2024,16.57,eia_residential_electricity_price_2024_by_state.csv,state,0,,,0,no_listed_facilities,WRI Aqueduct 4.0 baseline_annual
10003,2024,DE,New Castle County,58815.0,10.3,89750.0,2,peeringdb_us_facilities_20261006T160916Z.json,2024,16.57,eia_residential_electricity_price_2024_by_state.csv,state,2,2.830392351967968,100.0,0,complete_coverage,WRI Aqueduct 4.0 baseline_annual
10005,2024,DE,Sussex County,25402.0,9.5,84917.0,0,peeringdb_us_facilities_20261006T160916Z.json,2024,16.57,eia_residential_electricity_price_2024_by_state.csv,state,0,,,0,no_listed_facilities,WRI Aqueduct 4.0 baseline_annual
11001,2024,DC,District of Columbia,110233.0,16.4,109289.0,4,peeringdb_us_facilities_20261006T160916Z.json,2024,17.71,eia_residential_electricity_price_2024_by_state.csv,state,4,0.40046758900699353,100.0,0,complete_coverage,WRI Aqueduct 4.0 baseline_annual
12001,2024,FL,Alachua County,62578.0,22.9,65127.0,0,peeringdb_us_facilities_20261006T160916Z.json,2024,14.14,eia_residential_electricity_price_2024_by_state.csv,state,0,,,0,no_listed_facilities,WRI Aqueduct 4.0 baseline_annual
12003,2024,FL,Baker County,3559.0,13.0,78227.0,0,peeringdb_us_facilities_20261006T160916Z.json,2024,14.14,eia_residential_electricity_price_2024_by_state.csv,state,0,,,0,no_listed_facilities,WRI Aqueduct 4.0 baseline_annual
12005,2024,FL,Bay County,22747.0,11.6,76080.0,0,peeringdb_us_facilities_20261006T160916Z.json,2024,14.14,eia_residential_electricity_price_2024_by_state.csv,state,0,,,0,no_listed_facilities,WRI Aqueduct 4.0 baseline_annual
12007,2024,FL,Bradford County,4626.0,18.2,58527.0,0,peeringdb_us_facilities_20261006T160916Z.json,2024,14.14,eia_residential_electricity_price_2024_by_state.csv,state,0,,,0,no_listed_facilities,WRI Aqueduct 4.0 baseline_annual
12009,2024,FL,Brevard County,65695.0,10.1,78154.0,1,peeringdb_us_facilities_20261006T160916Z.json,2024,14.14,eia_residential_electricity_price_2024_by_state.csv,state,1,3.795430686457698,100.0,0,complete_coverage,WRI Aqueduct 4.0 baseline_annual
12011,2024,FL,Broward County,236846.0,11.7,81337.0,3,peeringdb_us_facilities_20261006T160916Z.json,2024,14.14,eia_residential_electricity_price_2024_by_state.csv,state,3,3.795430686457698,100.0,0,complete_coverage,WRI Aqueduct 4.0 baseline_annual
12013,2024,FL,Calhoun County,2273.0,19.2,53701.0,0,peeringdb_us_facilities_20261006T160916Z.json,2024,14.14,eia_residential_electricity_price_2024_by_state.csv,state,0,,,0,no_listed_facilities,WRI Aqueduct 4.0 baseline_annual
12015,2024,FL,Charlotte County,19414.0,9.3,72816.0,0,peeringdb_us_facilities_20261006T160916Z.json,2024,14.14,eia_residential_electricity_price_2024_by_state.csv,state,0,,,0,no_listed_facilities,WRI Aqueduct 4.0 baseline_annual
12017,2024,FL,Citrus County,22618.0,13.5,59737.0,0,peeringdb_us_facilities_20261006T160916Z.json,2024,14.14,eia_residential_electricity_price_2024_by_state.csv,state,0,,,0,no_listed_facilities,WRI Aqueduct 4.0 baseline_annual
12019,2024,FL,Clay County,21370.0,9.1,89972.0,0,peeringdb_us_facilities_20261006T160916Z.json,2024,14.14,eia_residential_electricity_price_2024_by_state.csv,state,0,,,0,no_listed_facilities,WRI Aqueduct 4.0 baseline_annual
12021,2024,FL,Collier County,42737.0,10.4,97022.0,1,peeringdb_us_facilities_20261006T160916Z.json,2024,14.14,eia_residential_electricity_price_2024_by_state.csv,state,1,2.110354012615164,100.0,0,complete_coverage,WRI Aqueduct 4.0 baseline_annual
12023,2024,FL,Columbia County,11278.0,16.0,62511.0,0,peeringdb_us_facilities_20261006T160916Z.json,2024,14.14,eia_residential_electricity_price_2024_by_state.csv,state,0,,,0,no_listed_facilities,WRI Aqueduct 4.0 baseline_annual
12027,2024,FL,DeSoto County,7408.0,21.8,57325.0,0,peeringdb_us_facilities_20261006T160916Z.json,2024,14.14,eia_residential_electricity_price_2024_by_state.csv,state,0,,,0,no_listed_facilities,WRI Aqueduct 4.0 baseline_annual
12029,2024,FL,Dixie County,3543.0,22.1,50887.0,0,peeringdb_us_facilities_20261006T160916Z.json,2024,14.14,eia_residential_electricity_price_2024_by_state.csv,state,0,,,0,no_listed_facilities,WRI Aqueduct 4.0 baseline_annual
12031,2024,FL,Duval County,125541.0,12.2,73638.0,9,peeringdb_us_facilities_20261006T160916Z.json,2024,14.14,eia_residential_electricity_price_2024_by_state.csv,state,9,3.712888807453472,100.0,0,complete_coverage,WRI Aqueduct 4.0 baseline_annual
12033,2024,FL,Escambia County,45410.0,14.5,66861.0,0,peeringdb_us_facilities_20261006T160916Z.json,2024,14.14,eia_residential_electricity_price_2024_by_state.csv,state,0,,,0,no_listed_facilities,WRI Aqueduct 4.0 baseline_annual
12035,2024,FL,Flagler County,13480.0,9.9,84156.0,0,peeringdb_us_facilities_20261006T160916Z.json,2024,14.14,eia_residential_electricity_price_2024_by_state.csv,state,0,,,0,no_listed_facilities,WRI Aqueduct 4.0 baseline_annual
12037,2024,FL,Franklin County,2083.0,17.9,58831.0,0,peeringdb_us_facilities_20261006T160916Z.json,2024,14.14,eia_residential_electricity_price_2024_by_state.csv,state,0,,,0,no_listed_facilities,WRI Aqueduct 4.0 baseline_annual
12039,2024,FL,Gadsden County,8889.0,20.7,56398.0,0,peeringdb_us_facilities_20261006T160916Z.json,2024,14.14,eia_residential_electricity_price_2024_by_state.csv,state,0,,,0,no_listed_facilities,WRI Aqueduct 4.0 baseline_annual
12041,2024,FL,Gilchrist County,2700.0,14.1,58365.0,0,peeringdb_us_facilities_20261006T160916Z.json,2024,14.14,eia_residential_electricity_price_2024_by_state.csv,state,0,,,0,no_listed_facilities,WRI Aqueduct 4.0 baseline_annual
12043,2024,FL,Glades County,1974.0,17.2,58721.0,0,peeringdb_us_facilities_20261006T160916Z.json,2024,14.14,eia_residential_electricity_price_2024_by_state.csv,state,0,,,0,no_listed_facilities,WRI Aqueduct 4.0 baseline_annual
12045,2024,FL,Gulf County,2230.0,16.0,63384.0,0,peeringdb_us_facilities_20261006T160916Z.json,2024,14.14,eia_residential_electricity_price_2024_by_state.csv,state,0,,,0,no_listed_facilities,WRI Aqueduct 4.0 baseline_annual
12047,2024,FL,Hamilton County,3023.0,25.3,48859.0,0,peeringdb_us_facilities_20261006T160916Z.json,2024,14.14,eia_residential_electricity_price_2024_by_state.csv,state,0,,,0,no_listed_facilities,WRI Aqueduct 4.0 baseline_annual
12049,2024,FL,Hardee County,4563.0,18.9,56091.0,0,peeringdb_us_facilities_20261006T160916Z.json,2024,14.14,eia_residential_electricity_price_2024_by_state.csv,state,0,,,0,no_listed_facilities,WRI Aqueduct 4.0 baseline_annual
12051,2024,FL,Hendry County,8317.0,18.3,57691.0,0,peeringdb_us_facilities_20261006T160916Z.json,2024,14.14,eia_residential_electricity_price_2024_by_state.csv,state,0,,,0,no_listed_facilities,WRI Aqueduct 4.0 baseline_annual
12053,2024,FL,Hernando County,22399.0,10.4,68768.0,0,peeringdb_us_facilities_20261006T160916Z.json,2024,14.14,eia_residential_electricity_price_2024_by_state.csv,state,0,,,0,no_listed_facilities,WRI Aqueduct 4.0 baseline_annual
12055,2024,FL,Highlands County,16798.0,15.5,56218.0,0,peeringdb_us_facilities_20261006T160916Z.json,2024,14.14,eia_residential_electricity_price_2024_by_state.csv,state,0,,,0,no_listed_facilities,WRI Aqueduct 4.0 baseline_annual
12057,2024,FL,Hillsborough County,181803.0,11.7,84691.0,11,peeringdb_us_facilities_20261006T160916Z.json,2024,14.14,eia_residential_electricity_price_2024_by_state.csv,state,11,3.636148656561352,100.0,0,complete_coverage,WRI Aqueduct 4.0 baseline_annual
12059,2024,FL,Holmes County,3421.0,18.7,52901.0,0,peeringdb_us_facilities_20261006T160916Z.json,2024,14.14,eia_residential_electricity_price_2024_by_state.csv,state,0,,,0,no_listed_facilities,WRI Aqueduct 4.0 baseline_annual
12061,2024,FL,Indian River County,15679.0,9.2,81530.0,0,peeringdb_us_facilities_20261006T160916Z.json,2024,14.14,eia_residential_electricity_price_2024_by_state.csv,state,0,,,0,no_listed_facilities,WRI Aqueduct 4.0 baseline_annual
12063,2024,FL,Jackson County,8198.0,19.4,55272.0,0,peeringdb_us_facilities_20261006T160916Z.json,2024,14.14,eia_residential_electricity_price_2024_by_state.csv,state,0,,,0,no_listed_facilities,WRI Aqueduct 4.0 baseline_annual
12065,2024,FL,Jefferson County,2301.0,15.9,64680.0,0,peeringdb_us_facilities_20261006T160916Z.json,2024,14.14,eia_residential_electricity_price_2024_by_state.csv,state,0,,,0,no_listed_facilities,WRI Aqueduct 4.0 baseline_annual
12067,2024,FL,Lafayette County,1405.0,19.6,57560.0,0,peeringdb_us_facilities_20261006T160916Z.json,2024,14.14,eia_residential_electricity_price_2024_by_state.csv,state,0,,,0,no_listed_facilities,WRI Aqueduct 4.0 baseline_annual
12069,2024,FL,Lake County,39604.0,9.0,76542.0,0,peeringdb_us_facilities_20261006T160916Z.json,2024,14.14,eia_residential_electricity_price_2024_by_state.csv,state,0,,,0,no_listed_facilities,WRI Aqueduct 4.0 baseline_annual
12071,2024,FL,Lee County,96897.0,11.4,83479.0,0,peeringdb_us_facilities_20261006T160916Z.json,2024,14.14,eia_residential_electricity_price_2024_by_state.csv,state,0,,,0,no_listed_facilities,WRI Aqueduct 4.0 baseline_annual
12073,2024,FL,Leon County,60386.0,21.3,64847.0,1,peeringdb_us_facilities_20261006T160916Z.json,2024,14.14,eia_residential_electricity_price_2024_by_state.csv,state,1,2.716228594041432,100.0,0,complete_coverage,WRI Aqueduct 4.0 baseline_annual
12075,2024,FL,Levy County,8360.0,17.6,54617.0,0,peeringdb_us_facilities_20261006T160916Z.json,2024,14.14,eia_residential_electricity_price_2024_by_state.csv,state,0,,,0,no_listed_facilities,WRI Aqueduct 4.0 baseline_annual
12077,2024,FL,Liberty County,1295.0,20.5,57015.0,0,peeringdb_us_facilities_20261006T160916Z.json,2024,14.14,eia_residential_electricity_price_2024_by_state.csv,state,0,,,0,no_listed_facilities,WRI Aqueduct 4.0 baseline_annual
12079,2024,FL,Madison County,3320.0,19.6,51714.0,0,peeringdb_us_facilities_20261006T160916Z.json,2024,14.14,eia_residential_electricity_price_2024_by_state.csv,state,0,,,0,no_listed_facilities,WRI Aqueduct 4.0 baseline_annual
12081,2024,FL,Manatee County,44121.0,9.8,81174.0,0,peeringdb_us_facilities_20261006T160916Z.json,2024,14.14,eia_residential_electricity_price_2024_by_state.csv,state,0,,,0,no_listed_facilities,WRI Aqueduct 4.0 baseline_annual
12083,2024,FL,Marion County,59731.0,14.3,64046.0,0,peeringdb_us_facilities_20261006T160916Z.json,2024,14.14,eia_residential_electricity_price_2024_by_state.csv,state,0,,,0,no_listed_facilities,WRI Aqueduct 4.0 baseline_annual
12085,2024,FL,Martin County,13893.0,8.6,94583.0,0,peeringdb_us_facilities_20261006T160916Z.json,2024,14.14,eia_residential_electricity_price_2024_by_state.csv,state,0,,,0,no_listed_facilities,WRI Aqueduct 4.0 baseline_annual
12086,2024,FL,Miami-Dade County,397263.0,14.2,75779.0,24,peeringdb_us_facilities_20261006T160916Z.json,2024,14.14,eia_residential_electricity_price_2024_by_state.csv,state,24,2.0482662870044894,100.0,0,complete_coverage,WRI Aqueduct 4.0 baseline_annual
12087,2024,FL,Monroe County,8694.0,10.9,94752.0,0,peeringdb_us_facilities_20261006T160916Z.json,2024,14.14,eia_residential_electricity_price_2024_by_state.csv,state,0,,,0,no_listed_facilities,WRI Aqueduct 4.0 baseline_annual
12089,2024,FL,Nassau County,9002.0,8.7,94297.0,0,peeringdb_us_facilities_20261006T160916Z.json,2024,14.14,eia_residential_electricity_price_2024_by_state.csv,state,0,,,0,no_listed_facilities,WRI Aqueduct 4.0 baseline_annual
12091,2024,FL,Okaloosa County,22914.0,10.6,81348.0,1,peeringdb_us_facilities_20261006T160916Z.json,2024,14.14,eia_residential_electricity_price_2024_by_state.csv,state,1,1.85164469482142,100.0,0,complete_coverage,WRI Aqueduct 4.0 baseline_annual
12093,2024,FL,Okeechobee County,6811.0,17.0,63153.0,0,peeringdb_us_facilities_20261006T160916Z.json,2024,14.14,eia_residential_electricity_price_2024_by_state.csv,state,0,,,0,no_listed_facilities,WRI Aqueduct 4.0 baseline_annual
12095,2024,FL,Orange County,185616.0,12.4,81645.0,5,peeringdb_us_facilities_20261006T160916Z.json,2024,14.14,eia_residential_electricity_price_2024_by_state.csv,state,5,3.359386457622798,100.0,0,complete_coverage,WRI Aqueduct 4.0 baseline_annual
12097,2024,FL,Osceola County,60223.0,13.0,76172.0,0,peeringdb_us_facilities_20261006T160916Z.json,2024,14.14,eia_residential_electricity_price_2024_by_state.csv,state,0,,,0,no_listed_facilities,WRI Aqueduct 4.0 baseline_annual
12099,2024,FL,Palm Beach County,181912.0,11.7,84857.0,4,peeringdb_us_facilities_20261006T160916Z.json,2024,14.14,eia_residential_electricity_price_2024_by_state.csv,state,4,3.795430686457698,100.0,0,complete_coverage,WRI Aqueduct 4.0 baseline_annual
12101,2024,FL,Pasco County,69637.0,10.7,72562.0,0,peeringdb_us_facilities_20261006T160916Z.json,2024,14.14,eia_residential_electricity_price_2024_by_state.csv,state,0,,,0,no_listed_facilities,WRI Aqueduct 4.0 baseline_annual
12103,2024,FL,Pinellas County,102775.0,10.8,73605.0,0,peeringdb_us_facilities_20261006T160916Z.json,2024,14.14,eia_residential_electricity_price_2024_by_state.csv,state,0,,,0,no_listed_facilities,WRI Aqueduct 4.0 baseline_annual
12105,2024,FL,Polk County,111467.0,13.4,66708.0,3,peeringdb_us_facilities_20261006T160916Z.json,2024,14.14,eia_residential_electricity_price_2024_by_state.csv,state,3,3.119554588916948,100.0,0,complete_coverage,WRI Aqueduct 4.0 baseline_annual
12107,2024,FL,Putnam County,15713.0,20.7,52250.0,0,peeringdb_us_facilities_20261006T160916Z.json,2024,14.14,eia_residential_electricity_price_2024_by_state.csv,state,0,,,0,no_listed_facilities,WRI Aqueduct 4.0 baseline_annual
12109,2024,FL,St. Johns County,19111.0,5.8,117178.0,0,peeringdb_us_facilities_20261006T160916Z.json,2024,14.14,eia_residential_electricity_price_2024_by_state.csv,state,0,,,0,no_listed_facilities,WRI Aqueduct 4.0 baseline_annual
12111,2024,FL,St. Lucie County,44688.0,11.5,73824.0,0,peeringdb_us_facilities_20261006T160916Z.json,2024,14.14,eia_residential_electricity_price_2024_by_state.csv,state,0,,,0,no_listed_facilities,WRI Aqueduct 4.0 baseline_annual
12113,2024,FL,Santa Rosa County,20846.0,10.3,88354.0,0,peeringdb_us_facilities_20261006T160916Z.json,2024,14.14,eia_residential_electricity_price_2024_by_state.csv,state,0,,,0,no_listed_facilities,WRI Aqueduct 4.0 baseline_annual
12115,2024,FL,Sarasota County,40153.0,8.6,83367.0,0,peeringdb_us_facilities_20261006T160916Z.json,2024,14.14,eia_residential_electricity_price_2024_by_state.csv,state,0,,,0,no_listed_facilities,WRI Aqueduct 4.0 baseline_annual
12117,2024,FL,Seminole County,43889.0,9.0,85415.0,0,peeringdb_us_facilities_20261006T160916Z.json,2024,14.14,eia_residential_electricity_price_2024_by_state.csv,state,0,,,0,no_listed_facilities,WRI Aqueduct 4.0 baseline_annual
12119,2024,FL,Sumter County,12827.0,8.8,85035.0,0,peeringdb_us_facilities_20261006T160916Z.json,2024,14.14,eia_residential_electricity_price_2024_by_state.csv,state,0,,,0,no_listed_facilities,WRI Aqueduct 4.0 baseline_annual
12121,2024,FL,Suwannee County,8343.0,18.8,59072.0,0,peeringdb_us_facilities_20261006T160916Z.json,2024,14.14,eia_residential_electricity_price_2024_by_state.csv,state,0,,,0,no_listed_facilities,WRI Aqueduct 4.0 baseline_annual
12123,2024,FL,Taylor County,4000.0,19.9,53844.0,0,peeringdb_us_facilities_20261006T160916Z.json,2024,14.14,eia_residential_electricity_price_2024_by_state.csv,state,0,,,0,no_listed_facilities,WRI Aqueduct 4.0 baseline_annual
12125,2024,FL,Union County,2081.0,18.2,63669.0,0,peeringdb_us_facilities_20261006T160916Z.json,2024,14.14,eia_residential_electricity_price_2024_by_state.csv,state,0,,,0,no_listed_facilities,WRI Aqueduct 4.0 baseline_annual
12127,2024,FL,Volusia County,62996.0,10.8,71203.0,0,peeringdb_us_facilities_20261006T160916Z.json,2024,14.14,eia_residential_electricity_price_2024_by_state.csv,state,0,,,0,no_listed_facilities,WRI Aqueduct 4.0 baseline_annual
12129,2024,FL,Wakulla County,4030.0,11.8,77770.0,0,peeringdb_us_facilities_20261006T160916Z.json,2024,14.14,eia_residential_electricity_price_2024_by_state.csv,state,0,,,0,no_listed_facilities,WRI Aqueduct 4.0 baseline_annual
12131,2024,FL,Walton County,9311.0,10.6,83035.0,0,peeringdb_us_facilities_20261006T160916Z.json,2024,14.14,eia_residential_electricity_price_2024_by_state.csv,state,0,,,0,no_listed_facilities,WRI Aqueduct 4.0 baseline_annual
12133,2024,FL,Washington County,3553.0,14.9,61932.0,0,peeringdb_us_facilities_20261006T160916Z.json,2024,14.14,eia_residential_electricity_price_2024_by_state.csv,state,0,,,0,no_listed_facilities,WRI Aqueduct 4.0 baseline_annual
13001,2024,GA,Appling County,3063.0,16.9,56345.0,0,peeringdb_us_facilities_20261006T160916Z.json,2024,14.08,eia_residential_electricity_price_2024_by_state.csv,state,0,,,0,no_listed_facilities,WRI Aqueduct 4.0 baseline_annual
13003,2024,GA,Atkinson County,2360.0,28.3,47544.0,0,peeringdb_us_facilities_20261006T160916Z.json,2024,14.08,eia_residential_electricity_price_2024_by_state.csv,state,0,,,0,no_listed_facilities,WRI Aqueduct 4.0 baseline_annual
13005,2024,GA,Bacon County,2220.0,20.7,49454.0,0,peeringdb_us_facilities_20261006T160916Z.json,2024,14.08,eia_residential_electricity_price_2024_by_state.csv,state,0,,,0,no_listed_facilities,WRI Aqueduct 4.0 baseline_annual
13007,2024,GA,Baker County,655.0,24.1,48527.0,0,peeringdb_us_facilities_20261006T160916Z.json,2024,14.08,eia_residential_electricity_price_2024_by_state.csv,state,0,,,0,no_listed_facilities,WRI Aqueduct 4.0 baseline_annual
13009,2024,GA,Baldwin County,8252.0,21.5,54896.0,0,peeringdb_us_facilities_20261006T160916Z.json,2024,14.08,eia_residential_electricity_price_2024_by_state.csv,state,0,,,0,no_listed_facilities,WRI Aqueduct 4.0 baseline_annual
13011,2024,GA,Banks County,1917.0,9.5,78587.0,0,peeringdb_us_facilities_20261006T160916Z.json,2024,14.08,eia_residential_electricity_price_2024_by_state.csv,state,0,,,0,no_listed_facilities,WRI Aqueduct 4.0 baseline_annual
13013,2024,GA,Barrow County,8219.0,8.6,89040.0,0,peeringdb_us_facilities_20261006T160916Z.json,2024,14.08,eia_residential_electricity_price_2024_by_state.csv,state,0,,,0,no_listed_facilities,WRI Aqueduct 4.0 baseline_annual
13015,2024,GA,Bartow County,12410.0,10.7,82311.0,0,peeringdb_us_facilities_20261006T160916Z.json,2024,14.08,eia_residential_electricity_price_2024_by_state.csv,state,0,,,0,no_listed_facilities,WRI Aqueduct 4.0 baseline_annual
13017,2024,GA,Ben Hill County,3688.0,22.2,47228.0,0,peeringdb_us_facilities_20261006T160916Z.json,2024,14.08,eia_residential_electricity_price_2024_by_state.csv,state,0,,,0,no_listed_facilities,WRI Aqueduct 4.0 baseline_annual
13019,2024,GA,Berrien County,3327.0,18.0,54062.0,0,peeringdb_us_facilities_20261006T160916Z.json,2024,14.08,eia_residential_electricity_price_2024_by_state.csv,state,0,,,0,no_listed_facilities,WRI Aqueduct 4.0 baseline_annual
13021,2024,GA,Bibb County,35458.0,23.4,50751.0,0,peeringdb_us_facilities_20261006T160916Z.json,2024,14.08,eia_residential_electricity_price_2024_by_state.csv,state,0,,,0,no_listed_facilities,WRI Aqueduct 4.0 baseline_annual
13023,2024,GA,Bleckley County,2054.0,17.6,59580.0,0,peeringdb_us_facilities_20261006T160916Z.json,2024,14.08,eia_residential_electricity_price_2024_by_state.csv,state,0,,,0,no_listed_facilities,WRI Aqueduct 4.0 baseline_annual
13025,2024,GA,Brantley County,2910.0,15.6,71966.0,0,peeringdb_us_facilities_20261006T160916Z.json,2024,14.08,eia_residential_electricity_price_2024_by_state.csv,state,0,,,0,no_listed_facilities,WRI Aqueduct 4.0 baseline_annual
13027,2024,GA,Brooks County,3102.0,19.4,49237.0,0,peeringdb_us_facilities_20261006T160916Z.json,2024,14.08,eia_residential_electricity_price_2024_by_state.csv,state,0,,,0,no_listed_facilities,WRI Aqueduct 4.0 baseline_annual
13029,2024,GA,Bryan County,3828.0,7.5,107486.0,0,peeringdb_us_facilities_20261006T160916Z.json,2024,14.08,eia_residential_electricity_price_2024_by_state.csv,state,0,,,0,no_listed_facilities,WRI Aqueduct 4.0 baseline_annual
13031,2024,GA,Bulloch County,16997.0,21.5,56738.0,0,peeringdb_us_facilities_20261006T160916Z.json,2024,14.08,eia_residential_electricity_price_2024_by_state.csv,state,0,,,0,no_listed_facilities,WRI Aqueduct 4.0 baseline_annual
13033,2024,GA,Burke County,5848.0,24.2,51974.0,0,peeringdb_us_facilities_20261006T160916Z.json,2024,14.08,eia_residential_electricity_price_2024_by_state.csv,state,0,,,0,no_listed_facilities,WRI Aqueduct 4.0 baseline_annual
13035,2024,GA,Butts County,3240.0,13.4,71262.0,0,peeringdb_us_facilities_20261006T160916Z.json,2024,14.08,eia_residential_electricity_price_2024_by_state.csv,state,0,,,0,no_listed_facilities,WRI Aqueduct 4.0 baseline_annual
13037,2024,GA,Calhoun County,1374.0,36.8,39818.0,0,peeringdb_us_facilities_20261006T160916Z.json,2024,14.08,eia_residential_electricity_price_2024_by_state.csv,state,0,,,0,no_listed_facilities,WRI Aqueduct 4.0 baseline_annual
13039,2024,GA,Camden County,6335.0,11.1,73643.0,0,peeringdb_us_facilities_20261006T160916Z.json,2024,14.08,eia_residential_electricity_price_2024_by_state.csv,state,0,,,0,no_listed_facilities,WRI Aqueduct 4.0 baseline_annual
13043,2024,GA,Candler County,2299.0,21.3,49754.0,0,peeringdb_us_facilities_20261006T160916Z.json,2024,14.08,eia_residential_electricity_price_2024_by_state.csv,state,0,,,0,no_listed_facilities,WRI Aqueduct 4.0 baseline_annual
13045,2024,GA,Carroll County,16841.0,13.3,75188.0,0,peeringdb_us_facilities_20261006T160916Z.json,2024,14.08,eia_residential_electricity_price_2024_by_state.csv,state,0,,,0,no_listed_facilities,WRI Aqueduct 4.0 baseline_annual
13047,2024,GA,Catoosa County,7075.0,10.4,73900.0,0,peeringdb_us_facilities_20261006T160916Z.json,2024,14.08,eia_residential_electricity_price_2024_by_state.csv,state,0,,,0,no_listed_facilities,WRI Aqueduct 4.0 baseline_annual
13049,2024,GA,Charlton County,2132.0,20.4,55182.0,0,peeringdb_us_facilities_20261006T160916Z.json,2024,14.08,eia_residential_electricity_price_2024_by_state.csv,state,0,,,0,no_listed_facilities,WRI Aqueduct 4.0 baseline_annual
13051,2024,GA,Chatham County,40800.0,13.9,74037.0,0,peeringdb_us_facilities_20261006T160916Z.json,2024,14.08,eia_residential_electricity_price_2024_by_state.csv,state,0,,,0,no_listed_facilities,WRI Aqueduct 4.0 baseline_annual
13053,2024,GA,Chattahoochee County,1161.0,17.8,60793.0,0,peeringdb_us_facilities_20261006T160916Z.json,2024,14.08,eia_residential_electricity_price_2024_by_state.csv,state,0,,,0,no_listed_facilities,WRI Aqueduct 4.0 baseline_annual
13055,2024,GA,Chattooga County,4398.0,18.3,52704.0,0,peeringdb_us_facilities_20261006T160916Z.json,2024,14.08,eia_residential_electricity_price_2024_by_state.csv,state,0,,,0,no_listed_facilities,WRI Aqueduct 4.0 baseline_annual
13057,2024,GA,Cherokee County,19924.0,6.8,116493.0,0,peeringdb_us_facilities_20261006T160916Z.json,2024,14.08,eia_residential_electricity_price_2024_by_state.csv,state,0,,,0,no_listed_facilities,WRI Aqueduct 4.0 baseline_annual
13059,2024,GA,Clarke County,27842.0,23.5,54739.0,0,peeringdb_us_facilities_20261006T160916Z.json,2024,14.08,eia_residential_electricity_price_2024_by_state.csv,state,0,,,0,no_listed_facilities,WRI Aqueduct 4.0 baseline_annual
13061,2024,GA,Clay County,708.0,25.7,40200.0,0,peeringdb_us_facilities_20261006T160916Z.json,2024,14.08,eia_residential_electricity_price_2024_by_state.csv,state,0,,,0,no_listed_facilities,WRI Aqueduct 4.0 baseline_annual
13063,2024,GA,Clayton County,50617.0,17.4,59825.0,0,peeringdb_us_facilities_20261006T160916Z.json,2024,14.08,eia_residential_electricity_price_2024_by_state.csv,state,0,,,0,no_listed_facilities,WRI Aqueduct 4.0 baseline_annual
13065,2024,GA,Clinch County,1489.0,22.0,50547.0,0,peeringdb_us_facilities_20261006T160916Z.json,2024,14.08,eia_residential_electricity_price_2024_by_state.csv,state,0,,,0,no_listed_facilities,WRI Aqueduct 4.0 baseline_annual
13067,2024,GA,Cobb County,67286.0,8.7,102071.0,6,peeringdb_us_facilities_20261006T160916Z.json,2024,14.08,eia_residential_electricity_price_2024_by_state.csv,state,6,2.4115917257827646,100.0,0,complete_coverage,WRI Aqueduct 4.0 baseline_annual
13069,2024,GA,Coffee County,9537.0,23.3,50764.0,0,peeringdb_us_facilities_20261006T160916Z.json,2024,14.08,eia_residential_electricity_price_2024_by_state.csv,state,0,,,0,no_listed_facilities,WRI Aqueduct 4.0 baseline_annual
13071,2024,GA,Colquitt County,10245.0,22.2,49031.0,0,peeringdb_us_facilities_20261006T160916Z.json,2024,14.08,eia_residential_electricity_price_2024_by_state.csv,state,0,,,0,no_listed_facilities,WRI Aqueduct 4.0 baseline_annual
13073,2024,GA,Columbia County,10991.0,6.6,96487.0,1,peeringdb_us_facilities_20261006T160916Z.json,2024,14.08,eia_residential_electricity_price_2024_by_state.csv,state,1,2.931926380780837,100.0,0,complete_coverage,WRI Aqueduct 4.0 baseline_annual
13075,2024,GA,Cook County,2939.0,16.6,58852.0,0,peeringdb_us_facilities_20261006T160916Z.json,2024,14.08,eia_residential_electricity_price_2024_by_state.csv,state,0,,,0,no_listed_facilities,WRI Aqueduct 4.0 baseline_annual
13077,2024,GA,Coweta County,11387.0,7.3,96188.0,0,peeringdb_us_facilities_20261006T160916Z.json,2024,14.08,eia_residential_electricity_price_2024_by_state.csv,state,0,,,0,no_listed_facilities,WRI Aqueduct 4.0 baseline_annual
13079,2024,GA,Crawford County,1765.0,14.4,65964.0,0,peeringdb_us_facilities_20261006T160916Z.json,2024,14.08,eia_residential_electricity_price_2024_by_state.csv,state,0,,,0,no_listed_facilities,WRI Aqueduct 4.0 baseline_annual
13081,2024,GA,Crisp County,4335.0,22.8,47101.0,0,peeringdb_us_facilities_20261006T160916Z.json,2024,14.08,eia_residential_electricity_price_2024_by_state.csv,state,0,,,0,no_listed_facilities,WRI Aqueduct 4.0 baseline_annual
13083,2024,GA,Dade County,1794.0,11.6,70540.0,0,peeringdb_us_facilities_20261006T160916Z.json,2024,14.08,eia_residential_electricity_price_2024_by_state.csv,state,0,,,0,no_listed_facilities,WRI Aqueduct 4.0 baseline_annual
13085,2024,GA,Dawson County,2678.0,8.0,93710.0,0,peeringdb_us_facilities_20261006T160916Z.json,2024,14.08,eia_residential_electricity_price_2024_by_state.csv,state,0,,,0,no_listed_facilities,WRI Aqueduct 4.0 baseline_annual
13087,2024,GA,Decatur County,6139.0,21.7,50909.0,0,peeringdb_us_facilities_20261006T160916Z.json,2024,14.08,eia_residential_electricity_price_2024_by_state.csv,state,0,,,0,no_listed_facilities,WRI Aqueduct 4.0 baseline_annual
13089,2024,GA,DeKalb County,96158.0,12.7,81452.0,2,peeringdb_us_facilities_20261006T160916Z.json,2024,14.08,eia_residential_electricity_price_2024_by_state.csv,state,2,2.4115917257827646,100.0,0,complete_coverage,WRI Aqueduct 4.0 baseline_annual
13091,2024,GA,Dodge County,3247.0,18.2,50872.0,0,peeringdb_us_facilities_20261006T160916Z.json,2024,14.08,eia_residential_electricity_price_2024_by_state.csv,state,0,,,0,no_listed_facilities,WRI Aqueduct 4.0 baseline_annual
13093,2024,GA,Dooly County,2407.0,25.6,48734.0,0,peeringdb_us_facilities_20261006T160916Z.json,2024,14.08,eia_residential_electricity_price_2024_by_state.csv,state,0,,,0,no_listed_facilities,WRI Aqueduct 4.0 baseline_annual
13095,2024,GA,Dougherty County,18729.0,23.6,50559.0,0,peeringdb_us_facilities_20261006T160916Z.json,2024,14.08,eia_residential_electricity_price_2024_by_state.csv,state,0,,,0,no_listed_facilities,WRI Aqueduct 4.0 baseline_annual
13097,2024,GA,Douglas County,16157.0,10.7,77579.0,4,peeringdb_us_facilities_20261006T160916Z.json,2024,14.08,eia_residential_electricity_price_2024_by_state.csv,state,4,2.4115917257827646,100.0,0,complete_coverage,WRI Aqueduct 4.0 baseline_annual
13099,2024,GA,Early County,2731.0,26.7,46188.0,0,peeringdb_us_facilities_20261006T160916Z.json,2024,14.08,eia_residential_electricity_price_2024_by_state.csv,state,0,,,0,no_listed_facilities,WRI Aqueduct 4.0 baseline_annual
13101,2024,GA,Echols County,815.0,22.2,51554.0,0,peeringdb_us_facilities_20261006T160916Z.json,2024,14.08,eia_residential_electricity_price_2024_by_state.csv,state,0,,,0,no_listed_facilities,WRI Aqueduct 4.0 baseline_annual
13103,2024,GA,Effingham County,5670.0,7.8,92674.0,0,peeringdb_us_facilities_20261006T160916Z.json,2024,14.08,eia_residential_electricity_price_2024_by_state.csv,state,0,,,0,no_listed_facilities,WRI Aqueduct 4.0 baseline_annual
13105,2024,GA,Elbert County,3508.0,17.7,54923.0,0,peeringdb_us_facilities_20261006T160916Z.json,2024,14.08,eia_residential_electricity_price_2024_by_state.csv,state,0,,,0,no_listed_facilities,WRI Aqueduct 4.0 baseline_annual
13107,2024,GA,Emanuel County,4794.0,22.1,48801.0,0,peeringdb_us_facilities_20261006T160916Z.json,2024,14.08,eia_residential_electricity_price_2024_by_state.csv,state,0,,,0,no_listed_facilities,WRI Aqueduct 4.0 baseline_annual
13109,2024,GA,Evans County,2306.0,22.6,47653.0,0,peeringdb_us_facilities_20261006T160916Z.json,2024,14.08,eia_residential_electricity_price_2024_by_state.csv,state,0,,,0,no_listed_facilities,WRI Aqueduct 4.0 baseline_annual
13111,2024,GA,Fannin County,3587.0,13.9,61504.0,0,peeringdb_us_facilities_20261006T160916Z.json,2024,14.08,eia_residential_electricity_price_2024_by_state.csv,state,0,,,0,no_listed_facilities,WRI Aqueduct 4.0 baseline_annual
13113,2024,GA,Fayette County,7226.0,5.8,117563.0,1,peeringdb_us_facilities_20261006T160916Z.json,2024,14.08,eia_residential_electricity_price_2024_by_state.csv,state,1,1.1652933984148754,100.0,0,complete_coverage,WRI Aqueduct 4.0 baseline_annual
13115,2024,GA,Floyd County,14478.0,14.9,64134.0,0,peeringdb_us_facilities_20261006T160916Z.json,2024,14.08,eia_residential_electricity_price_2024_by_state.csv,state,0,,,0,no_listed_facilities,WRI Aqueduct 4.0 baseline_annual
13117,2024,GA,Forsyth County,12604.0,4.5,152036.0,0,peeringdb_us_facilities_20261006T160916Z.json,2024,14.08,eia_residential_electricity_price_2024_by_state.csv,state,0,,,0,no_listed_facilities,WRI Aqueduct 4.0 baseline_annual
13119,2024,GA,Franklin County,3715.0,15.2,58648.0,0,peeringdb_us_facilities_20261006T160916Z.json,2024,14.08,eia_residential_electricity_price_2024_by_state.csv,state,0,,,0,no_listed_facilities,WRI Aqueduct 4.0 baseline_annual
13121,2024,GA,Fulton County,119777.0,11.3,100751.0,26,peeringdb_us_facilities_20261006T160916Z.json,2024,14.08,eia_residential_electricity_price_2024_by_state.csv,state,26,2.458284589400103,100.0,0,complete_coverage,WRI Aqueduct 4.0 baseline_annual
13123,2024,GA,Gilmer County,4749.0,14.4,69729.0,0,peeringdb_us_facilities_20261006T160916Z.json,2024,14.08,eia_residential_electricity_price_2024_by_state.csv,state,0,,,0,no_listed_facilities,WRI Aqueduct 4.0 baseline_annual
13125,2024,GA,Glascock County,481.0,16.4,60482.0,0,peeringdb_us_facilities_20261006T160916Z.json,2024,14.08,eia_residential_electricity_price_2024_by_state.csv,state,0,,,0,no_listed_facilities,WRI Aqueduct 4.0 baseline_annual
13127,2024,GA,Glynn County,11733.0,13.9,71733.0,0,peeringdb_us_facilities_20261006T160916Z.json,2024,14.08,eia_residential_electricity_price_2024_by_state.csv,state,0,,,0,no_listed_facilities,WRI Aqueduct 4.0 baseline_annual
13129,2024,GA,Gordon County,7260.0,12.1,63631.0,0,peeringdb_us_facilities_20261006T160916Z.json,2024,14.08,eia_residential_electricity_price_2024_by_state.csv,state,0,,,0,no_listed_facilities,WRI Aqueduct 4.0 baseline_annual
13131,2024,GA,Grady County,5089.0,19.5,54199.0,0,peeringdb_us_facilities_20261006T160916Z.json,2024,14.08,eia_residential_electricity_price_2024_by_state.csv,state,0,,,0,no_listed_facilities,WRI Aqueduct 4.0 baseline_annual
13133,2024,GA,Greene County,2848.0,13.6,84198.0,0,peeringdb_us_facilities_20261006T160916Z.json,2024,14.08,eia_residential_electricity_price_2024_by_state.csv,state,0,,,0,no_listed_facilities,WRI Aqueduct 4.0 baseline_annual
13135,2024,GA,Gwinnett County,103033.0,10.4,89709.0,3,peeringdb_us_facilities_20261006T160916Z.json,2024,14.08,eia_residential_electricity_price_2024_by_state.csv,state,3,2.6736231117733174,100.0,0,complete_coverage,WRI Aqueduct 4.0 baseline_annual
13137,2024,GA,Habersham County,6361.0,13.6,66701.0,0,peeringdb_us_facilities_20261006T160916Z.json,2024,14.08,eia_residential_electricity_price_2024_by_state.csv,state,0,,,0,no_listed_facilities,WRI Aqueduct 4.0 baseline_annual
13139,2024,GA,Hall County,22188.0,10.1,86461.0,0,peeringdb_us_facilities_20261006T160916Z.json,2024,14.08,eia_residential_electricity_price_2024_by_state.csv,state,0,,,0,no_listed_facilities,WRI Aqueduct 4.0 baseline_annual
13141,2024,GA,Hancock County,2250.0,30.7,43810.0,0,peeringdb_us_facilities_20261006T160916Z.json,2024,14.08,eia_residential_electricity_price_2024_by_state.csv,state,0,,,0,no_listed_facilities,WRI Aqueduct 4.0 baseline_annual
13143,2024,GA,Haralson County,4404.0,13.7,65544.0,0,peeringdb_us_facilities_20261006T160916Z.json,2024,14.08,eia_residential_electricity_price_2024_by_state.csv,state,0,,,0,no_listed_facilities,WRI Aqueduct 4.0 baseline_annual
13145,2024,GA,Harris County,3185.0,8.8,102397.0,0,peeringdb_us_facilities_20261006T160916Z.json,2024,14.08,eia_residential_electricity_price_2024_by_state.csv,state,0,,,0,no_listed_facilities,WRI Aqueduct 4.0 baseline_annual
13147,2024,GA,Hart County,3725.0,13.7,63976.0,0,peeringdb_us_facilities_20261006T160916Z.json,2024,14.08,eia_residential_electricity_price_2024_by_state.csv,state,0,,,0,no_listed_facilities,WRI Aqueduct 4.0 baseline_annual
13149,2024,GA,Heard County,1497.0,12.5,65329.0,0,peeringdb_us_facilities_20261006T160916Z.json,2024,14.08,eia_residential_electricity_price_2024_by_state.csv,state,0,,,0,no_listed_facilities,WRI Aqueduct 4.0 baseline_annual
13151,2024,GA,Henry County,21111.0,8.2,89273.0,0,peeringdb_us_facilities_20261006T160916Z.json,2024,14.08,eia_residential_electricity_price_2024_by_state.csv,state,0,,,0,no_listed_facilities,WRI Aqueduct 4.0 baseline_annual
13153,2024,GA,Houston County,20657.0,11.9,79245.0,0,peeringdb_us_facilities_20261006T160916Z.json,2024,14.08,eia_residential_electricity_price_2024_by_state.csv,state,0,,,0,no_listed_facilities,WRI Aqueduct 4.0 baseline_annual
13155,2024,GA,Irwin County,1691.0,19.0,54271.0,0,peeringdb_us_facilities_20261006T160916Z.json,2024,14.08,eia_residential_electricity_price_2024_by_state.csv,state,0,,,0,no_listed_facilities,WRI Aqueduct 4.0 baseline_annual
13157,2024,GA,Jackson County,7745.0,8.3,92131.0,0,peeringdb_us_facilities_20261006T160916Z.json,2024,14.08,eia_residential_electricity_price_2024_by_state.csv,state,0,,,0,no_listed_facilities,WRI Aqueduct 4.0 baseline_annual
13159,2024,GA,Jasper County,2248.0,13.2,75080.0,0,peeringdb_us_facilities_20261006T160916Z.json,2024,14.08,eia_residential_electricity_price_2024_by_state.csv,state,0,,,0,no_listed_facilities,WRI Aqueduct 4.0 baseline_annual
13161,2024,GA,Jeff Davis County,2814.0,18.7,50152.0,0,peeringdb_us_facilities_20261006T160916Z.json,2024,14.08,eia_residential_electricity_price_2024_by_state.csv,state,0,,,0,no_listed_facilities,WRI Aqueduct 4.0 baseline_annual
13163,2024,GA,Jefferson County,3118.0,21.5,44800.0,0,peeringdb_us_facilities_20261006T160916Z.json,2024,14.08,eia_residential_electricity_price_2024_by_state.csv,state,0,,,0,no_listed_facilities,WRI Aqueduct 4.0 baseline_annual
13165,2024,GA,Jenkins County,2180.0,28.8,46061.0,0,peeringdb_us_facilities_20261006T160916Z.json,2024,14.08,eia_residential_electricity_price_2024_by_state.csv,state,0,,,0,no_listed_facilities,WRI Aqueduct 4.0 baseline_annual
13167,2024,GA,Johnson County,2442.0,33.4,44330.0,0,peeringdb_us_facilities_20261006T160916Z.json,2024,14.08,eia_residential_electricity_price_2024_by_state.csv,state,0,,,0,no_listed_facilities,WRI Aqueduct 4.0 baseline_annual
13169,2024,GA,Jones County,3359.0,11.7,76533.0,0,peeringdb_us_facilities_20261006T160916Z.json,2024,14.08,eia_residential_electricity_price_2024_by_state.csv,state,0,,,0,no_listed_facilities,WRI Aqueduct 4.0 baseline_annual
13171,2024,GA,Lamar County,2515.0,12.6,68344.0,0,peeringdb_us_facilities_20261006T160916Z.json,2024,14.08,eia_residential_electricity_price_2024_by_state.csv,state,0,,,0,no_listed_facilities,WRI Aqueduct 4.0 baseline_annual
13173,2024,GA,Lanier County,1735.0,17.3,54320.0,0,peeringdb_us_facilities_20261006T160916Z.json,2024,14.08,eia_residential_electricity_price_2024_by_state.csv,state,0,,,0,no_listed_facilities,WRI Aqueduct 4.0 baseline_annual
13175,2024,GA,Laurens County,10003.0,20.3,58022.0,0,peeringdb_us_facilities_20261006T160916Z.json,2024,14.08,eia_residential_electricity_price_2024_by_state.csv,state,0,,,0,no_listed_facilities,WRI Aqueduct 4.0 baseline_annual
13177,2024,GA,Lee County,3205.0,9.7,89592.0,0,peeringdb_us_facilities_20261006T160916Z.json,2024,14.08,eia_residential_electricity_price_2024_by_state.csv,state,0,,,0,no_listed_facilities,WRI Aqueduct 4.0 baseline_annual
13179,2024,GA,Liberty County,10464.0,16.0,62123.0,0,peeringdb_us_facilities_20261006T160916Z.json,2024,14.08,eia_residential_electricity_price_2024_by_state.csv,state,0,,,0,no_listed_facilities,WRI Aqueduct 4.0 baseline_annual
13181,2024,GA,Lincoln County,1130.0,14.1,64514.0,0,peeringdb_us_facilities_20261006T160916Z.json,2024,14.08,eia_residential_electricity_price_2024_by_state.csv,state,0,,,0,no_listed_facilities,WRI Aqueduct 4.0 baseline_annual
13183,2024,GA,Long County,2778.0,13.8,68102.0,0,peeringdb_us_facilities_20261006T160916Z.json,2024,14.08,eia_residential_electricity_price_2024_by_state.csv,state,0,,,0,no_listed_facilities,WRI Aqueduct 4.0 baseline_annual
13185,2024,GA,Lowndes County,21068.0,18.1,60185.0,0,peeringdb_us_facilities_20261006T160916Z.json,2024,14.08,eia_residential_electricity_price_2024_by_state.csv,state,0,,,0,no_listed_facilities,WRI Aqueduct 4.0 baseline_annual
13187,2024,GA,Lumpkin County,4149.0,13.0,80922.0,0,peeringdb_us_facilities_20261006T160916Z.json,2024,14.08,eia_residential_electricity_price_2024_by_state.csv,state,0,,,0,no_listed_facilities,WRI Aqueduct 4.0 baseline_annual
13189,2024,GA,McDuffie County,4236.0,19.6,53781.0,0,peeringdb_us_facilities_20261006T160916Z.json,2024,14.08,eia_residential_electricity_price_2024_by_state.csv,state,0,,,0,no_listed_facilities,WRI Aqueduct 4.0 baseline_annual
13191,2024,GA,McIntosh County,1925.0,16.5,57307.0,0,peeringdb_us_facilities_20261006T160916Z.json,2024,14.08,eia_residential_electricity_price_2024_by_state.csv,state,0,,,0,no_listed_facilities,WRI Aqueduct 4.0 baseline_annual
13193,2024,GA,Macon County,2928.0,29.9,44111.0,0,peeringdb_us_facilities_20261006T160916Z.json,2024,14.08,eia_residential_electricity_price_2024_by_state.csv,state,0,,,0,no_listed_facilities,WRI Aqueduct 4.0 baseline_annual
13195,2024,GA,Madison County,3836.0,11.8,68602.0,0,peeringdb_us_facilities_20261006T160916Z.json,2024,14.08,eia_residential_electricity_price_2024_by_state.csv,state,0,,,0,no_listed_facilities,WRI Aqueduct 4.0 baseline_annual
13197,2024,GA,Marion County,1662.0,22.1,53304.0,0,peeringdb_us_facilities_20261006T160916Z.json,2024,14.08,eia_residential_electricity_price_2024_by_state.csv,state,0,,,0,no_listed_facilities,WRI Aqueduct 4.0 baseline_annual
13199,2024,GA,Meriwether County,3789.0,17.8,61548.0,0,peeringdb_us_facilities_20261006T160916Z.json,2024,14.08,eia_residential_electricity_price_2024_by_state.csv,state,0,,,0,no_listed_facilities,WRI Aqueduct 4.0 baseline_annual
13201,2024,GA,Miller County,1143.0,20.3,51502.0,0,peeringdb_us_facilities_20261006T160916Z.json,2024,14.08,eia_residential_electricity_price_2024_by_state.csv,state,0,,,0,no_listed_facilities,WRI Aqueduct 4.0 baseline_annual
13205,2024,GA,Mitchell County,4500.0,23.0,50527.0,0,peeringdb_us_facilities_20261006T160916Z.json,2024,14.08,eia_residential_electricity_price_2024_by_state.csv,state,0,,,0,no_listed_facilities,WRI Aqueduct 4.0 baseline_annual
13207,2024,GA,Monroe County,3147.0,10.5,81431.0,0,peeringdb_us_facilities_20261006T160916Z.json,2024,14.08,eia_residential_electricity_price_2024_by_state.csv,state,0,,,0,no_listed_facilities,WRI Aqueduct 4.0 baseline_annual
13209,2024,GA,Montgomery County,1638.0,20.7,54914.0,0,peeringdb_us_facilities_20261006T160916Z.json,2024,14.08,eia_residential_electricity_price_2024_by_state.csv,state,0,,,0,no_listed_facilities,WRI Aqueduct 4.0 baseline_annual
13211,2024,GA,Morgan County,2285.0,10.6,77822.0,0,peeringdb_us_facilities_20261006T160916Z.json,2024,14.08,eia_residential_electricity_price_2024_by_state.csv,state,0,,,0,no_listed_facilities,WRI Aqueduct 4.0 baseline_annual
13213,2024,GA,Murray County,6439.0,15.7,61257.0,0,peeringdb_us_facilities_20261006T160916Z.json,2024,14.08,eia_residential_electricity_price_2024_by_state.csv,state,0,,,0,no_listed_facilities,WRI Aqueduct 4.0 baseline_annual
13215,2024,GA,Muscogee County,33923.0,17.3,57609.0,1,peeringdb_us_facilities_20261006T160916Z.json,2024,14.08,eia_residential_electricity_price_2024_by_state.csv,state,1,2.4115917257827646,100.0,0,complete_coverage,WRI Aqueduct 4.0 baseline_annual
13217,2024,GA,Newton County,14527.0,11.9,80129.0,0,peeringdb_us_facilities_20261006T160916Z.json,2024,14.08,eia_residential_electricity_price_2024_by_state.csv,state,0,,,0,no_listed_facilities,WRI Aqueduct 4.0 baseline_annual
13219,2024,GA,Oconee County,2529.0,5.7,125848.0,0,peeringdb_us_facilities_20261006T160916Z.json,2024,14.08,eia_residential_electricity_price_2024_by_state.csv,state,0,,,0,no_listed_facilities,WRI Aqueduct 4.0 baseline_annual
13221,2024,GA,Oglethorpe County,1952.0,12.2,65817.0,0,peeringdb_us_facilities_20261006T160916Z.json,2024,14.08,eia_residential_electricity_price_2024_by_state.csv,state,0,,,0,no_listed_facilities,WRI Aqueduct 4.0 baseline_annual
13223,2024,GA,Paulding County,12420.0,6.6,95196.0,0,peeringdb_us_facilities_20261006T160916Z.json,2024,14.08,eia_residential_electricity_price_2024_by_state.csv,state,0,,,0,no_listed_facilities,WRI Aqueduct 4.0 baseline_annual
13225,2024,GA,Peach County,4898.0,17.7,63005.0,0,peeringdb_us_facilities_20261006T160916Z.json,2024,14.08,eia_residential_electricity_price_2024_by_state.csv,state,0,,,0,no_listed_facilities,WRI Aqueduct 4.0 baseline_annual
13227,2024,GA,Pickens County,3349.0,9.2,82147.0,0,peeringdb_us_facilities_20261006T160916Z.json,2024,14.08,eia_residential_electricity_price_2024_by_state.csv,state,0,,,0,no_listed_facilities,WRI Aqueduct 4.0 baseline_annual
13229,2024,GA,Pierce County,3519.0,17.2,56740.0,0,peeringdb_us_facilities_20261006T160916Z.json,2024,14.08,eia_residential_electricity_price_2024_by_state.csv,state,0,,,0,no_listed_facilities,WRI Aqueduct 4.0 baseline_annual
13231,2024,GA,Pike County,1710.0,8.4,91280.0,0,peeringdb_us_facilities_20261006T160916Z.json,2024,14.08,eia_residential_electricity_price_2024_by_state.csv,state,0,,,0,no_listed_facilities,WRI Aqueduct 4.0 baseline_annual
13233,2024,GA,Polk County,6770.0,15.3,61928.0,0,peeringdb_us_facilities_20261006T160916Z.json,2024,14.08,eia_residential_electricity_price_2024_by_state.csv,state,0,,,0,no_listed_facilities,WRI Aqueduct 4.0 baseline_annual
13235,2024,GA,Pulaski County,1876.0,21.2,52495.0,0,peeringdb_us_facilities_20261006T160916Z.json,2024,14.08,eia_residential_electricity_price_2024_by_state.csv,state,0,,,0,no_listed_facilities,WRI Aqueduct 4.0 baseline_annual
13237,2024,GA,Putnam County,3136.0,13.5,73274.0,0,peeringdb_us_facilities_20261006T160916Z.json,2024,14.08,eia_residential_electricity_price_2024_by_state.csv,state,0,,,0,no_listed_facilities,WRI Aqueduct 4.0 baseline_annual
13239,2024,GA,Quitman County,516.0,22.3,45017.0,0,peeringdb_us_facilities_20261006T160916Z.json,2024,14.08,eia_residential_electricity_price_2024_by_state.csv,state,0,,,0,no_listed_facilities,WRI Aqueduct 4.0 baseline_annual
13241,2024,GA,Rabun County,2053.0,11.7,72231.0,0,peeringdb_us_facilities_20261006T160916Z.json,2024,14.08,eia_residential_electricity_price_2024_by_state.csv,state,0,,,0,no_listed_facilities,WRI Aqueduct 4.0 baseline_annual
13243,2024,GA,Randolph County,1530.0,25.9,41224.0,0,peeringdb_us_facilities_20261006T160916Z.json,2024,14.08,eia_residential_electricity_price_2024_by_state.csv,state,0,,,0,no_listed_facilities,WRI Aqueduct 4.0 baseline_annual
13245,2024,GA,Richmond County,37030.0,19.0,57961.0,1,peeringdb_us_facilities_20261006T160916Z.json,2024,14.08,eia_residential_electricity_price_2024_by_state.csv,state,1,2.931926380780837,100.0,0,complete_coverage,WRI Aqueduct 4.0 baseline_annual
13247,2024,GA,Rockdale County,11393.0,11.8,76560.0,0,peeringdb_us_facilities_20261006T160916Z.json,2024,14.08,eia_residential_electricity_price_2024_by_state.csv,state,0,,,0,no_listed_facilities,WRI Aqueduct 4.0 baseline_annual
13249,2024,GA,Schley County,692.0,15.4,63487.0,0,peeringdb_us_facilities_20261006T160916Z.json,2024,14.08,eia_residential_electricity_price_2024_by_state.csv,state,0,,,0,no_listed_facilities,WRI Aqueduct 4.0 baseline_annual
13251,2024,GA,Screven County,2964.0,21.1,51077.0,0,peeringdb_us_facilities_20261006T160916Z.json,2024,14.08,eia_residential_electricity_price_2024_by_state.csv,state,0,,,0,no_listed_facilities,WRI Aqueduct 4.0 baseline_annual
13253,2024,GA,Seminole County,2059.0,22.5,43963.0,0,peeringdb_us_facilities_20261006T160916Z.json,2024,14.08,eia_residential_electricity_price_2024_by_state.csv,state,0,,,0,no_listed_facilities,WRI Aqueduct 4.0 baseline_annual
13255,2024,GA,Spalding County,11401.0,16.4,62732.0,0,peeringdb_us_facilities_20261006T160916Z.json,2024,14.08,eia_residential_electricity_price_2024_by_state.csv,state,0,,,0,no_listed_facilities,WRI Aqueduct 4.0 baseline_annual
13257,2024,GA,Stephens County,4705.0,17.7,58186.0,0,peeringdb_us_facilities_20261006T160916Z.json,2024,14.08,eia_residential_electricity_price_2024_by_state.csv,state,0,,,0,no_listed_facilities,WRI Aqueduct 4.0 baseline_annual
13259,2024,GA,Stewart County,1227.0,30.6,44023.0,0,peeringdb_us_facilities_20261006T160916Z.json,2024,14.08,eia_residential_electricity_price_2024_by_state.csv,state,0,,,0,no_listed_facilities,WRI Aqueduct 4.0 baseline_annual
13261,2024,GA,Sumter County,7500.0,27.6,49955.0,0,peeringdb_us_facilities_20261006T160916Z.json,2024,14.08,eia_residential_electricity_price_2024_by_state.csv,state,0,,,0,no_listed_facilities,WRI Aqueduct 4.0 baseline_annual
13263,2024,GA,Talbot County,1261.0,22.0,44778.0,0,peeringdb_us_facilities_20261006T160916Z.json,2024,14.08,eia_residential_electricity_price_2024_by_state.csv,state,0,,,0,no_listed_facilities,WRI Aqueduct 4.0 baseline_annual
13265,2024,GA,Taliaferro County,373.0,23.4,44934.0,0,peeringdb_us_facilities_20261006T160916Z.json,2024,14.08,eia_residential_electricity_price_2024_by_state.csv,state,0,,,0,no_listed_facilities,WRI Aqueduct 4.0 baseline_annual
13267,2024,GA,Tattnall County,4879.0,24.1,53531.0,0,peeringdb_us_facilities_20261006T160916Z.json,2024,14.08,eia_residential_electricity_price_2024_by_state.csv,state,0,,,0,no_listed_facilities,WRI Aqueduct 4.0 baseline_annual
13269,2024,GA,Taylor County,1912.0,25.1,48086.0,0,peeringdb_us_facilities_20261006T160916Z.json,2024,14.08,eia_residential_electricity_price_2024_by_state.csv,state,0,,,0,no_listed_facilities,WRI Aqueduct 4.0 baseline_annual
13271,2024,GA,Telfair County,2399.0,25.7,45257.0,0,peeringdb_us_facilities_20261006T160916Z.json,2024,14.08,eia_residential_electricity_price_2024_by_state.csv,state,0,,,0,no_listed_facilities,WRI Aqueduct 4.0 baseline_annual
13273,2024,GA,Terrell County,2284.0,27.3,46663.0,0,peeringdb_us_facilities_20261006T160916Z.json,2024,14.08,eia_residential_electricity_price_2024_by_state.csv,state,0,,,0,no_listed_facilities,WRI Aqueduct 4.0 baseline_annual
13275,2024,GA,Thomas County,7858.0,17.3,58510.0,0,peeringdb_us_facilities_20261006T160916Z.json,2024,14.08,eia_residential_electricity_price_2024_by_state.csv,state,0,,,0,no_listed_facilities,WRI Aqueduct 4.0 baseline_annual
13277,2024,GA,Tift County,7855.0,19.3,57048.0,0,peeringdb_us_facilities_20261006T160916Z.json,2024,14.08,eia_residential_electricity_price_2024_by_state.csv,state,0,,,0,no_listed_facilities,WRI Aqueduct 4.0 baseline_annual
13279,2024,GA,Toombs County,6172.0,22.8,52482.0,0,peeringdb_us_facilities_20261006T160916Z.json,2024,14.08,eia_residential_electricity_price_2024_by_state.csv,state,0,,,0,no_listed_facilities,WRI Aqueduct 4.0 baseline_annual
13281,2024,GA,Towns County,1393.0,11.1,66947.0,0,peeringdb_us_facilities_20261006T160916Z.json,2024,14.08,eia_residential_electricity_price_2024_by_state.csv,state,0,,,0,no_listed_facilities,WRI Aqueduct 4.0 baseline_annual
13283,2024,GA,Treutlen County,1382.0,22.9,49171.0,0,peeringdb_us_facilities_20261006T160916Z.json,2024,14.08,eia_residential_electricity_price_2024_by_state.csv,state,0,,,0,no_listed_facilities,WRI Aqueduct 4.0 baseline_annual
13285,2024,GA,Troup County,10451.0,14.9,61476.0,0,peeringdb_us_facilities_20261006T160916Z.json,2024,14.08,eia_residential_electricity_price_2024_by_state.csv,state,0,,,0,no_listed_facilities,WRI Aqueduct 4.0 baseline_annual
13287,2024,GA,Turner County,2217.0,25.2,44793.0,0,peeringdb_us_facilities_20261006T160916Z.json,2024,14.08,eia_residential_electricity_price_2024_by_state.csv,state,0,,,0,no_listed_facilities,WRI Aqueduct 4.0 baseline_annual
13289,2024,GA,Twiggs County,1533.0,20.1,51965.0,0,peeringdb_us_facilities_20261006T160916Z.json,2024,14.08,eia_residential_electricity_price_2024_by_state.csv,state,0,,,0,no_listed_facilities,WRI Aqueduct 4.0 baseline_annual
13291,2024,GA,Union County,3062.0,11.4,67723.0,0,peeringdb_us_facilities_20261006T160916Z.json,2024,14.08,eia_residential_electricity_price_2024_by_state.csv,state,0,,,0,no_listed_facilities,WRI Aqueduct 4.0 baseline_annual
13293,2024,GA,Upson County,4534.0,16.3,56452.0,0,peeringdb_us_facilities_20261006T160916Z.json,2024,14.08,eia_residential_electricity_price_2024_by_state.csv,state,0,,,0,no_listed_facilities,WRI Aqueduct 4.0 baseline_annual
13295,2024,GA,Walker County,8725.0,12.8,62042.0,0,peeringdb_us_facilities_20261006T160916Z.json,2024,14.08,eia_residential_electricity_price_2024_by_state.csv,state,0,,,0,no_listed_facilities,WRI Aqueduct 4.0 baseline_annual
13297,2024,GA,Walton County,10671.0,9.8,88303.0,0,peeringdb_us_facilities_20261006T160916Z.json,2024,14.08,eia_residential_electricity_price_2024_by_state.csv,state,0,,,0,no_listed_facilities,WRI Aqueduct 4.0 baseline_annual
13299,2024,GA,Ware County,8004.0,23.6,47717.0,0,peeringdb_us_facilities_20261006T160916Z.json,2024,14.08,eia_residential_electricity_price_2024_by_state.csv,state,0,,,0,no_listed_facilities,WRI Aqueduct 4.0 baseline_annual
13301,2024,GA,Warren County,1250.0,24.6,46385.0,0,peeringdb_us_facilities_20261006T160916Z.json,2024,14.08,eia_residential_electricity_price_2024_by_state.csv,state,0,,,0,no_listed_facilities,WRI Aqueduct 4.0 baseline_annual
13303,2024,GA,Washington County,4500.0,25.1,46965.0,0,peeringdb_us_facilities_20261006T160916Z.json,2024,14.08,eia_residential_electricity_price_2024_by_state.csv,state,0,,,0,no_listed_facilities,WRI Aqueduct 4.0 baseline_annual
13305,2024,GA,Wayne County,5588.0,18.6,60717.0,0,peeringdb_us_facilities_20261006T160916Z.json,2024,14.08,eia_residential_electricity_price_2024_by_state.csv,state,0,,,0,no_listed_facilities,WRI Aqueduct 4.0 baseline_annual
13307,2024,GA,Webster County,455.0,19.7,51171.0,0,peeringdb_us_facilities_20261006T160916Z.json,2024,14.08,eia_residential_electricity_price_2024_by_state.csv,state,0,,,0,no_listed_facilities,WRI Aqueduct 4.0 baseline_annual
13309,2024,GA,Wheeler County,1735.0,35.0,42918.0,0,peeringdb_us_facilities_20261006T160916Z.json,2024,14.08,eia_residential_electricity_price_2024_by_state.csv,state,0,,,0,no_listed_facilities,WRI Aqueduct 4.0 baseline_annual
13311,2024,GA,White County,3121.0,10.8,72270.0,0,peeringdb_us_facilities_20261006T160916Z.json,2024,14.08,eia_residential_electricity_price_2024_by_state.csv,state,0,,,0,no_listed_facilities,WRI Aqueduct 4.0 baseline_annual
13313,2024,GA,Whitfield County,14910.0,14.4,67190.0,0,peeringdb_us_facilities_20261006T160916Z.json,2024,14.08,eia_residential_electricity_price_2024_by_state.csv,state,0,,,0,no_listed_facilities,WRI Aqueduct 4.0 baseline_annual
13315,2024,GA,Wilcox County,1937.0,28.4,46539.0,0,peeringdb_us_facilities_20261006T160916Z.json,2024,14.08,eia_residential_electricity_price_2024_by_state.csv,state,0,,,0,no_listed_facilities,WRI Aqueduct 4.0 baseline_annual
13317,2024,GA,Wilkes County,1911.0,20.3,50659.0,0,peeringdb_us_facilities_20261006T160916Z.json,2024,14.08,eia_residential_electricity_price_2024_by_state.csv,state,0,,,0,no_listed_facilities,WRI Aqueduct 4.0 baseline_annual
13319,2024,GA,Wilkinson County,1754.0,20.6,52374.0,0,peeringdb_us_facilities_20261006T160916Z.json,2024,14.08,eia_residential_electricity_price_2024_by_state.csv,state,0,,,0,no_listed_facilities,WRI Aqueduct 4.0 baseline_annual
13321,2024,GA,Worth County,5291.0,26.4,51414.0,0,peeringdb_us_facilities_20261006T160916Z.json,2024,14.08,eia_residential_electricity_price_2024_by_state.csv,state,0,,,0,no_listed_facilities,WRI Aqueduct 4.0 baseline_annual
15001,2024,HI,Hawaii County,32607.0,15.7,74602.0,0,peeringdb_us_facilities_20261006T160916Z.json,2024,42.86,eia_residential_electricity_price_2024_by_state.csv,state,0,,,0,no_listed_facilities,WRI Aqueduct 4.0 baseline_annual
15003,2024,HI,Honolulu County,85360.0,8.8,104305.0,7,peeringdb_us_facilities_20261006T160916Z.json,2024,42.86,eia_residential_electricity_price_2024_by_state.csv,state,0,,0.0,7,no_usable_water_stress,WRI Aqueduct 4.0 baseline_annual
15005,2024,HI,Kalawao County,,,,0,peeringdb_us_facilities_20261006T160916Z.json,2024,42.86,eia_residential_electricity_price_2024_by_state.csv,state,0,,,0,no_listed_facilities,WRI Aqueduct 4.0 baseline_annual
15007,2024,HI,Kauai County,6912.0,9.5,89815.0,0,peeringdb_us_facilities_20261006T160916Z.json,2024,42.86,eia_residential_electricity_price_2024_by_state.csv,state,0,,,0,no_listed_facilities,WRI Aqueduct 4.0 baseline_annual
15009,2024,HI,Maui County,16013.0,9.9,98820.0,0,peeringdb_us_facilities_20261006T160916Z.json,2024,42.86,eia_residential_electricity_price_2024_by_state.csv,state,0,,,0,no_listed_facilities,WRI Aqueduct 4.0 baseline_annual
16001,2024,ID,Ada County,46443.0,8.9,91898.0,5,peeringdb_us_facilities_20261006T160916Z.json,2024,11.52,eia_residential_electricity_price_2024_by_state.csv,state,5,5.0,100.0,0,complete_coverage,WRI Aqueduct 4.0 baseline_annual
16003,2024,ID,Adams County,615.0,12.4,64610.0,0,peeringdb_us_facilities_20261006T160916Z.json,2024,11.52,eia_residential_electricity_price_2024_by_state.csv,state,0,,,0,no_listed_facilities,WRI Aqueduct 4.0 baseline_annual
16005,2024,ID,Bannock County,10907.0,12.3,69744.0,0,peeringdb_us_facilities_20261006T160916Z.json,2024,11.52,eia_residential_electricity_price_2024_by_state.csv,state,0,,,0,no_listed_facilities,WRI Aqueduct 4.0 baseline_annual
16007,2024,ID,Bear Lake County,662.0,9.9,75337.0,0,peeringdb_us_facilities_20261006T160916Z.json,2024,11.52,eia_residential_electricity_price_2024_by_state.csv,state,0,,,0,no_listed_facilities,WRI Aqueduct 4.0 baseline_annual
16009,2024,ID,Benewah County,1347.0,12.9,61128.0,0,peeringdb_us_facilities_20261006T160916Z.json,2024,11.52,eia_residential_electricity_price_2024_by_state.csv,state,0,,,0,no_listed_facilities,WRI Aqueduct 4.0 baseline_annual
16011,2024,ID,Bingham County,5741.0,11.4,74827.0,0,peeringdb_us_facilities_20261006T160916Z.json,2024,11.52,eia_residential_electricity_price_2024_by_state.csv,state,0,,,0,no_listed_facilities,WRI Aqueduct 4.0 baseline_annual
16013,2024,ID,Blaine County,1691.0,6.7,117269.0,0,peeringdb_us_facilities_20261006T160916Z.json,2024,11.52,eia_residential_electricity_price_2024_by_state.csv,state,0,,,0,no_listed_facilities,WRI Aqueduct 4.0 baseline_annual
16015,2024,ID,Boise County,857.0,10.0,80449.0,0,peeringdb_us_facilities_20261006T160916Z.json,2024,11.52,eia_residential_electricity_price_2024_by_state.csv,state,0,,,0,no_listed_facilities,WRI Aqueduct 4.0 baseline_annual
16017,2024,ID,Bonner County,5873.0,11.0,71891.0,0,peeringdb_us_facilities_20261006T160916Z.json,2024,11.52,eia_residential_electricity_price_2024_by_state.csv,state,0,,,0,no_listed_facilities,WRI Aqueduct 4.0 baseline_annual
16019,2024,ID,Bonneville County,10788.0,8.2,83922.0,0,peeringdb_us_facilities_20261006T160916Z.json,2024,11.52,eia_residential_electricity_price_2024_by_state.csv,state,0,,,0,no_listed_facilities,WRI Aqueduct 4.0 baseline_annual
16021,2024,ID,Boundary County,1711.0,12.3,69780.0,0,peeringdb_us_facilities_20261006T160916Z.json,2024,11.52,eia_residential_electricity_price_2024_by_state.csv,state,0,,,0,no_listed_facilities,WRI Aqueduct 4.0 baseline_annual
16023,2024,ID,Butte County,413.0,15.1,65057.0,0,peeringdb_us_facilities_20261006T160916Z.json,2024,11.52,eia_residential_electricity_price_2024_by_state.csv,state,0,,,0,no_listed_facilities,WRI Aqueduct 4.0 baseline_annual
16025,2024,ID,Camas County,112.0,9.0,76548.0,0,peeringdb_us_facilities_20261006T160916Z.json,2024,11.52,eia_residential_electricity_price_2024_by_state.csv,state,0,,,0,no_listed_facilities,WRI Aqueduct 4.0 baseline_annual
16027,2024,ID,Canyon County,26055.0,9.9,84164.0,0,peeringdb_us_facilities_20261006T160916Z.json,2024,11.52,eia_residential_electricity_price_2024_by_state.csv,state,0,,,0,no_listed_facilities,WRI Aqueduct 4.0 baseline_annual
16029,2024,ID,Caribou County,727.0,10.2,77635.0,0,peeringdb_us_facilities_20261006T160916Z.json,2024,11.52,eia_residential_electricity_price_2024_by_state.csv,state,0,,,0,no_listed_facilities,WRI Aqueduct 4.0 baseline_annual
16031,2024,ID,Cassia County,3297.0,12.9,70494.0,0,peeringdb_us_facilities_20261006T160916Z.json,2024,11.52,eia_residential_electricity_price_2024_by_state.csv,state,0,,,0,no_listed_facilities,WRI Aqueduct 4.0 baseline_annual
16033,2024,ID,Clark County,119.0,15.1,58726.0,0,peeringdb_us_facilities_20261006T160916Z.json,2024,11.52,eia_residential_electricity_price_2024_by_state.csv,state,0,,,0,no_listed_facilities,WRI Aqueduct 4.0 baseline_annual
16035,2024,ID,Clearwater County,1274.0,15.2,62225.0,0,peeringdb_us_facilities_20261006T160916Z.json,2024,11.52,eia_residential_electricity_price_2024_by_state.csv,state,0,,,0,no_listed_facilities,WRI Aqueduct 4.0 baseline_annual
16037,2024,ID,Custer County,668.0,14.7,62400.0,0,peeringdb_us_facilities_20261006T160916Z.json,2024,11.52,eia_residential_electricity_price_2024_by_state.csv,state,0,,,0,no_listed_facilities,WRI Aqueduct 4.0 baseline_annual
16039,2024,ID,Elmore County,3230.0,11.3,68067.0,0,peeringdb_us_facilities_20261006T160916Z.json,2024,11.52,eia_residential_electricity_price_2024_by_state.csv,state,0,,,0,no_listed_facilities,WRI Aqueduct 4.0 baseline_annual
16041,2024,ID,Franklin County,1229.0,7.9,79314.0,0,peeringdb_us_facilities_20261006T160916Z.json,2024,11.52,eia_residential_electricity_price_2024_by_state.csv,state,0,,,0,no_listed_facilities,WRI Aqueduct 4.0 baseline_annual
16043,2024,ID,Fremont County,1565.0,11.3,73147.0,0,peeringdb_us_facilities_20261006T160916Z.json,2024,11.52,eia_residential_electricity_price_2024_by_state.csv,state,0,,,0,no_listed_facilities,WRI Aqueduct 4.0 baseline_annual
16045,2024,ID,Gem County,2654.0,12.3,66887.0,0,peeringdb_us_facilities_20261006T160916Z.json,2024,11.52,eia_residential_electricity_price_2024_by_state.csv,state,0,,,0,no_listed_facilities,WRI Aqueduct 4.0 baseline_annual
16047,2024,ID,Gooding County,2176.0,13.5,63073.0,0,peeringdb_us_facilities_20261006T160916Z.json,2024,11.52,eia_residential_electricity_price_2024_by_state.csv,state,0,,,0,no_listed_facilities,WRI Aqueduct 4.0 baseline_annual
16049,2024,ID,Idaho County,2432.0,14.0,66189.0,0,peeringdb_us_facilities_20261006T160916Z.json,2024,11.52,eia_residential_electricity_price_2024_by_state.csv,state,0,,,0,no_listed_facilities,WRI Aqueduct 4.0 baseline_annual
16051,2024,ID,Jefferson County,2935.0,8.5,88124.0,0,peeringdb_us_facilities_20261006T160916Z.json,2024,11.52,eia_residential_electricity_price_2024_by_state.csv,state,0,,,0,no_listed_facilities,WRI Aqueduct 4.0 baseline_annual
16053,2024,ID,Jerome County,2862.0,11.1,71238.0,0,peeringdb_us_facilities_20261006T160916Z.json,2024,11.52,eia_residential_electricity_price_2024_by_state.csv,state,0,,,0,no_listed_facilities,WRI Aqueduct 4.0 baseline_annual
16055,2024,ID,Kootenai County,16738.0,9.0,83330.0,2,peeringdb_us_facilities_20261006T160916Z.json,2024,11.52,eia_residential_electricity_price_2024_by_state.csv,state,2,2.1162503024981394,100.0,0,complete_coverage,WRI Aqueduct 4.0 baseline_annual
16057,2024,ID,Latah County,6833.0,17.3,64961.0,0,peeringdb_us_facilities_20261006T160916Z.json,2024,11.52,eia_residential_electricity_price_2024_by_state.csv,state,0,,,0,no_listed_facilities,WRI Aqueduct 4.0 baseline_annual
16059,2024,ID,Lemhi County,1182.0,14.2,59959.0,0,peeringdb_us_facilities_20261006T160916Z.json,2024,11.52,eia_residential_electricity_price_2024_by_state.csv,state,0,,,0,no_listed_facilities,WRI Aqueduct 4.0 baseline_annual
16061,2024,ID,Lewis County,465.0,12.5,60384.0,0,peeringdb_us_facilities_20261006T160916Z.json,2024,11.52,eia_residential_electricity_price_2024_by_state.csv,state,0,,,0,no_listed_facilities,WRI Aqueduct 4.0 baseline_annual
16063,2024,ID,Lincoln County,627.0,11.4,69819.0,0,peeringdb_us_facilities_20261006T160916Z.json,2024,11.52,eia_residential_electricity_price_2024_by_state.csv,state,0,,,0,no_listed_facilities,WRI Aqueduct 4.0 baseline_annual
16065,2024,ID,Madison County,9887.0,24.3,55940.0,0,peeringdb_us_facilities_20261006T160916Z.json,2024,11.52,eia_residential_electricity_price_2024_by_state.csv,state,0,,,0,no_listed_facilities,WRI Aqueduct 4.0 baseline_annual
16067,2024,ID,Minidoka County,2267.0,10.0,72149.0,0,peeringdb_us_facilities_20261006T160916Z.json,2024,11.52,eia_residential_electricity_price_2024_by_state.csv,state,0,,,0,no_listed_facilities,WRI Aqueduct 4.0 baseline_annual
16069,2024,ID,Nez Perce County,4431.0,10.6,73255.0,0,peeringdb_us_facilities_20261006T160916Z.json,2024,11.52,eia_residential_electricity_price_2024_by_state.csv,state,0,,,0,no_listed_facilities,WRI Aqueduct 4.0 baseline_annual
16071,2024,ID,Oneida County,515.0,10.4,72937.0,0,peeringdb_us_facilities_20261006T160916Z.json,2024,11.52,eia_residential_electricity_price_2024_by_state.csv,state,0,,,0,no_listed_facilities,WRI Aqueduct 4.0 baseline_annual
16073,2024,ID,Owyhee County,1654.0,13.2,61854.0,0,peeringdb_us_facilities_20261006T160916Z.json,2024,11.52,eia_residential_electricity_price_2024_by_state.csv,state,0,,,0,no_listed_facilities,WRI Aqueduct 4.0 baseline_annual
16075,2024,ID,Payette County,3478.0,12.7,70338.0,0,peeringdb_us_facilities_20261006T160916Z.json,2024,11.52,eia_residential_electricity_price_2024_by_state.csv,state,0,,,0,no_listed_facilities,WRI Aqueduct 4.0 baseline_annual
16077,2024,ID,Power County,1079.0,13.0,65002.0,0,peeringdb_us_facilities_20261006T160916Z.json,2024,11.52,eia_residential_electricity_price_2024_by_state.csv,state,0,,,0,no_listed_facilities,WRI Aqueduct 4.0 baseline_annual
16079,2024,ID,Shoshone County,2141.0,15.4,56309.0,0,peeringdb_us_facilities_20261006T160916Z.json,2024,11.52,eia_residential_electricity_price_2024_by_state.csv,state,0,,,0,no_listed_facilities,WRI Aqueduct 4.0 baseline_annual
16081,2024,ID,Teton County,964.0,7.5,110146.0,0,peeringdb_us_facilities_20261006T160916Z.json,2024,11.52,eia_residential_electricity_price_2024_by_state.csv,state,0,,,0,no_listed_facilities,WRI Aqueduct 4.0 baseline_annual
16083,2024,ID,Twin Falls County,10374.0,10.9,73098.0,0,peeringdb_us_facilities_20261006T160916Z.json,2024,11.52,eia_residential_electricity_price_2024_by_state.csv,state,0,,,0,no_listed_facilities,WRI Aqueduct 4.0 baseline_annual
16085,2024,ID,Valley County,1110.0,8.8,82595.0,0,peeringdb_us_facilities_20261006T160916Z.json,2024,11.52,eia_residential_electricity_price_2024_by_state.csv,state,0,,,0,no_listed_facilities,WRI Aqueduct 4.0 baseline_annual
16087,2024,ID,Washington County,1431.0,12.6,57539.0,0,peeringdb_us_facilities_20261006T160916Z.json,2024,11.52,eia_residential_electricity_price_2024_by_state.csv,state,0,,,0,no_listed_facilities,WRI Aqueduct 4.0 baseline_annual
17001,2024,IL,Adams County,8293.0,13.3,68432.0,0,peeringdb_us_facilities_20261006T160916Z.json,2024,15.87,eia_residential_electricity_price_2024_by_state.csv,state,0,,,0,no_listed_facilities,WRI Aqueduct 4.0 baseline_annual
17003,2024,IL,Alexander County,1122.0,24.8,48493.0,0,peeringdb_us_facilities_20261006T160916Z.json,2024,15.87,eia_residential_electricity_price_2024_by_state.csv,state,0,,,0,no_listed_facilities,WRI Aqueduct 4.0 baseline_annual
17005,2024,IL,Bond County,1764.0,12.6,66398.0,0,peeringdb_us_facilities_20261006T160916Z.json,2024,15.87,eia_residential_electricity_price_2024_by_state.csv,state,0,,,0,no_listed_facilities,WRI Aqueduct 4.0 baseline_annual
17007,2024,IL,Boone County,4467.0,8.4,86711.0,0,peeringdb_us_facilities_20261006T160916Z.json,2024,15.87,eia_residential_electricity_price_2024_by_state.csv,state,0,,,0,no_listed_facilities,WRI Aqueduct 4.0 baseline_annual
17009,2024,IL,Brown County,630.0,13.8,70812.0,0,peeringdb_us_facilities_20261006T160916Z.json,2024,15.87,eia_residential_electricity_price_2024_by_state.csv,state,0,,,0,no_listed_facilities,WRI Aqueduct 4.0 baseline_annual
17011,2024,IL,Bureau County,2932.0,9.2,75022.0,0,peeringdb_us_facilities_20261006T160916Z.json,2024,15.87,eia_residential_electricity_price_2024_by_state.csv,state,0,,,0,no_listed_facilities,WRI Aqueduct 4.0 baseline_annual
17013,2024,IL,Calhoun County,415.0,10.0,72934.0,0,peeringdb_us_facilities_20261006T160916Z.json,2024,15.87,eia_residential_electricity_price_2024_by_state.csv,state,0,,,0,no_listed_facilities,WRI Aqueduct 4.0 baseline_annual
17015,2024,IL,Carroll County,2070.0,14.6,69537.0,0,peeringdb_us_facilities_20261006T160916Z.json,2024,15.87,eia_residential_electricity_price_2024_by_state.csv,state,0,,,0,no_listed_facilities,WRI Aqueduct 4.0 baseline_annual
17017,2024,IL,Cass County,1515.0,12.1,65933.0,0,peeringdb_us_facilities_20261006T160916Z.json,2024,15.87,eia_residential_electricity_price_2024_by_state.csv,state,0,,,0,no_listed_facilities,WRI Aqueduct 4.0 baseline_annual
17019,2024,IL,Champaign County,37028.0,18.8,64240.0,0,peeringdb_us_facilities_20261006T160916Z.json,2024,15.87,eia_residential_electricity_price_2024_by_state.csv,state,0,,,0,no_listed_facilities,WRI Aqueduct 4.0 baseline_annual
17021,2024,IL,Christian County,3696.0,12.2,68915.0,0,peeringdb_us_facilities_20261006T160916Z.json,2024,15.87,eia_residential_electricity_price_2024_by_state.csv,state,0,,,0,no_listed_facilities,WRI Aqueduct 4.0 baseline_annual
17023,2024,IL,Clark County,1622.0,11.0,72272.0,0,peeringdb_us_facilities_20261006T160916Z.json,2024,15.87,eia_residential_electricity_price_2024_by_state.csv,state,0,,,0,no_listed_facilities,WRI Aqueduct 4.0 baseline_annual
17025,2024,IL,Clay County,1761.0,14.0,62117.0,0,peeringdb_us_facilities_20261006T160916Z.json,2024,15.87,eia_residential_electricity_price_2024_by_state.csv,state,0,,,0,no_listed_facilities,WRI Aqueduct 4.0 baseline_annual
17027,2024,IL,Clinton County,2816.0,8.0,87958.0,0,peeringdb_us_facilities_20261006T160916Z.json,2024,15.87,eia_residential_electricity_price_2024_by_state.csv,state,0,,,0,no_listed_facilities,WRI Aqueduct 4.0 baseline_annual
17029,2024,IL,Coles County,6341.0,14.5,61313.0,0,peeringdb_us_facilities_20261006T160916Z.json,2024,15.87,eia_residential_electricity_price_2024_by_state.csv,state,0,,,0,no_listed_facilities,WRI Aqueduct 4.0 baseline_annual
17031,2024,IL,Cook County,697586.0,13.7,82729.0,50,peeringdb_us_facilities_20261006T160916Z.json,2024,15.87,eia_residential_electricity_price_2024_by_state.csv,state,50,3.4669841332579385,100.0,0,complete_coverage,WRI Aqueduct 4.0 baseline_annual
17033,2024,IL,Crawford County,2472.0,14.5,66960.0,0,peeringdb_us_facilities_20261006T160916Z.json,2024,15.87,eia_residential_electricity_price_2024_by_state.csv,state,0,,,0,no_listed_facilities,WRI Aqueduct 4.0 baseline_annual
17035,2024,IL,Cumberland County,994.0,9.8,81491.0,0,peeringdb_us_facilities_20261006T160916Z.json,2024,15.87,eia_residential_electricity_price_2024_by_state.csv,state,0,,,0,no_listed_facilities,WRI Aqueduct 4.0 baseline_annual
17037,2024,IL,DeKalb County,11205.0,11.6,78556.0,0,peeringdb_us_facilities_20261006T160916Z.json,2024,15.87,eia_residential_electricity_price_2024_by_state.csv,state,0,,,0,no_listed_facilities,WRI Aqueduct 4.0 baseline_annual
17039,2024,IL,De Witt County,1497.0,9.9,76218.0,0,peeringdb_us_facilities_20261006T160916Z.json,2024,15.87,eia_residential_electricity_price_2024_by_state.csv,state,0,,,0,no_listed_facilities,WRI Aqueduct 4.0 baseline_annual
17041,2024,IL,Douglas County,1532.0,7.8,79854.0,0,peeringdb_us_facilities_20261006T160916Z.json,2024,15.87,eia_residential_electricity_price_2024_by_state.csv,state,0,,,0,no_listed_facilities,WRI Aqueduct 4.0 baseline_annual
17043,2024,IL,DuPage County,58043.0,6.3,110974.0,17,peeringdb_us_facilities_20261006T160916Z.json,2024,15.87,eia_residential_electricity_price_2024_by_state.csv,state,17,3.621502373038816,100.0,0,complete_coverage,WRI Aqueduct 4.0 baseline_annual
17045,2024,IL,Edgar County,2072.0,13.0,66725.0,0,peeringdb_us_facilities_20261006T160916Z.json,2024,15.87,eia_residential_electricity_price_2024_by_state.csv,state,0,,,0,no_listed_facilities,WRI Aqueduct 4.0 baseline_annual
17047,2024,IL,Edwards County,659.0,11.1,66465.0,0,peeringdb_us_facilities_20261006T160916Z.json,2024,15.87,eia_residential_electricity_price_2024_by_state.csv,state,0,,,0,no_listed_facilities,WRI Aqueduct 4.0 baseline_annual
17049,2024,IL,Effingham County,2769.0,8.1,81668.0,0,peeringdb_us_facilities_20261006T160916Z.json,2024,15.87,eia_residential_electricity_price_2024_by_state.csv,state,0,,,0,no_listed_facilities,WRI Aqueduct 4.0 baseline_annual
17051,2024,IL,Fayette County,2861.0,15.3,63445.0,0,peeringdb_us_facilities_20261006T160916Z.json,2024,15.87,eia_residential_electricity_price_2024_by_state.csv,state,0,,,0,no_listed_facilities,WRI Aqueduct 4.0 baseline_annual
17053,2024,IL,Ford County,1215.0,9.3,69761.0,0,peeringdb_us_facilities_20261006T160916Z.json,2024,15.87,eia_residential_electricity_price_2024_by_state.csv,state,0,,,0,no_listed_facilities,WRI Aqueduct 4.0 baseline_annual
17055,2024,IL,Franklin County,6004.0,16.4,59310.0,0,peeringdb_us_facilities_20261006T160916Z.json,2024,15.87,eia_residential_electricity_price_2024_by_state.csv,state,0,,,0,no_listed_facilities,WRI Aqueduct 4.0 baseline_annual
17057,2024,IL,Fulton County,4250.0,14.0,63587.0,0,peeringdb_us_facilities_20261006T160916Z.json,2024,15.87,eia_residential_electricity_price_2024_by_state.csv,state,0,,,0,no_listed_facilities,WRI Aqueduct 4.0 baseline_annual
17059,2024,IL,Gallatin County,803.0,17.5,57342.0,0,peeringdb_us_facilities_20261006T160916Z.json,2024,15.87,eia_residential_electricity_price_2024_by_state.csv,state,0,,,0,no_listed_facilities,WRI Aqueduct 4.0 baseline_annual
17061,2024,IL,Greene County,1575.0,14.0,62654.0,0,peeringdb_us_facilities_20261006T160916Z.json,2024,15.87,eia_residential_electricity_price_2024_by_state.csv,state,0,,,0,no_listed_facilities,WRI Aqueduct 4.0 baseline_annual
17063,2024,IL,Grundy County,3083.0,5.8,96937.0,0,peeringdb_us_facilities_20261006T160916Z.json,2024,15.87,eia_residential_electricity_price_2024_by_state.csv,state,0,,,0,no_listed_facilities,WRI Aqueduct 4.0 baseline_annual
17065,2024,IL,Hamilton County,813.0,10.5,66346.0,0,peeringdb_us_facilities_20261006T160916Z.json,2024,15.87,eia_residential_electricity_price_2024_by_state.csv,state,0,,,0,no_listed_facilities,WRI Aqueduct 4.0 baseline_annual
17067,2024,IL,Hancock County,1826.0,10.9,67313.0,0,peeringdb_us_facilities_20261006T160916Z.json,2024,15.87,eia_residential_electricity_price_2024_by_state.csv,state,0,,,0,no_listed_facilities,WRI Aqueduct 4.0 baseline_annual
17069,2024,IL,Hardin County,629.0,17.9,54671.0,0,peeringdb_us_facilities_20261006T160916Z.json,2024,15.87,eia_residential_electricity_price_2024_by_state.csv,state,0,,,0,no_listed_facilities,WRI Aqueduct 4.0 baseline_annual
17071,2024,IL,Henderson County,802.0,13.4,66009.0,0,peeringdb_us_facilities_20261006T160916Z.json,2024,15.87,eia_residential_electricity_price_2024_by_state.csv,state,0,,,0,no_listed_facilities,WRI Aqueduct 4.0 baseline_annual
17073,2024,IL,Henry County,4425.0,9.4,72293.0,0,peeringdb_us_facilities_20261006T160916Z.json,2024,15.87,eia_residential_electricity_price_2024_by_state.csv,state,0,,,0,no_listed_facilities,WRI Aqueduct 4.0 baseline_annual
17075,2024,IL,Iroquois County,2671.0,10.4,70408.0,0,peeringdb_us_facilities_20261006T160916Z.json,2024,15.87,eia_residential_electricity_price_2024_by_state.csv,state,0,,,0,no_listed_facilities,WRI Aqueduct 4.0 baseline_annual
17077,2024,IL,Jackson County,10209.0,20.5,52063.0,0,peeringdb_us_facilities_20261006T160916Z.json,2024,15.87,eia_residential_electricity_price_2024_by_state.csv,state,0,,,0,no_listed_facilities,WRI Aqueduct 4.0 baseline_annual
17079,2024,IL,Jasper County,1013.0,11.3,72816.0,0,peeringdb_us_facilities_20261006T160916Z.json,2024,15.87,eia_residential_electricity_price_2024_by_state.csv,state,0,,,0,no_listed_facilities,WRI Aqueduct 4.0 baseline_annual
17081,2024,IL,Jefferson County,4437.0,12.9,61746.0,0,peeringdb_us_facilities_20261006T160916Z.json,2024,15.87,eia_residential_electricity_price_2024_by_state.csv,state,0,,,0,no_listed_facilities,WRI Aqueduct 4.0 baseline_annual
17083,2024,IL,Jersey County,1938.0,9.5,77236.0,0,peeringdb_us_facilities_20261006T160916Z.json,2024,15.87,eia_residential_electricity_price_2024_by_state.csv,state,0,,,0,no_listed_facilities,WRI Aqueduct 4.0 baseline_annual
17085,2024,IL,Jo Daviess County,2089.0,9.8,70046.0,0,peeringdb_us_facilities_20261006T160916Z.json,2024,15.87,eia_residential_electricity_price_2024_by_state.csv,state,0,,,0,no_listed_facilities,WRI Aqueduct 4.0 baseline_annual
17087,2024,IL,Johnson County,1580.0,14.6,66013.0,0,peeringdb_us_facilities_20261006T160916Z.json,2024,15.87,eia_residential_electricity_price_2024_by_state.csv,state,0,,,0,no_listed_facilities,WRI Aqueduct 4.0 baseline_annual
17089,2024,IL,Kane County,37717.0,7.3,103587.0,0,peeringdb_us_facilities_20261006T160916Z.json,2024,15.87,eia_residential_electricity_price_2024_by_state.csv,state,0,,,0,no_listed_facilities,WRI Aqueduct 4.0 baseline_annual
17091,2024,IL,Kankakee County,13468.0,13.1,75936.0,0,peeringdb_us_facilities_20261006T160916Z.json,2024,15.87,eia_residential_electricity_price_2024_by_state.csv,state,0,,,0,no_listed_facilities,WRI Aqueduct 4.0 baseline_annual
17093,2024,IL,Kendall County,6012.0,4.2,120075.0,0,peeringdb_us_facilities_20261006T160916Z.json,2024,15.87,eia_residential_electricity_price_2024_by_state.csv,state,0,,,0,no_listed_facilities,WRI Aqueduct 4.0 baseline_annual
17095,2024,IL,Knox County,7097.0,15.7,58896.0,0,peeringdb_us_facilities_20261006T160916Z.json,2024,15.87,eia_residential_electricity_price_2024_by_state.csv,state,0,,,0,no_listed_facilities,WRI Aqueduct 4.0 baseline_annual
17097,2024,IL,Lake County,54814.0,7.8,108137.0,1,peeringdb_us_facilities_20261006T160916Z.json,2024,15.87,eia_residential_electricity_price_2024_by_state.csv,state,1,3.4329938042424906,100.0,0,complete_coverage,WRI Aqueduct 4.0 baseline_annual
17099,2024,IL,La Salle County,13459.0,12.8,72846.0,0,peeringdb_us_facilities_20261006T160916Z.json,2024,15.87,eia_residential_electricity_price_2024_by_state.csv,state,0,,,0,no_listed_facilities,WRI Aqueduct 4.0 baseline_annual
17101,2024,IL,Lawrence County,1849.0,14.7,56743.0,0,peeringdb_us_facilities_20261006T160916Z.json,2024,15.87,eia_residential_electricity_price_2024_by_state.csv,state,0,,,0,no_listed_facilities,WRI Aqueduct 4.0 baseline_annual
17103,2024,IL,Lee County,3541.0,11.5,70166.0,0,peeringdb_us_facilities_20261006T160916Z.json,2024,15.87,eia_residential_electricity_price_2024_by_state.csv,state,0,,,0,no_listed_facilities,WRI Aqueduct 4.0 baseline_annual
17105,2024,IL,Livingston County,4081.0,12.2,76043.0,0,peeringdb_us_facilities_20261006T160916Z.json,2024,15.87,eia_residential_electricity_price_2024_by_state.csv,state,0,,,0,no_listed_facilities,WRI Aqueduct 4.0 baseline_annual
17107,2024,IL,Logan County,2739.0,11.3,68362.0,0,peeringdb_us_facilities_20261006T160916Z.json,2024,15.87,eia_residential_electricity_price_2024_by_state.csv,state,0,,,0,no_listed_facilities,WRI Aqueduct 4.0 baseline_annual
17109,2024,IL,McDonough County,4490.0,18.6,62276.0,0,peeringdb_us_facilities_20261006T160916Z.json,2024,15.87,eia_residential_electricity_price_2024_by_state.csv,state,0,,,0,no_listed_facilities,WRI Aqueduct 4.0 baseline_annual
17111,2024,IL,McHenry County,19673.0,6.3,102725.0,0,peeringdb_us_facilities_20261006T160916Z.json,2024,15.87,eia_residential_electricity_price_2024_by_state.csv,state,0,,,0,no_listed_facilities,WRI Aqueduct 4.0 baseline_annual
17113,2024,IL,McLean County,18930.0,11.6,81913.0,0,peeringdb_us_facilities_20261006T160916Z.json,2024,15.87,eia_residential_electricity_price_2024_by_state.csv,state,0,,,0,no_listed_facilities,WRI Aqueduct 4.0 baseline_annual
17115,2024,IL,Macon County,16365.0,16.7,62679.0,0,peeringdb_us_facilities_20261006T160916Z.json,2024,15.87,eia_residential_electricity_price_2024_by_state.csv,state,0,,,0,no_listed_facilities,WRI Aqueduct 4.0 baseline_annual
17117,2024,IL,Macoupin County,4548.0,10.6,69440.0,0,peeringdb_us_facilities_20261006T160916Z.json,2024,15.87,eia_residential_electricity_price_2024_by_state.csv,state,0,,,0,no_listed_facilities,WRI Aqueduct 4.0 baseline_annual
17119,2024,IL,Madison County,24651.0,9.6,78648.0,0,peeringdb_us_facilities_20261006T160916Z.json,2024,15.87,eia_residential_electricity_price_2024_by_state.csv,state,0,,,0,no_listed_facilities,WRI Aqueduct 4.0 baseline_annual
17121,2024,IL,Marion County,5122.0,14.4,61813.0,0,peeringdb_us_facilities_20261006T160916Z.json,2024,15.87,eia_residential_electricity_price_2024_by_state.csv,state,0,,,0,no_listed_facilities,WRI Aqueduct 4.0 baseline_annual
17123,2024,IL,Marshall County,1038.0,9.2,75927.0,0,peeringdb_us_facilities_20261006T160916Z.json,2024,15.87,eia_residential_electricity_price_2024_by_state.csv,state,0,,,0,no_listed_facilities,WRI Aqueduct 4.0 baseline_annual
17125,2024,IL,Mason County,1670.0,13.5,64300.0,0,peeringdb_us_facilities_20261006T160916Z.json,2024,15.87,eia_residential_electricity_price_2024_by_state.csv,state,0,,,0,no_listed_facilities,WRI Aqueduct 4.0 baseline_annual
17127,2024,IL,Massac County,2042.0,15.2,67637.0,1,peeringdb_us_facilities_20261006T160916Z.json,2024,15.87,eia_residential_electricity_price_2024_by_state.csv,state,1,0.0,100.0,0,complete_coverage,WRI Aqueduct 4.0 baseline_annual
17129,2024,IL,Menard County,998.0,8.4,93131.0,0,peeringdb_us_facilities_20261006T160916Z.json,2024,15.87,eia_residential_electricity_price_2024_by_state.csv,state,0,,,0,no_listed_facilities,WRI Aqueduct 4.0 baseline_annual
17131,2024,IL,Mercer County,1368.0,9.1,81428.0,0,peeringdb_us_facilities_20261006T160916Z.json,2024,15.87,eia_residential_electricity_price_2024_by_state.csv,state,0,,,0,no_listed_facilities,WRI Aqueduct 4.0 baseline_annual
17133,2024,IL,Monroe County,1636.0,4.7,108674.0,0,peeringdb_us_facilities_20261006T160916Z.json,2024,15.87,eia_residential_electricity_price_2024_by_state.csv,state,0,,,0,no_listed_facilities,WRI Aqueduct 4.0 baseline_annual
17135,2024,IL,Montgomery County,3672.0,14.6,62882.0,0,peeringdb_us_facilities_20261006T160916Z.json,2024,15.87,eia_residential_electricity_price_2024_by_state.csv,state,0,,,0,no_listed_facilities,WRI Aqueduct 4.0 baseline_annual
17137,2024,IL,Morgan County,4193.0,14.1,67794.0,0,peeringdb_us_facilities_20261006T160916Z.json,2024,15.87,eia_residential_electricity_price_2024_by_state.csv,state,0,,,0,no_listed_facilities,WRI Aqueduct 4.0 baseline_annual
17139,2024,IL,Moultrie County,1310.0,9.3,76303.0,0,peeringdb_us_facilities_20261006T160916Z.json,2024,15.87,eia_residential_electricity_price_2024_by_state.csv,state,0,,,0,no_listed_facilities,WRI Aqueduct 4.0 baseline_annual
17141,2024,IL,Ogle County,4843.0,9.6,80221.0,1,peeringdb_us_facilities_20261006T160916Z.json,2024,15.87,eia_residential_electricity_price_2024_by_state.csv,state,1,3.680821112347451,100.0,0,complete_coverage,WRI Aqueduct 4.0 baseline_annual
17143,2024,IL,Peoria County,26646.0,15.3,68190.0,1,peeringdb_us_facilities_20261006T160916Z.json,2024,15.87,eia_residential_electricity_price_2024_by_state.csv,state,1,1.630384932145253,100.0,0,complete_coverage,WRI Aqueduct 4.0 baseline_annual
17145,2024,IL,Perry County,2723.0,15.2,67372.0,0,peeringdb_us_facilities_20261006T160916Z.json,2024,15.87,eia_residential_electricity_price_2024_by_state.csv,state,0,,,0,no_listed_facilities,WRI Aqueduct 4.0 baseline_annual
17147,2024,IL,Piatt County,1133.0,6.9,93892.0,0,peeringdb_us_facilities_20261006T160916Z.json,2024,15.87,eia_residential_electricity_price_2024_by_state.csv,state,0,,,0,no_listed_facilities,WRI Aqueduct 4.0 baseline_annual
17149,2024,IL,Pike County,1870.0,13.5,65396.0,0,peeringdb_us_facilities_20261006T160916Z.json,2024,15.87,eia_residential_electricity_price_2024_by_state.csv,state,0,,,0,no_listed_facilities,WRI Aqueduct 4.0 baseline_annual
17151,2024,IL,Pope County,599.0,16.5,52892.0,0,peeringdb_us_facilities_20261006T160916Z.json,2024,15.87,eia_residential_electricity_price_2024_by_state.csv,state,0,,,0,no_listed_facilities,WRI Aqueduct 4.0 baseline_annual
17153,2024,IL,Pulaski County,1024.0,21.7,49770.0,0,peeringdb_us_facilities_20261006T160916Z.json,2024,15.87,eia_residential_electricity_price_2024_by_state.csv,state,0,,,0,no_listed_facilities,WRI Aqueduct 4.0 baseline_annual
17155,2024,IL,Putnam County,434.0,7.7,81998.0,0,peeringdb_us_facilities_20261006T160916Z.json,2024,15.87,eia_residential_electricity_price_2024_by_state.csv,state,0,,,0,no_listed_facilities,WRI Aqueduct 4.0 baseline_annual
17157,2024,IL,Randolph County,4015.0,14.7,66513.0,0,peeringdb_us_facilities_20261006T160916Z.json,2024,15.87,eia_residential_electricity_price_2024_by_state.csv,state,0,,,0,no_listed_facilities,WRI Aqueduct 4.0 baseline_annual
17159,2024,IL,Richland County,1960.0,13.0,68273.0,0,peeringdb_us_facilities_20261006T160916Z.json,2024,15.87,eia_residential_electricity_price_2024_by_state.csv,state,0,,,0,no_listed_facilities,WRI Aqueduct 4.0 baseline_annual
17161,2024,IL,Rock Island County,17427.0,12.6,67335.0,0,peeringdb_us_facilities_20261006T160916Z.json,2024,15.87,eia_residential_electricity_price_2024_by_state.csv,state,0,,,0,no_listed_facilities,WRI Aqueduct 4.0 baseline_annual
17163,2024,IL,St. Clair County,31351.0,12.7,78110.0,0,peeringdb_us_facilities_20261006T160916Z.json,2024,15.87,eia_residential_electricity_price_2024_by_state.csv,state,0,,,0,no_listed_facilities,WRI Aqueduct 4.0 baseline_annual
17165,2024,IL,Saline County,4000.0,18.0,55561.0,0,peeringdb_us_facilities_20261006T160916Z.json,2024,15.87,eia_residential_electricity_price_2024_by_state.csv,state,0,,,0,no_listed_facilities,WRI Aqueduct 4.0 baseline_annual
17167,2024,IL,Sangamon County,18612.0,9.7,78931.0,0,peeringdb_us_facilities_20261006T160916Z.json,2024,15.87,eia_residential_electricity_price_2024_by_state.csv,state,0,,,0,no_listed_facilities,WRI Aqueduct 4.0 baseline_annual
17169,2024,IL,Schuyler County,869.0,13.1,64481.0,0,peeringdb_us_facilities_20261006T160916Z.json,2024,15.87,eia_residential_electricity_price_2024_by_state.csv,state,0,,,0,no_listed_facilities,WRI Aqueduct 4.0 baseline_annual
17171,2024,IL,Scott County,564.0,12.0,70164.0,0,peeringdb_us_facilities_20261006T160916Z.json,2024,15.87,eia_residential_electricity_price_2024_by_state.csv,state,0,,,0,no_listed_facilities,WRI Aqueduct 4.0 baseline_annual
17173,2024,IL,Shelby County,1789.0,8.8,75612.0,0,peeringdb_us_facilities_20261006T160916Z.json,2024,15.87,eia_residential_electricity_price_2024_by_state.csv,state,0,,,0,no_listed_facilities,WRI Aqueduct 4.0 baseline_annual
17175,2024,IL,Stark County,543.0,10.5,69557.0,0,peeringdb_us_facilities_20261006T160916Z.json,2024,15.87,eia_residential_electricity_price_2024_by_state.csv,state,0,,,0,no_listed_facilities,WRI Aqueduct 4.0 baseline_annual
17177,2024,IL,Stephenson County,5957.0,14.1,64425.0,0,peeringdb_us_facilities_20261006T160916Z.json,2024,15.87,eia_residential_electricity_price_2024_by_state.csv,state,0,,,0,no_listed_facilities,WRI Aqueduct 4.0 baseline_annual
17179,2024,IL,Tazewell County,10518.0,8.3,78573.0,0,peeringdb_us_facilities_20261006T160916Z.json,2024,15.87,eia_residential_electricity_price_2024_by_state.csv,state,0,,,0,no_listed_facilities,WRI Aqueduct 4.0 baseline_annual
17181,2024,IL,Union County,2811.0,17.2,58887.0,0,peeringdb_us_facilities_20261006T160916Z.json,2024,15.87,eia_residential_electricity_price_2024_by_state.csv,state,0,,,0,no_listed_facilities,WRI Aqueduct 4.0 baseline_annual
17183,2024,IL,Vermilion County,11821.0,17.3,62150.0,0,peeringdb_us_facilities_20261006T160916Z.json,2024,15.87,eia_residential_electricity_price_2024_by_state.csv,state,0,,,0,no_listed_facilities,WRI Aqueduct 4.0 baseline_annual
17185,2024,IL,Wabash County,1505.0,14.1,64798.0,0,peeringdb_us_facilities_20261006T160916Z.json,2024,15.87,eia_residential_electricity_price_2024_by_state.csv,state,0,,,0,no_listed_facilities,WRI Aqueduct 4.0 baseline_annual
17187,2024,IL,Warren County,2148.0,14.0,65671.0,0,peeringdb_us_facilities_20261006T160916Z.json,2024,15.87,eia_residential_electricity_price_2024_by_state.csv,state,0,,,0,no_listed_facilities,WRI Aqueduct 4.0 baseline_annual
17189,2024,IL,Washington County,977.0,7.3,81555.0,0,peeringdb_us_facilities_20261006T160916Z.json,2024,15.87,eia_residential_electricity_price_2024_by_state.csv,state,0,,,0,no_listed_facilities,WRI Aqueduct 4.0 baseline_annual
17191,2024,IL,Wayne County,2250.0,14.3,61720.0,0,peeringdb_us_facilities_20261006T160916Z.json,2024,15.87,eia_residential_electricity_price_2024_by_state.csv,state,0,,,0,no_listed_facilities,WRI Aqueduct 4.0 baseline_annual
17193,2024,IL,White County,1823.0,14.2,60953.0,0,peeringdb_us_facilities_20261006T160916Z.json,2024,15.87,eia_residential_electricity_price_2024_by_state.csv,state,0,,,0,no_listed_facilities,WRI Aqueduct 4.0 baseline_annual
17195,2024,IL,Whiteside County,5343.0,10.0,67711.0,0,peeringdb_us_facilities_20261006T160916Z.json,2024,15.87,eia_residential_electricity_price_2024_by_state.csv,state,0,,,0,no_listed_facilities,WRI Aqueduct 4.0 baseline_annual
17197,2024,IL,Will County,53946.0,7.7,109888.0,0,peeringdb_us_facilities_20261006T160916Z.json,2024,15.87,eia_residential_electricity_price_2024_by_state.csv,state,0,,,0,no_listed_facilities,WRI Aqueduct 4.0 baseline_annual
17199,2024,IL,Williamson County,7984.0,12.3,67879.0,0,peeringdb_us_facilities_20261006T160916Z.json,2024,15.87,eia_residential_electricity_price_2024_by_state.csv,state,0,,,0,no_listed_facilities,WRI Aqueduct 4.0 baseline_annual
17201,2024,IL,Winnebago County,41345.0,14.8,67363.0,0,peeringdb_us_facilities_20261006T160916Z.json,2024,15.87,eia_residential_electricity_price_2024_by_state.csv,state,0,,,0,no_listed_facilities,WRI Aqueduct 4.0 baseline_annual
17203,2024,IL,Woodford County,2035.0,5.5,100761.0,0,peeringdb_us_facilities_20261006T160916Z.json,2024,15.87,eia_residential_electricity_price_2024_by_state.csv,state,0,,,0,no_listed_facilities,WRI Aqueduct 4.0 baseline_annual
18001,2024,IN,Adams County,3986.0,11.1,70816.0,0,peeringdb_us_facilities_20261006T160916Z.json,2024,14.77,eia_residential_electricity_price_2024_by_state.csv,state,0,,,0,no_listed_facilities,WRI Aqueduct 4.0 baseline_annual
18003,2024,IN,Allen County,48134.0,12.3,70889.0,2,peeringdb_us_facilities_20261006T160916Z.json,2024,14.77,eia_residential_electricity_price_2024_by_state.csv,state,2,0.0,100.0,0,complete_coverage,WRI Aqueduct 4.0 baseline_annual
18005,2024,IN,Bartholomew County,7019.0,8.4,81019.0,1,peeringdb_us_facilities_20261006T160916Z.json,2024,14.77,eia_residential_electricity_price_2024_by_state.csv,state,1,2.8246750762686608,100.0,0,complete_coverage,WRI Aqueduct 4.0 baseline_annual
18007,2024,IN,Benton County,860.0,9.8,71407.0,0,peeringdb_us_facilities_20261006T160916Z.json,2024,14.77,eia_residential_electricity_price_2024_by_state.csv,state,0,,,0,no_listed_facilities,WRI Aqueduct 4.0 baseline_annual
18009,2024,IN,Blackford County,1415.0,12.2,61080.0,0,peeringdb_us_facilities_20261006T160916Z.json,2024,14.77,eia_residential_electricity_price_2024_by_state.csv,state,0,,,0,no_listed_facilities,WRI Aqueduct 4.0 baseline_annual
18011,2024,IN,Boone County,4332.0,5.6,108013.0,0,peeringdb_us_facilities_20261006T160916Z.json,2024,14.77,eia_residential_electricity_price_2024_by_state.csv,state,0,,,0,no_listed_facilities,WRI Aqueduct 4.0 baseline_annual
18013,2024,IN,Brown County,1440.0,9.3,78954.0,0,peeringdb_us_facilities_20261006T160916Z.json,2024,14.77,eia_residential_electricity_price_2024_by_state.csv,state,0,,,0,no_listed_facilities,WRI Aqueduct 4.0 baseline_annual
18015,2024,IN,Carroll County,1846.0,9.0,73200.0,0,peeringdb_us_facilities_20261006T160916Z.json,2024,14.77,eia_residential_electricity_price_2024_by_state.csv,state,0,,,0,no_listed_facilities,WRI Aqueduct 4.0 baseline_annual
18017,2024,IN,Cass County,5070.0,13.7,62153.0,0,peeringdb_us_facilities_20261006T160916Z.json,2024,14.77,eia_residential_electricity_price_2024_by_state.csv,state,0,,,0,no_listed_facilities,WRI Aqueduct 4.0 baseline_annual
18019,2024,IN,Clark County,13161.0,10.5,74005.0,0,peeringdb_us_facilities_20261006T160916Z.json,2024,14.77,eia_residential_electricity_price_2024_by_state.csv,state,0,,,0,no_listed_facilities,WRI Aqueduct 4.0 baseline_annual
18021,2024,IN,Clay County,3133.0,12.0,69967.0,0,peeringdb_us_facilities_20261006T160916Z.json,2024,14.77,eia_residential_electricity_price_2024_by_state.csv,state,0,,,0,no_listed_facilities,WRI Aqueduct 4.0 baseline_annual
18023,2024,IN,Clinton County,4060.0,12.6,68732.0,0,peeringdb_us_facilities_20261006T160916Z.json,2024,14.77,eia_residential_electricity_price_2024_by_state.csv,state,0,,,0,no_listed_facilities,WRI Aqueduct 4.0 baseline_annual
18025,2024,IN,Crawford County,1713.0,16.4,60088.0,0,peeringdb_us_facilities_20261006T160916Z.json,2024,14.77,eia_residential_electricity_price_2024_by_state.csv,state,0,,,0,no_listed_facilities,WRI Aqueduct 4.0 baseline_annual
18027,2024,IN,Daviess County,4161.0,12.4,68390.0,0,peeringdb_us_facilities_20261006T160916Z.json,2024,14.77,eia_residential_electricity_price_2024_by_state.csv,state,0,,,0,no_listed_facilities,WRI Aqueduct 4.0 baseline_annual
18029,2024,IN,Dearborn County,4347.0,8.6,89808.0,0,peeringdb_us_facilities_20261006T160916Z.json,2024,14.77,eia_residential_electricity_price_2024_by_state.csv,state,0,,,0,no_listed_facilities,WRI Aqueduct 4.0 baseline_annual
18031,2024,IN,Decatur County,2698.0,10.4,71515.0,0,peeringdb_us_facilities_20261006T160916Z.json,2024,14.77,eia_residential_electricity_price_2024_by_state.csv,state,0,,,0,no_listed_facilities,WRI Aqueduct 4.0 baseline_annual
18033,2024,IN,De Kalb County,3877.0,8.9,81096.0,0,peeringdb_us_facilities_20261006T160916Z.json,2024,14.77,eia_residential_electricity_price_2024_by_state.csv,state,0,,,0,no_listed_facilities,WRI Aqueduct 4.0 baseline_annual
18035,2024,IN,Delaware County,21509.0,20.5,55462.0,0,peeringdb_us_facilities_20261006T160916Z.json,2024,14.77,eia_residential_electricity_price_2024_by_state.csv,state,0,,,0,no_listed_facilities,WRI Aqueduct 4.0 baseline_annual
18037,2024,IN,Dubois County,3292.0,7.7,80326.0,0,peeringdb_us_facilities_20261006T160916Z.json,2024,14.77,eia_residential_electricity_price_2024_by_state.csv,state,0,,,0,no_listed_facilities,WRI Aqueduct 4.0 baseline_annual
18039,2024,IN,Elkhart County,22119.0,10.8,71053.0,0,peeringdb_us_facilities_20261006T160916Z.json,2024,14.77,eia_residential_electricity_price_2024_by_state.csv,state,0,,,0,no_listed_facilities,WRI Aqueduct 4.0 baseline_annual
18041,2024,IN,Fayette County,3725.0,16.2,60267.0,0,peeringdb_us_facilities_20261006T160916Z.json,2024,14.77,eia_residential_electricity_price_2024_by_state.csv,state,0,,,0,no_listed_facilities,WRI Aqueduct 4.0 baseline_annual
18043,2024,IN,Floyd County,8197.0,10.2,76310.0,0,peeringdb_us_facilities_20261006T160916Z.json,2024,14.77,eia_residential_electricity_price_2024_by_state.csv,state,0,,,0,no_listed_facilities,WRI Aqueduct 4.0 baseline_annual
18045,2024,IN,Fountain County,1898.0,11.4,68344.0,0,peeringdb_us_facilities_20261006T160916Z.json,2024,14.77,eia_residential_electricity_price_2024_by_state.csv,state,0,,,0,no_listed_facilities,WRI Aqueduct 4.0 baseline_annual
18047,2024,IN,Franklin County,1989.0,8.6,79204.0,0,peeringdb_us_facilities_20261006T160916Z.json,2024,14.77,eia_residential_electricity_price_2024_by_state.csv,state,0,,,0,no_listed_facilities,WRI Aqueduct 4.0 baseline_annual
18049,2024,IN,Fulton County,2336.0,11.8,64566.0,0,peeringdb_us_facilities_20261006T160916Z.json,2024,14.77,eia_residential_electricity_price_2024_by_state.csv,state,0,,,0,no_listed_facilities,WRI Aqueduct 4.0 baseline_annual
18051,2024,IN,Gibson County,3327.0,10.3,72427.0,0,peeringdb_us_facilities_20261006T160916Z.json,2024,14.77,eia_residential_electricity_price_2024_by_state.csv,state,0,,,0,no_listed_facilities,WRI Aqueduct 4.0 baseline_annual
18053,2024,IN,Grant County,11026.0,17.9,52314.0,0,peeringdb_us_facilities_20261006T160916Z.json,2024,14.77,eia_residential_electricity_price_2024_by_state.csv,state,0,,,0,no_listed_facilities,WRI Aqueduct 4.0 baseline_annual
18055,2024,IN,Greene County,4263.0,13.8,67268.0,0,peeringdb_us_facilities_20261006T160916Z.json,2024,14.77,eia_residential_electricity_price_2024_by_state.csv,state,0,,,0,no_listed_facilities,WRI Aqueduct 4.0 baseline_annual
18057,2024,IN,Hamilton County,17518.0,4.7,127452.0,2,peeringdb_us_facilities_20261006T160916Z.json,2024,14.77,eia_residential_electricity_price_2024_by_state.csv,state,2,2.8246750762686608,100.0,0,complete_coverage,WRI Aqueduct 4.0 baseline_annual
18059,2024,IN,Hancock County,5126.0,5.8,96513.0,0,peeringdb_us_facilities_20261006T160916Z.json,2024,14.77,eia_residential_electricity_price_2024_by_state.csv,state,0,,,0,no_listed_facilities,WRI Aqueduct 4.0 baseline_annual
18061,2024,IN,Harrison County,3495.0,8.9,79264.0,0,peeringdb_us_facilities_20261006T160916Z.json,2024,14.77,eia_residential_electricity_price_2024_by_state.csv,state,0,,,0,no_listed_facilities,WRI Aqueduct 4.0 baseline_annual
18063,2024,IN,Hendricks County,10522.0,5.6,93476.0,0,peeringdb_us_facilities_20261006T160916Z.json,2024,14.77,eia_residential_electricity_price_2024_by_state.csv,state,0,,,0,no_listed_facilities,WRI Aqueduct 4.0 baseline_annual
18065,2024,IN,Henry County,6595.0,14.5,67538.0,0,peeringdb_us_facilities_20261006T160916Z.json,2024,14.77,eia_residential_electricity_price_2024_by_state.csv,state,0,,,0,no_listed_facilities,WRI Aqueduct 4.0 baseline_annual
18067,2024,IN,Howard County,11228.0,13.6,67297.0,0,peeringdb_us_facilities_20261006T160916Z.json,2024,14.77,eia_residential_electricity_price_2024_by_state.csv,state,0,,,0,no_listed_facilities,WRI Aqueduct 4.0 baseline_annual
18069,2024,IN,Huntington County,3120.0,8.8,72146.0,0,peeringdb_us_facilities_20261006T160916Z.json,2024,14.77,eia_residential_electricity_price_2024_by_state.csv,state,0,,,0,no_listed_facilities,WRI Aqueduct 4.0 baseline_annual
18071,2024,IN,Jackson County,5266.0,11.3,72024.0,0,peeringdb_us_facilities_20261006T160916Z.json,2024,14.77,eia_residential_electricity_price_2024_by_state.csv,state,0,,,0,no_listed_facilities,WRI Aqueduct 4.0 baseline_annual
18073,2024,IN,Jasper County,3328.0,10.1,76990.0,0,peeringdb_us_facilities_20261006T160916Z.json,2024,14.77,eia_residential_electricity_price_2024_by_state.csv,state,0,,,0,no_listed_facilities,WRI Aqueduct 4.0 baseline_annual
18075,2024,IN,Jay County,2910.0,14.7,58963.0,0,peeringdb_us_facilities_20261006T160916Z.json,2024,14.77,eia_residential_electricity_price_2024_by_state.csv,state,0,,,0,no_listed_facilities,WRI Aqueduct 4.0 baseline_annual
18077,2024,IN,Jefferson County,4351.0,14.2,70467.0,0,peeringdb_us_facilities_20261006T160916Z.json,2024,14.77,eia_residential_electricity_price_2024_by_state.csv,state,0,,,0,no_listed_facilities,WRI Aqueduct 4.0 baseline_annual
18079,2024,IN,Jennings County,3559.0,13.1,65766.0,0,peeringdb_us_facilities_20261006T160916Z.json,2024,14.77,eia_residential_electricity_price_2024_by_state.csv,state,0,,,0,no_listed_facilities,WRI Aqueduct 4.0 baseline_annual
18081,2024,IN,Johnson County,12136.0,7.3,95247.0,0,peeringdb_us_facilities_20261006T160916Z.json,2024,14.77,eia_residential_electricity_price_2024_by_state.csv,state,0,,,0,no_listed_facilities,WRI Aqueduct 4.0 baseline_annual
18083,2024,IN,Knox County,4082.0,11.9,61618.0,0,peeringdb_us_facilities_20261006T160916Z.json,2024,14.77,eia_residential_electricity_price_2024_by_state.csv,state,0,,,0,no_listed_facilities,WRI Aqueduct 4.0 baseline_annual
18085,2024,IN,Kosciusko County,7682.0,9.7,77464.0,0,peeringdb_us_facilities_20261006T160916Z.json,2024,14.77,eia_residential_electricity_price_2024_by_state.csv,state,0,,,0,no_listed_facilities,WRI Aqueduct 4.0 baseline_annual
18087,2024,IN,Lagrange County,3429.0,8.4,79761.0,0,peeringdb_us_facilities_20261006T160916Z.json,2024,14.77,eia_residential_electricity_price_2024_by_state.csv,state,0,,,0,no_listed_facilities,WRI Aqueduct 4.0 baseline_annual
18089,2024,IN,Lake County,66427.0,13.3,73228.0,0,peeringdb_us_facilities_20261006T160916Z.json,2024,14.77,eia_residential_electricity_price_2024_by_state.csv,state,0,,,0,no_listed_facilities,WRI Aqueduct 4.0 baseline_annual
18091,2024,IN,La Porte County,14209.0,13.6,68116.0,0,peeringdb_us_facilities_20261006T160916Z.json,2024,14.77,eia_residential_electricity_price_2024_by_state.csv,state,0,,,0,no_listed_facilities,WRI Aqueduct 4.0 baseline_annual
18093,2024,IN,Lawrence County,5503.0,12.4,65270.0,0,peeringdb_us_facilities_20261006T160916Z.json,2024,14.77,eia_residential_electricity_price_2024_by_state.csv,state,0,,,0,no_listed_facilities,WRI Aqueduct 4.0 baseline_annual
18095,2024,IN,Madison County,18706.0,14.6,60842.0,0,peeringdb_us_facilities_20261006T160916Z.json,2024,14.77,eia_residential_electricity_price_2024_by_state.csv,state,0,,,0,no_listed_facilities,WRI Aqueduct 4.0 baseline_annual
18097,2024,IN,Marion County,152269.0,15.8,67368.0,7,peeringdb_us_facilities_20261006T160916Z.json,2024,14.77,eia_residential_electricity_price_2024_by_state.csv,state,7,2.8246750762686608,100.0,0,complete_coverage,WRI Aqueduct 4.0 baseline_annual
18099,2024,IN,Marshall County,5519.0,12.1,68762.0,0,peeringdb_us_facilities_20261006T160916Z.json,2024,14.77,eia_residential_electricity_price_2024_by_state.csv,state,0,,,0,no_listed_facilities,WRI Aqueduct 4.0 baseline_annual
18101,2024,IN,Martin County,1178.0,12.2,69890.0,0,peeringdb_us_facilities_20261006T160916Z.json,2024,14.77,eia_residential_electricity_price_2024_by_state.csv,state,0,,,0,no_listed_facilities,WRI Aqueduct 4.0 baseline_annual
18103,2024,IN,Miami County,4076.0,12.7,63980.0,0,peeringdb_us_facilities_20261006T160916Z.json,2024,14.77,eia_residential_electricity_price_2024_by_state.csv,state,0,,,0,no_listed_facilities,WRI Aqueduct 4.0 baseline_annual
18105,2024,IN,Monroe County,21437.0,16.8,67457.0,1,peeringdb_us_facilities_20261006T160916Z.json,2024,14.77,eia_residential_electricity_price_2024_by_state.csv,state,1,2.8246750762686608,100.0,0,complete_coverage,WRI Aqueduct 4.0 baseline_annual
18107,2024,IN,Montgomery County,3875.0,10.3,72249.0,0,peeringdb_us_facilities_20261006T160916Z.json,2024,14.77,eia_residential_electricity_price_2024_by_state.csv,state,0,,,0,no_listed_facilities,WRI Aqueduct 4.0 baseline_annual
18109,2024,IN,Morgan County,6826.0,9.4,79686.0,0,peeringdb_us_facilities_20261006T160916Z.json,2024,14.77,eia_residential_electricity_price_2024_by_state.csv,state,0,,,0,no_listed_facilities,WRI Aqueduct 4.0 baseline_annual
18111,2024,IN,Newton County,1383.0,9.9,78688.0,0,peeringdb_us_facilities_20261006T160916Z.json,2024,14.77,eia_residential_electricity_price_2024_by_state.csv,state,0,,,0,no_listed_facilities,WRI Aqueduct 4.0 baseline_annual
18113,2024,IN,Noble County,4616.0,9.8,72859.0,0,peeringdb_us_facilities_20261006T160916Z.json,2024,14.77,eia_residential_electricity_price_2024_by_state.csv,state,0,,,0,no_listed_facilities,WRI Aqueduct 4.0 baseline_annual
18115,2024,IN,Ohio County,670.0,11.3,70568.0,0,peeringdb_us_facilities_20261006T160916Z.json,2024,14.77,eia_residential_electricity_price_2024_by_state.csv,state,0,,,0,no_listed_facilities,WRI Aqueduct 4.0 baseline_annual
18117,2024,IN,Orange County,2606.0,13.4,59152.0,0,peeringdb_us_facilities_20261006T160916Z.json,2024,14.77,eia_residential_electricity_price_2024_by_state.csv,state,0,,,0,no_listed_facilities,WRI Aqueduct 4.0 baseline_annual
18119,2024,IN,Owen County,2620.0,12.2,68262.0,0,peeringdb_us_facilities_20261006T160916Z.json,2024,14.77,eia_residential_electricity_price_2024_by_state.csv,state,0,,,0,no_listed_facilities,WRI Aqueduct 4.0 baseline_annual
18121,2024,IN,Parke County,2151.0,13.9,66511.0,0,peeringdb_us_facilities_20261006T160916Z.json,2024,14.77,eia_residential_electricity_price_2024_by_state.csv,state,0,,,0,no_listed_facilities,WRI Aqueduct 4.0 baseline_annual
18123,2024,IN,Perry County,2466.0,13.9,64109.0,0,peeringdb_us_facilities_20261006T160916Z.json,2024,14.77,eia_residential_electricity_price_2024_by_state.csv,state,0,,,0,no_listed_facilities,WRI Aqueduct 4.0 baseline_annual
18125,2024,IN,Pike County,1075.0,9.0,79458.0,0,peeringdb_us_facilities_20261006T160916Z.json,2024,14.77,eia_residential_electricity_price_2024_by_state.csv,state,0,,,0,no_listed_facilities,WRI Aqueduct 4.0 baseline_annual
18127,2024,IN,Porter County,14639.0,8.5,88795.0,0,peeringdb_us_facilities_20261006T160916Z.json,2024,14.77,eia_residential_electricity_price_2024_by_state.csv,state,0,,,0,no_listed_facilities,WRI Aqueduct 4.0 baseline_annual
18129,2024,IN,Posey County,2126.0,8.6,81600.0,0,peeringdb_us_facilities_20261006T160916Z.json,2024,14.77,eia_residential_electricity_price_2024_by_state.csv,state,0,,,0,no_listed_facilities,WRI Aqueduct 4.0 baseline_annual
18131,2024,IN,Pulaski County,1468.0,12.0,65929.0,0,peeringdb_us_facilities_20261006T160916Z.json,2024,14.77,eia_residential_electricity_price_2024_by_state.csv,state,0,,,0,no_listed_facilities,WRI Aqueduct 4.0 baseline_annual
18133,2024,IN,Putnam County,3658.0,10.9,79859.0,0,peeringdb_us_facilities_20261006T160916Z.json,2024,14.77,eia_residential_electricity_price_2024_by_state.csv,state,0,,,0,no_listed_facilities,WRI Aqueduct 4.0 baseline_annual
18135,2024,IN,Randolph County,3797.0,15.8,62925.0,0,peeringdb_us_facilities_20261006T160916Z.json,2024,14.77,eia_residential_electricity_price_2024_by_state.csv,state,0,,,0,no_listed_facilities,WRI Aqueduct 4.0 baseline_annual
18137,2024,IN,Ripley County,2762.0,9.6,70676.0,0,peeringdb_us_facilities_20261006T160916Z.json,2024,14.77,eia_residential_electricity_price_2024_by_state.csv,state,0,,,0,no_listed_facilities,WRI Aqueduct 4.0 baseline_annual
18139,2024,IN,Rush County,1882.0,11.4,66985.0,0,peeringdb_us_facilities_20261006T160916Z.json,2024,14.77,eia_residential_electricity_price_2024_by_state.csv,state,0,,,0,no_listed_facilities,WRI Aqueduct 4.0 baseline_annual
18141,2024,IN,St. Joseph County,40149.0,15.4,64573.0,2,peeringdb_us_facilities_20261006T160916Z.json,2024,14.77,eia_residential_electricity_price_2024_by_state.csv,state,2,0.0,100.0,0,complete_coverage,WRI Aqueduct 4.0 baseline_annual
18143,2024,IN,Scott County,3654.0,15.0,62514.0,0,peeringdb_us_facilities_20261006T160916Z.json,2024,14.77,eia_residential_electricity_price_2024_by_state.csv,state,0,,,0,no_listed_facilities,WRI Aqueduct 4.0 baseline_annual
18145,2024,IN,Shelby County,4860.0,10.9,76907.0,0,peeringdb_us_facilities_20261006T160916Z.json,2024,14.77,eia_residential_electricity_price_2024_by_state.csv,state,0,,,0,no_listed_facilities,WRI Aqueduct 4.0 baseline_annual
18147,2024,IN,Spencer County,2090.0,10.4,76789.0,0,peeringdb_us_facilities_20261006T160916Z.json,2024,14.77,eia_residential_electricity_price_2024_by_state.csv,state,0,,,0,no_listed_facilities,WRI Aqueduct 4.0 baseline_annual
18149,2024,IN,Starke County,2615.0,11.2,67134.0,0,peeringdb_us_facilities_20261006T160916Z.json,2024,14.77,eia_residential_electricity_price_2024_by_state.csv,state,0,,,0,no_listed_facilities,WRI Aqueduct 4.0 baseline_annual
18151,2024,IN,Steuben County,3094.0,9.4,77285.0,0,peeringdb_us_facilities_20261006T160916Z.json,2024,14.77,eia_residential_electricity_price_2024_by_state.csv,state,0,,,0,no_listed_facilities,WRI Aqueduct 4.0 baseline_annual
18153,2024,IN,Sullivan County,2635.0,14.2,61119.0,0,peeringdb_us_facilities_20261006T160916Z.json,2024,14.77,eia_residential_electricity_price_2024_by_state.csv,state,0,,,0,no_listed_facilities,WRI Aqueduct 4.0 baseline_annual
18155,2024,IN,Switzerland County,1405.0,14.3,63858.0,0,peeringdb_us_facilities_20261006T160916Z.json,2024,14.77,eia_residential_electricity_price_2024_by_state.csv,state,0,,,0,no_listed_facilities,WRI Aqueduct 4.0 baseline_annual
18157,2024,IN,Tippecanoe County,29475.0,16.8,68036.0,1,peeringdb_us_facilities_20261006T160916Z.json,2024,14.77,eia_residential_electricity_price_2024_by_state.csv,state,1,1.696311999954089,100.0,0,complete_coverage,WRI Aqueduct 4.0 baseline_annual
18159,2024,IN,Tipton County,1178.0,7.8,72684.0,0,peeringdb_us_facilities_20261006T160916Z.json,2024,14.77,eia_residential_electricity_price_2024_by_state.csv,state,0,,,0,no_listed_facilities,WRI Aqueduct 4.0 baseline_annual
18161,2024,IN,Union County,775.0,11.3,67286.0,0,peeringdb_us_facilities_20261006T160916Z.json,2024,14.77,eia_residential_electricity_price_2024_by_state.csv,state,0,,,0,no_listed_facilities,WRI Aqueduct 4.0 baseline_annual
18163,2024,IN,Vanderburgh County,22289.0,12.8,63717.0,1,peeringdb_us_facilities_20261006T160916Z.json,2024,14.77,eia_residential_electricity_price_2024_by_state.csv,state,1,0.0,100.0,0,complete_coverage,WRI Aqueduct 4.0 baseline_annual
18165,2024,IN,Vermillion County,2035.0,13.3,60160.0,0,peeringdb_us_facilities_20261006T160916Z.json,2024,14.77,eia_residential_electricity_price_2024_by_state.csv,state,0,,,0,no_listed_facilities,WRI Aqueduct 4.0 baseline_annual
18167,2024,IN,Vigo County,17767.0,18.3,57173.0,0,peeringdb_us_facilities_20261006T160916Z.json,2024,14.77,eia_residential_electricity_price_2024_by_state.csv,state,0,,,0,no_listed_facilities,WRI Aqueduct 4.0 baseline_annual
18169,2024,IN,Wabash County,3168.0,10.7,68224.0,0,peeringdb_us_facilities_20261006T160916Z.json,2024,14.77,eia_residential_electricity_price_2024_by_state.csv,state,0,,,0,no_listed_facilities,WRI Aqueduct 4.0 baseline_annual
18171,2024,IN,Warren County,701.0,8.4,81984.0,0,peeringdb_us_facilities_20261006T160916Z.json,2024,14.77,eia_residential_electricity_price_2024_by_state.csv,state,0,,,0,no_listed_facilities,WRI Aqueduct 4.0 baseline_annual
18173,2024,IN,Warrick County,4289.0,6.6,82097.0,0,peeringdb_us_facilities_20261006T160916Z.json,2024,14.77,eia_residential_electricity_price_2024_by_state.csv,state,0,,,0,no_listed_facilities,WRI Aqueduct 4.0 baseline_annual
18175,2024,IN,Washington County,4128.0,14.8,66805.0,0,peeringdb_us_facilities_20261006T160916Z.json,2024,14.77,eia_residential_electricity_price_2024_by_state.csv,state,0,,,0,no_listed_facilities,WRI Aqueduct 4.0 baseline_annual
18177,2024,IN,Wayne County,11758.0,18.3,53395.0,0,peeringdb_us_facilities_20261006T160916Z.json,2024,14.77,eia_residential_electricity_price_2024_by_state.csv,state,0,,,0,no_listed_facilities,WRI Aqueduct 4.0 baseline_annual
18179,2024,IN,Wells County,2250.0,8.0,76864.0,0,peeringdb_us_facilities_20261006T160916Z.json,2024,14.77,eia_residential_electricity_price_2024_by_state.csv,state,0,,,0,no_listed_facilities,WRI Aqueduct 4.0 baseline_annual
18181,2024,IN,White County,2966.0,12.1,68828.0,0,peeringdb_us_facilities_20261006T160916Z.json,2024,14.77,eia_residential_electricity_price_2024_by_state.csv,state,0,,,0,no_listed_facilities,WRI Aqueduct 4.0 baseline_annual
18183,2024,IN,Whitley County,2827.0,8.2,78506.0,0,peeringdb_us_facilities_20261006T160916Z.json,2024,14.77,eia_residential_electricity_price_2024_by_state.csv,state,0,,,0,no_listed_facilities,WRI Aqueduct 4.0 baseline_annual
19001,2024,IA,Adair County,738.0,10.2,73642.0,0,peeringdb_us_facilities_20261006T160916Z.json,2024,13.4,eia_residential_electricity_price_2024_by_state.csv,state,0,,,0,no_listed_facilities,WRI Aqueduct 4.0 baseline_annual
19003,2024,IA,Adams County,431.0,12.1,64213.0,0,peeringdb_us_facilities_20261006T160916Z.json,2024,13.4,eia_residential_electricity_price_2024_by_state.csv,state,0,,,0,no_listed_facilities,WRI Aqueduct 4.0 baseline_annual
19005,2024,IA,Allamakee County,1461.0,10.5,71728.0,0,peeringdb_us_facilities_20261006T160916Z.json,2024,13.4,eia_residential_electricity_price_2024_by_state.csv,state,0,,,0,no_listed_facilities,WRI Aqueduct 4.0 baseline_annual
19007,2024,IA,Appanoose County,1870.0,15.8,57459.0,0,peeringdb_us_facilities_20261006T160916Z.json,2024,13.4,eia_residential_electricity_price_2024_by_state.csv,state,0,,,0,no_listed_facilities,WRI Aqueduct 4.0 baseline_annual
19009,2024,IA,Audubon County,599.0,11.0,68732.0,0,peeringdb_us_facilities_20261006T160916Z.json,2024,13.4,eia_residential_electricity_price_2024_by_state.csv,state,0,,,0,no_listed_facilities,WRI Aqueduct 4.0 baseline_annual
19011,2024,IA,Benton County,1840.0,7.2,85848.0,1,peeringdb_us_facilities_20261006T160916Z.json,2024,13.4,eia_residential_electricity_price_2024_by_state.csv,state,1,1.7209228534373548,100.0,0,complete_coverage,WRI Aqueduct 4.0 baseline_annual
19013,2024,IA,Black Hawk County,18168.0,14.2,70553.0,3,peeringdb_us_facilities_20261006T160916Z.json,2024,13.4,eia_residential_electricity_price_2024_by_state.csv,state,3,1.720922853437355,100.0,0,complete_coverage,WRI Aqueduct 4.0 baseline_annual
19015,2024,IA,Boone County,2136.0,8.2,80986.0,1,peeringdb_us_facilities_20261006T160916Z.json,2024,13.4,eia_residential_electricity_price_2024_by_state.csv,state,1,0.0,100.0,0,complete_coverage,WRI Aqueduct 4.0 baseline_annual
19017,2024,IA,Bremer County,1718.0,7.2,83565.0,0,peeringdb_us_facilities_20261006T160916Z.json,2024,13.4,eia_residential_electricity_price_2024_by_state.csv,state,0,,,0,no_listed_facilities,WRI Aqueduct 4.0 baseline_annual
19019,2024,IA,Buchanan County,2169.0,10.5,81191.0,1,peeringdb_us_facilities_20261006T160916Z.json,2024,13.4,eia_residential_electricity_price_2024_by_state.csv,state,1,1.7209228534373548,100.0,0,complete_coverage,WRI Aqueduct 4.0 baseline_annual
19021,2024,IA,Buena Vista County,2142.0,10.7,77083.0,0,peeringdb_us_facilities_20261006T160916Z.json,2024,13.4,eia_residential_electricity_price_2024_by_state.csv,state,0,,,0,no_listed_facilities,WRI Aqueduct 4.0 baseline_annual
19023,2024,IA,Butler County,1224.0,8.8,77322.0,0,peeringdb_us_facilities_20261006T160916Z.json,2024,13.4,eia_residential_electricity_price_2024_by_state.csv,state,0,,,0,no_listed_facilities,WRI Aqueduct 4.0 baseline_annual
19025,2024,IA,Calhoun County,1204.0,13.3,62385.0,0,peeringdb_us_facilities_20261006T160916Z.json,2024,13.4,eia_residential_electricity_price_2024_by_state.csv,state,0,,,0,no_listed_facilities,WRI Aqueduct 4.0 baseline_annual
19027,2024,IA,Carroll County,1609.0,8.0,81338.0,0,peeringdb_us_facilities_20261006T160916Z.json,2024,13.4,eia_residential_electricity_price_2024_by_state.csv,state,0,,,0,no_listed_facilities,WRI Aqueduct 4.0 baseline_annual
19029,2024,IA,Cass County,1481.0,11.6,63671.0,0,peeringdb_us_facilities_20261006T160916Z.json,2024,13.4,eia_residential_electricity_price_2024_by_state.csv,state,0,,,0,no_listed_facilities,WRI Aqueduct 4.0 baseline_annual
19031,2024,IA,Cedar County,1419.0,7.9,84970.0,0,peeringdb_us_facilities_20261006T160916Z.json,2024,13.4,eia_residential_electricity_price_2024_by_state.csv,state,0,,,0,no_listed_facilities,WRI Aqueduct 4.0 baseline_annual
19033,2024,IA,Cerro Gordo County,4336.0,10.4,73937.0,2,peeringdb_us_facilities_20261006T160916Z.json,2024,13.4,eia_residential_electricity_price_2024_by_state.csv,state,2,2.4639632305636625,100.0,0,complete_coverage,WRI Aqueduct 4.0 baseline_annual
19035,2024,IA,Cherokee County,1179.0,10.4,82715.0,0,peeringdb_us_facilities_20261006T160916Z.json,2024,13.4,eia_residential_electricity_price_2024_by_state.csv,state,0,,,0,no_listed_facilities,WRI Aqueduct 4.0 baseline_annual
19037,2024,IA,Chickasaw County,1060.0,9.2,82840.0,0,peeringdb_us_facilities_20261006T160916Z.json,2024,13.4,eia_residential_electricity_price_2024_by_state.csv,state,0,,,0,no_listed_facilities,WRI Aqueduct 4.0 baseline_annual
19039,2024,IA,Clarke County,1020.0,10.9,68642.0,0,peeringdb_us_facilities_20261006T160916Z.json,2024,13.4,eia_residential_electricity_price_2024_by_state.csv,state,0,,,0,no_listed_facilities,WRI Aqueduct 4.0 baseline_annual
19041,2024,IA,Clay County,1837.0,11.3,61530.0,1,peeringdb_us_facilities_20261006T160916Z.json,2024,13.4,eia_residential_electricity_price_2024_by_state.csv,state,1,0.1278995263148407,100.0,0,complete_coverage,WRI Aqueduct 4.0 baseline_annual
19043,2024,IA,Clayton County,1616.0,9.7,77983.0,0,peeringdb_us_facilities_20261006T160916Z.json,2024,13.4,eia_residential_electricity_price_2024_by_state.csv,state,0,,,0,no_listed_facilities,WRI Aqueduct 4.0 baseline_annual
19045,2024,IA,Clinton County,5893.0,13.0,70546.0,0,peeringdb_us_facilities_20261006T160916Z.json,2024,13.4,eia_residential_electricity_price_2024_by_state.csv,state,0,,,0,no_listed_facilities,WRI Aqueduct 4.0 baseline_annual
19047,2024,IA,Crawford County,1880.0,11.7,70773.0,0,peeringdb_us_facilities_20261006T160916Z.json,2024,13.4,eia_residential_electricity_price_2024_by_state.csv,state,0,,,0,no_listed_facilities,WRI Aqueduct 4.0 baseline_annual
19049,2024,IA,Dallas County,5990.0,5.2,99683.0,1,peeringdb_us_facilities_20261006T160916Z.json,2024,13.4,eia_residential_electricity_price_2024_by_state.csv,state,1,1.544110124654721,100.0,0,complete_coverage,WRI Aqueduct 4.0 baseline_annual
19051,2024,IA,Davis County,945.0,10.4,70676.0,0,peeringdb_us_facilities_20261006T160916Z.json,2024,13.4,eia_residential_electricity_price_2024_by_state.csv,state,0,,,0,no_listed_facilities,WRI Aqueduct 4.0 baseline_annual
19053,2024,IA,Decatur County,1272.0,18.1,56186.0,0,peeringdb_us_facilities_20261006T160916Z.json,2024,13.4,eia_residential_electricity_price_2024_by_state.csv,state,0,,,0,no_listed_facilities,WRI Aqueduct 4.0 baseline_annual
19055,2024,IA,Delaware County,1472.0,8.5,79407.0,0,peeringdb_us_facilities_20261006T160916Z.json,2024,13.4,eia_residential_electricity_price_2024_by_state.csv,state,0,,,0,no_listed_facilities,WRI Aqueduct 4.0 baseline_annual
19057,2024,IA,Des Moines County,5291.0,14.0,65796.0,0,peeringdb_us_facilities_20261006T160916Z.json,2024,13.4,eia_residential_electricity_price_2024_by_state.csv,state,0,,,0,no_listed_facilities,WRI Aqueduct 4.0 baseline_annual
19059,2024,IA,Dickinson County,1449.0,8.1,86022.0,0,peeringdb_us_facilities_20261006T160916Z.json,2024,13.4,eia_residential_electricity_price_2024_by_state.csv,state,0,,,0,no_listed_facilities,WRI Aqueduct 4.0 baseline_annual
19061,2024,IA,Dubuque County,10517.0,11.0,80355.0,0,peeringdb_us_facilities_20261006T160916Z.json,2024,13.4,eia_residential_electricity_price_2024_by_state.csv,state,0,,,0,no_listed_facilities,WRI Aqueduct 4.0 baseline_annual
19063,2024,IA,Emmet County,1038.0,11.9,64393.0,0,peeringdb_us_facilities_20261006T160916Z.json,2024,13.4,eia_residential_electricity_price_2024_by_state.csv,state,0,,,0,no_listed_facilities,WRI Aqueduct 4.0 baseline_annual
19065,2024,IA,Fayette County,2362.0,12.9,63625.0,0,peeringdb_us_facilities_20261006T160916Z.json,2024,13.4,eia_residential_electricity_price_2024_by_state.csv,state,0,,,0,no_listed_facilities,WRI Aqueduct 4.0 baseline_annual
19067,2024,IA,Floyd County,1676.0,11.3,71848.0,0,peeringdb_us_facilities_20261006T160916Z.json,2024,13.4,eia_residential_electricity_price_2024_by_state.csv,state,0,,,0,no_listed_facilities,WRI Aqueduct 4.0 baseline_annual
19069,2024,IA,Franklin County,1103.0,11.2,71711.0,0,peeringdb_us_facilities_20261006T160916Z.json,2024,13.4,eia_residential_electricity_price_2024_by_state.csv,state,0,,,0,no_listed_facilities,WRI Aqueduct 4.0 baseline_annual
19071,2024,IA,Fremont County,652.0,10.2,70478.0,0,peeringdb_us_facilities_20261006T160916Z.json,2024,13.4,eia_residential_electricity_price_2024_by_state.csv,state,0,,,0,no_listed_facilities,WRI Aqueduct 4.0 baseline_annual
19073,2024,IA,Greene County,966.0,11.3,69469.0,0,peeringdb_us_facilities_20261006T160916Z.json,2024,13.4,eia_residential_electricity_price_2024_by_state.csv,state,0,,,0,no_listed_facilities,WRI Aqueduct 4.0 baseline_annual
19075,2024,IA,Grundy County,755.0,6.2,84203.0,0,peeringdb_us_facilities_20261006T160916Z.json,2024,13.4,eia_residential_electricity_price_2024_by_state.csv,state,0,,,0,no_listed_facilities,WRI Aqueduct 4.0 baseline_annual
19077,2024,IA,Guthrie County,939.0,8.8,75047.0,0,peeringdb_us_facilities_20261006T160916Z.json,2024,13.4,eia_residential_electricity_price_2024_by_state.csv,state,0,,,0,no_listed_facilities,WRI Aqueduct 4.0 baseline_annual
19079,2024,IA,Hamilton County,1213.0,8.3,76054.0,0,peeringdb_us_facilities_20261006T160916Z.json,2024,13.4,eia_residential_electricity_price_2024_by_state.csv,state,0,,,0,no_listed_facilities,WRI Aqueduct 4.0 baseline_annual
19081,2024,IA,Hancock County,982.0,9.4,67667.0,0,peeringdb_us_facilities_20261006T160916Z.json,2024,13.4,eia_residential_electricity_price_2024_by_state.csv,state,0,,,0,no_listed_facilities,WRI Aqueduct 4.0 baseline_annual
19083,2024,IA,Hardin County,1972.0,12.5,72381.0,1,peeringdb_us_facilities_20261006T160916Z.json,2024,13.4,eia_residential_electricity_price_2024_by_state.csv,state,1,2.8073841951504885,100.0,0,complete_coverage,WRI Aqueduct 4.0 baseline_annual
19085,2024,IA,Harrison County,1091.0,7.6,84402.0,0,peeringdb_us_facilities_20261006T160916Z.json,2024,13.4,eia_residential_electricity_price_2024_by_state.csv,state,0,,,0,no_listed_facilities,WRI Aqueduct 4.0 baseline_annual
19087,2024,IA,Henry County,2311.0,12.9,69313.0,0,peeringdb_us_facilities_20261006T160916Z.json,2024,13.4,eia_residential_electricity_price_2024_by_state.csv,state,0,,,0,no_listed_facilities,WRI Aqueduct 4.0 baseline_annual
19089,2024,IA,Howard County,894.0,9.7,71163.0,0,peeringdb_us_facilities_20261006T160916Z.json,2024,13.4,eia_residential_electricity_price_2024_by_state.csv,state,0,,,0,no_listed_facilities,WRI Aqueduct 4.0 baseline_annual
19091,2024,IA,Humboldt County,1071.0,11.2,75434.0,0,peeringdb_us_facilities_20261006T160916Z.json,2024,13.4,eia_residential_electricity_price_2024_by_state.csv,state,0,,,0,no_listed_facilities,WRI Aqueduct 4.0 baseline_annual
19093,2024,IA,Ida County,703.0,10.6,72456.0,0,peeringdb_us_facilities_20261006T160916Z.json,2024,13.4,eia_residential_electricity_price_2024_by_state.csv,state,0,,,0,no_listed_facilities,WRI Aqueduct 4.0 baseline_annual
19095,2024,IA,Iowa County,1155.0,7.1,78465.0,0,peeringdb_us_facilities_20261006T160916Z.json,2024,13.4,eia_residential_electricity_price_2024_by_state.csv,state,0,,,0,no_listed_facilities,WRI Aqueduct 4.0 baseline_annual
19097,2024,IA,Jackson County,2112.0,11.0,71135.0,0,peeringdb_us_facilities_20261006T160916Z.json,2024,13.4,eia_residential_electricity_price_2024_by_state.csv,state,0,,,0,no_listed_facilities,WRI Aqueduct 4.0 baseline_annual
19099,2024,IA,Jasper County,3367.0,9.3,74790.0,0,peeringdb_us_facilities_20261006T160916Z.json,2024,13.4,eia_residential_electricity_price_2024_by_state.csv,state,0,,,0,no_listed_facilities,WRI Aqueduct 4.0 baseline_annual
19101,2024,IA,Jefferson County,2095.0,14.0,63788.0,0,peeringdb_us_facilities_20261006T160916Z.json,2024,13.4,eia_residential_electricity_price_2024_by_state.csv,state,0,,,0,no_listed_facilities,WRI Aqueduct 4.0 baseline_annual
19103,2024,IA,Johnson County,26600.0,17.7,77124.0,1,peeringdb_us_facilities_20261006T160916Z.json,2024,13.4,eia_residential_electricity_price_2024_by_state.csv,state,1,2.8073841951504885,100.0,0,complete_coverage,WRI Aqueduct 4.0 baseline_annual
19105,2024,IA,Jones County,2362.0,12.0,76093.0,1,peeringdb_us_facilities_20261006T160916Z.json,2024,13.4,eia_residential_electricity_price_2024_by_state.csv,state,1,0.3079550538654757,100.0,0,complete_coverage,WRI Aqueduct 4.0 baseline_annual
19107,2024,IA,Keokuk County,1120.0,11.5,56316.0,0,peeringdb_us_facilities_20261006T160916Z.json,2024,13.4,eia_residential_electricity_price_2024_by_state.csv,state,0,,,0,no_listed_facilities,WRI Aqueduct 4.0 baseline_annual
19109,2024,IA,Kossuth County,1252.0,8.9,73860.0,0,peeringdb_us_facilities_20261006T160916Z.json,2024,13.4,eia_residential_electricity_price_2024_by_state.csv,state,0,,,0,no_listed_facilities,WRI Aqueduct 4.0 baseline_annual
19111,2024,IA,Lee County,4268.0,13.7,63479.0,0,peeringdb_us_facilities_20261006T160916Z.json,2024,13.4,eia_residential_electricity_price_2024_by_state.csv,state,0,,,0,no_listed_facilities,WRI Aqueduct 4.0 baseline_annual
19113,2024,IA,Linn County,21733.0,9.6,75639.0,2,peeringdb_us_facilities_20261006T160916Z.json,2024,13.4,eia_residential_electricity_price_2024_by_state.csv,state,2,1.7209228534373548,100.0,0,complete_coverage,WRI Aqueduct 4.0 baseline_annual
19115,2024,IA,Louisa County,995.0,9.5,72753.0,0,peeringdb_us_facilities_20261006T160916Z.json,2024,13.4,eia_residential_electricity_price_2024_by_state.csv,state,0,,,0,no_listed_facilities,WRI Aqueduct 4.0 baseline_annual
19117,2024,IA,Lucas County,1245.0,14.3,61457.0,0,peeringdb_us_facilities_20261006T160916Z.json,2024,13.4,eia_residential_electricity_price_2024_by_state.csv,state,0,,,0,no_listed_facilities,WRI Aqueduct 4.0 baseline_annual
19119,2024,IA,Lyon County,895.0,7.3,85185.0,0,peeringdb_us_facilities_20261006T160916Z.json,2024,13.4,eia_residential_electricity_price_2024_by_state.csv,state,0,,,0,no_listed_facilities,WRI Aqueduct 4.0 baseline_annual
19121,2024,IA,Madison County,1087.0,6.4,90539.0,0,peeringdb_us_facilities_20261006T160916Z.json,2024,13.4,eia_residential_electricity_price_2024_by_state.csv,state,0,,,0,no_listed_facilities,WRI Aqueduct 4.0 baseline_annual
19123,2024,IA,Mahaska County,2462.0,11.6,72199.0,0,peeringdb_us_facilities_20261006T160916Z.json,2024,13.4,eia_residential_electricity_price_2024_by_state.csv,state,0,,,0,no_listed_facilities,WRI Aqueduct 4.0 baseline_annual
19125,2024,IA,Marion County,3195.0,9.8,81672.0,0,peeringdb_us_facilities_20261006T160916Z.json,2024,13.4,eia_residential_electricity_price_2024_by_state.csv,state,0,,,0,no_listed_facilities,WRI Aqueduct 4.0 baseline_annual
19127,2024,IA,Marshall County,4871.0,12.4,68660.0,0,peeringdb_us_facilities_20261006T160916Z.json,2024,13.4,eia_residential_electricity_price_2024_by_state.csv,state,0,,,0,no_listed_facilities,WRI Aqueduct 4.0 baseline_annual
19129,2024,IA,Mills County,1439.0,9.8,88809.0,0,peeringdb_us_facilities_20261006T160916Z.json,2024,13.4,eia_residential_electricity_price_2024_by_state.csv,state,0,,,0,no_listed_facilities,WRI Aqueduct 4.0 baseline_annual
19131,2024,IA,Mitchell County,1082.0,10.4,84344.0,0,peeringdb_us_facilities_20261006T160916Z.json,2024,13.4,eia_residential_electricity_price_2024_by_state.csv,state,0,,,0,no_listed_facilities,WRI Aqueduct 4.0 baseline_annual
19133,2024,IA,Monona County,913.0,11.1,68168.0,0,peeringdb_us_facilities_20261006T160916Z.json,2024,13.4,eia_residential_electricity_price_2024_by_state.csv,state,0,,,0,no_listed_facilities,WRI Aqueduct 4.0 baseline_annual
19135,2024,IA,Monroe County,823.0,11.3,69366.0,0,peeringdb_us_facilities_20261006T160916Z.json,2024,13.4,eia_residential_electricity_price_2024_by_state.csv,state,0,,,0,no_listed_facilities,WRI Aqueduct 4.0 baseline_annual
19137,2024,IA,Montgomery County,1440.0,14.6,63117.0,0,peeringdb_us_facilities_20261006T160916Z.json,2024,13.4,eia_residential_electricity_price_2024_by_state.csv,state,0,,,0,no_listed_facilities,WRI Aqueduct 4.0 baseline_annual
19139,2024,IA,Muscatine County,5484.0,13.3,71330.0,0,peeringdb_us_facilities_20261006T160916Z.json,2024,13.4,eia_residential_electricity_price_2024_by_state.csv,state,0,,,0,no_listed_facilities,WRI Aqueduct 4.0 baseline_annual
19141,2024,IA,O'Brien County,1298.0,9.3,69967.0,0,peeringdb_us_facilities_20261006T160916Z.json,2024,13.4,eia_residential_electricity_price_2024_by_state.csv,state,0,,,0,no_listed_facilities,WRI Aqueduct 4.0 baseline_annual
19143,2024,IA,Osceola County,657.0,11.1,73397.0,0,peeringdb_us_facilities_20261006T160916Z.json,2024,13.4,eia_residential_electricity_price_2024_by_state.csv,state,0,,,0,no_listed_facilities,WRI Aqueduct 4.0 baseline_annual
19145,2024,IA,Page County,1991.0,14.5,64193.0,0,peeringdb_us_facilities_20261006T160916Z.json,2024,13.4,eia_residential_electricity_price_2024_by_state.csv,state,0,,,0,no_listed_facilities,WRI Aqueduct 4.0 baseline_annual
19147,2024,IA,Palo Alto County,1001.0,11.8,67377.0,0,peeringdb_us_facilities_20261006T160916Z.json,2024,13.4,eia_residential_electricity_price_2024_by_state.csv,state,0,,,0,no_listed_facilities,WRI Aqueduct 4.0 baseline_annual
19149,2024,IA,Plymouth County,1934.0,7.6,88903.0,0,peeringdb_us_facilities_20261006T160916Z.json,2024,13.4,eia_residential_electricity_price_2024_by_state.csv,state,0,,,0,no_listed_facilities,WRI Aqueduct 4.0 baseline_annual
19151,2024,IA,Pocahontas County,753.0,11.0,67268.0,0,peeringdb_us_facilities_20261006T160916Z.json,2024,13.4,eia_residential_electricity_price_2024_by_state.csv,state,0,,,0,no_listed_facilities,WRI Aqueduct 4.0 baseline_annual
19153,2024,IA,Polk County,51945.0,10.2,82960.0,7,peeringdb_us_facilities_20261006T160916Z.json,2024,13.4,eia_residential_electricity_price_2024_by_state.csv,state,7,1.2778397737785452,100.0,0,complete_coverage,WRI Aqueduct 4.0 baseline_annual
19155,2024,IA,Pottawattamie County,12747.0,13.9,73799.0,0,peeringdb_us_facilities_20261006T160916Z.json,2024,13.4,eia_residential_electricity_price_2024_by_state.csv,state,0,,,0,no_listed_facilities,WRI Aqueduct 4.0 baseline_annual
19157,2024,IA,Poweshiek County,1984.0,11.8,72929.0,0,peeringdb_us_facilities_20261006T160916Z.json,2024,13.4,eia_residential_electricity_price_2024_by_state.csv,state,0,,,0,no_listed_facilities,WRI Aqueduct 4.0 baseline_annual
19159,2024,IA,Ringgold County,597.0,13.3,62608.0,0,peeringdb_us_facilities_20261006T160916Z.json,2024,13.4,eia_residential_electricity_price_2024_by_state.csv,state,0,,,0,no_listed_facilities,WRI Aqueduct 4.0 baseline_annual
19161,2024,IA,Sac County,1081.0,11.5,73294.0,0,peeringdb_us_facilities_20261006T160916Z.json,2024,13.4,eia_residential_electricity_price_2024_by_state.csv,state,0,,,0,no_listed_facilities,WRI Aqueduct 4.0 baseline_annual
19163,2024,IA,Scott County,20217.0,11.7,78991.0,2,peeringdb_us_facilities_20261006T160916Z.json,2024,13.4,eia_residential_electricity_price_2024_by_state.csv,state,2,0.3079550538654757,100.0,0,complete_coverage,WRI Aqueduct 4.0 baseline_annual
19165,2024,IA,Shelby County,949.0,8.2,78108.0,0,peeringdb_us_facilities_20261006T160916Z.json,2024,13.4,eia_residential_electricity_price_2024_by_state.csv,state,0,,,0,no_listed_facilities,WRI Aqueduct 4.0 baseline_annual
19167,2024,IA,Sioux County,2481.0,7.3,81746.0,0,peeringdb_us_facilities_20261006T160916Z.json,2024,13.4,eia_residential_electricity_price_2024_by_state.csv,state,0,,,0,no_listed_facilities,WRI Aqueduct 4.0 baseline_annual
19169,2024,IA,Story County,14234.0,15.9,69868.0,0,peeringdb_us_facilities_20261006T160916Z.json,2024,13.4,eia_residential_electricity_price_2024_by_state.csv,state,0,,,0,no_listed_facilities,WRI Aqueduct 4.0 baseline_annual
19171,2024,IA,Tama County,1904.0,11.6,73493.0,0,peeringdb_us_facilities_20261006T160916Z.json,2024,13.4,eia_residential_electricity_price_2024_by_state.csv,state,0,,,0,no_listed_facilities,WRI Aqueduct 4.0 baseline_annual
19173,2024,IA,Taylor County,715.0,12.4,63373.0,0,peeringdb_us_facilities_20261006T160916Z.json,2024,13.4,eia_residential_electricity_price_2024_by_state.csv,state,0,,,0,no_listed_facilities,WRI Aqueduct 4.0 baseline_annual
19175,2024,IA,Union County,1564.0,13.4,63997.0,0,peeringdb_us_facilities_20261006T160916Z.json,2024,13.4,eia_residential_electricity_price_2024_by_state.csv,state,0,,,0,no_listed_facilities,WRI Aqueduct 4.0 baseline_annual
19177,2024,IA,Van Buren County,1200.0,16.8,60881.0,0,peeringdb_us_facilities_20261006T160916Z.json,2024,13.4,eia_residential_electricity_price_2024_by_state.csv,state,0,,,0,no_listed_facilities,WRI Aqueduct 4.0 baseline_annual
19179,2024,IA,Wapello County,5404.0,15.6,67370.0,0,peeringdb_us_facilities_20261006T160916Z.json,2024,13.4,eia_residential_electricity_price_2024_by_state.csv,state,0,,,0,no_listed_facilities,WRI Aqueduct 4.0 baseline_annual
19181,2024,IA,Warren County,3595.0,6.6,101640.0,0,peeringdb_us_facilities_20261006T160916Z.json,2024,13.4,eia_residential_electricity_price_2024_by_state.csv,state,0,,,0,no_listed_facilities,WRI Aqueduct 4.0 baseline_annual
19183,2024,IA,Washington County,2004.0,9.0,77916.0,0,peeringdb_us_facilities_20261006T160916Z.json,2024,13.4,eia_residential_electricity_price_2024_by_state.csv,state,0,,,0,no_listed_facilities,WRI Aqueduct 4.0 baseline_annual
19185,2024,IA,Wayne County,843.0,12.9,62202.0,0,peeringdb_us_facilities_20261006T160916Z.json,2024,13.4,eia_residential_electricity_price_2024_by_state.csv,state,0,,,0,no_listed_facilities,WRI Aqueduct 4.0 baseline_annual
19187,2024,IA,Webster County,4454.0,13.1,66298.0,0,peeringdb_us_facilities_20261006T160916Z.json,2024,13.4,eia_residential_electricity_price_2024_by_state.csv,state,0,,,0,no_listed_facilities,WRI Aqueduct 4.0 baseline_annual
19189,2024,IA,Winnebago County,1020.0,10.4,71443.0,0,peeringdb_us_facilities_20261006T160916Z.json,2024,13.4,eia_residential_electricity_price_2024_by_state.csv,state,0,,,0,no_listed_facilities,WRI Aqueduct 4.0 baseline_annual
19191,2024,IA,Winneshiek County,1629.0,8.9,79996.0,0,peeringdb_us_facilities_20261006T160916Z.json,2024,13.4,eia_residential_electricity_price_2024_by_state.csv,state,0,,,0,no_listed_facilities,WRI Aqueduct 4.0 baseline_annual
19193,2024,IA,Woodbury County,14179.0,13.6,76974.0,2,peeringdb_us_facilities_20261006T160916Z.json,2024,13.4,eia_residential_electricity_price_2024_by_state.csv,state,2,0.1278995263148407,100.0,0,complete_coverage,WRI Aqueduct 4.0 baseline_annual
19195,2024,IA,Worth County,721.0,10.0,74047.0,0,peeringdb_us_facilities_20261006T160916Z.json,2024,13.4,eia_residential_electricity_price_2024_by_state.csv,state,0,,,0,no_listed_facilities,WRI Aqueduct 4.0 baseline_annual
19197,2024,IA,Wright County,1351.0,10.8,69241.0,0,peeringdb_us_facilities_20261006T160916Z.json,2024,13.4,eia_residential_electricity_price_2024_by_state.csv,state,0,,,0,no_listed_facilities,WRI Aqueduct 4.0 baseline_annual
20001,2024,KS,Allen County,1746.0,14.6,59080.0,0,peeringdb_us_facilities_20261006T160916Z.json,2024,14.15,eia_residential_electricity_price_2024_by_state.csv,state,0,,,0,no_listed_facilities,WRI Aqueduct 4.0 baseline_annual
20003,2024,KS,Anderson County,945.0,12.1,66145.0,0,peeringdb_us_facilities_20261006T160916Z.json,2024,14.15,eia_residential_electricity_price_2024_by_state.csv,state,0,,,0,no_listed_facilities,WRI Aqueduct 4.0 baseline_annual
20005,2024,KS,Atchison County,2020.0,13.9,65578.0,0,peeringdb_us_facilities_20261006T160916Z.json,2024,14.15,eia_residential_electricity_price_2024_by_state.csv,state,0,,,0,no_listed_facilities,WRI Aqueduct 4.0 baseline_annual
20007,2024,KS,Barber County,401.0,10.0,70766.0,0,peeringdb_us_facilities_20261006T160916Z.json,2024,14.15,eia_residential_electricity_price_2024_by_state.csv,state,0,,,0,no_listed_facilities,WRI Aqueduct 4.0 baseline_annual
20009,2024,KS,Barton County,3378.0,13.9,62215.0,0,peeringdb_us_facilities_20261006T160916Z.json,2024,14.15,eia_residential_electricity_price_2024_by_state.csv,state,0,,,0,no_listed_facilities,WRI Aqueduct 4.0 baseline_annual
20011,2024,KS,Bourbon County,2203.0,15.7,57131.0,0,peeringdb_us_facilities_20261006T160916Z.json,2024,14.15,eia_residential_electricity_price_2024_by_state.csv,state,0,,,0,no_listed_facilities,WRI Aqueduct 4.0 baseline_annual
20013,2024,KS,Brown County,1184.0,13.1,62180.0,0,peeringdb_us_facilities_20261006T160916Z.json,2024,14.15,eia_residential_electricity_price_2024_by_state.csv,state,0,,,0,no_listed_facilities,WRI Aqueduct 4.0 baseline_annual
20015,2024,KS,Butler County,5533.0,8.3,83150.0,0,peeringdb_us_facilities_20261006T160916Z.json,2024,14.15,eia_residential_electricity_price_2024_by_state.csv,state,0,,,0,no_listed_facilities,WRI Aqueduct 4.0 baseline_annual
20017,2024,KS,Chase County,237.0,10.2,67466.0,0,peeringdb_us_facilities_20261006T160916Z.json,2024,14.15,eia_residential_electricity_price_2024_by_state.csv,state,0,,,0,no_listed_facilities,WRI Aqueduct 4.0 baseline_annual
20019,2024,KS,Chautauqua County,497.0,15.2,54122.0,0,peeringdb_us_facilities_20261006T160916Z.json,2024,14.15,eia_residential_electricity_price_2024_by_state.csv,state,0,,,0,no_listed_facilities,WRI Aqueduct 4.0 baseline_annual
20021,2024,KS,Cherokee County,3077.0,16.3,57750.0,0,peeringdb_us_facilities_20261006T160916Z.json,2024,14.15,eia_residential_electricity_price_2024_by_state.csv,state,0,,,0,no_listed_facilities,WRI Aqueduct 4.0 baseline_annual
20023,2024,KS,Cheyenne County,303.0,11.6,61313.0,0,peeringdb_us_facilities_20261006T160916Z.json,2024,14.15,eia_residential_electricity_price_2024_by_state.csv,state,0,,,0,no_listed_facilities,WRI Aqueduct 4.0 baseline_annual
20025,2024,KS,Clark County,230.0,12.5,64297.0,0,peeringdb_us_facilities_20261006T160916Z.json,2024,14.15,eia_residential_electricity_price_2024_by_state.csv,state,0,,,0,no_listed_facilities,WRI Aqueduct 4.0 baseline_annual
20027,2024,KS,Clay County,787.0,10.2,68231.0,0,peeringdb_us_facilities_20261006T160916Z.json,2024,14.15,eia_residential_electricity_price_2024_by_state.csv,state,0,,,0,no_listed_facilities,WRI Aqueduct 4.0 baseline_annual
20029,2024,KS,Cloud County,1083.0,13.2,62007.0,0,peeringdb_us_facilities_20261006T160916Z.json,2024,14.15,eia_residential_electricity_price_2024_by_state.csv,state,0,,,0,no_listed_facilities,WRI Aqueduct 4.0 baseline_annual
20031,2024,KS,Coffey County,848.0,10.3,72961.0,0,peeringdb_us_facilities_20261006T160916Z.json,2024,14.15,eia_residential_electricity_price_2024_by_state.csv,state,0,,,0,no_listed_facilities,WRI Aqueduct 4.0 baseline_annual
20033,2024,KS,Comanche County,194.0,11.8,58128.0,0,peeringdb_us_facilities_20261006T160916Z.json,2024,14.15,eia_residential_electricity_price_2024_by_state.csv,state,0,,,0,no_listed_facilities,WRI Aqueduct 4.0 baseline_annual
20035,2024,KS,Cowley County,4239.0,13.2,60819.0,0,peeringdb_us_facilities_20261006T160916Z.json,2024,14.15,eia_residential_electricity_price_2024_by_state.csv,state,0,,,0,no_listed_facilities,WRI Aqueduct 4.0 baseline_annual
20037,2024,KS,Crawford County,6380.0,17.1,55652.0,0,peeringdb_us_facilities_20261006T160916Z.json,2024,14.15,eia_residential_electricity_price_2024_by_state.csv,state,0,,,0,no_listed_facilities,WRI Aqueduct 4.0 baseline_annual
20039,2024,KS,Decatur County,316.0,11.9,57793.0,0,peeringdb_us_facilities_20261006T160916Z.json,2024,14.15,eia_residential_electricity_price_2024_by_state.csv,state,0,,,0,no_listed_facilities,WRI Aqueduct 4.0 baseline_annual
20041,2024,KS,Dickinson County,1551.0,8.5,68772.0,0,peeringdb_us_facilities_20261006T160916Z.json,2024,14.15,eia_residential_electricity_price_2024_by_state.csv,state,0,,,0,no_listed_facilities,WRI Aqueduct 4.0 baseline_annual
20043,2024,KS,Doniphan County,763.0,10.6,70442.0,0,peeringdb_us_facilities_20261006T160916Z.json,2024,14.15,eia_residential_electricity_price_2024_by_state.csv,state,0,,,0,no_listed_facilities,WRI Aqueduct 4.0 baseline_annual
20045,2024,KS,Douglas County,16251.0,14.3,73332.0,0,peeringdb_us_facilities_20261006T160916Z.json,2024,14.15,eia_residential_electricity_price_2024_by_state.csv,state,0,,,0,no_listed_facilities,WRI Aqueduct 4.0 baseline_annual
20047,2024,KS,Edwards County,319.0,11.8,63811.0,0,peeringdb_us_facilities_20261006T160916Z.json,2024,14.15,eia_residential_electricity_price_2024_by_state.csv,state,0,,,0,no_listed_facilities,WRI Aqueduct 4.0 baseline_annual
20049,2024,KS,Elk County,360.0,14.8,54218.0,0,peeringdb_us_facilities_20261006T160916Z.json,2024,14.15,eia_residential_electricity_price_2024_by_state.csv,state,0,,,0,no_listed_facilities,WRI Aqueduct 4.0 baseline_annual
20051,2024,KS,Ellis County,3409.0,12.5,67113.0,0,peeringdb_us_facilities_20261006T160916Z.json,2024,14.15,eia_residential_electricity_price_2024_by_state.csv,state,0,,,0,no_listed_facilities,WRI Aqueduct 4.0 baseline_annual
20053,2024,KS,Ellsworth County,674.0,13.1,68053.0,0,peeringdb_us_facilities_20261006T160916Z.json,2024,14.15,eia_residential_electricity_price_2024_by_state.csv,state,0,,,0,no_listed_facilities,WRI Aqueduct 4.0 baseline_annual
20055,2024,KS,Finney County,4424.0,11.7,70195.0,0,peeringdb_us_facilities_20261006T160916Z.json,2024,14.15,eia_residential_electricity_price_2024_by_state.csv,state,0,,,0,no_listed_facilities,WRI Aqueduct 4.0 baseline_annual
20057,2024,KS,Ford County,4937.0,14.8,69650.0,0,peeringdb_us_facilities_20261006T160916Z.json,2024,14.15,eia_residential_electricity_price_2024_by_state.csv,state,0,,,0,no_listed_facilities,WRI Aqueduct 4.0 baseline_annual
20059,2024,KS,Franklin County,2287.0,8.9,72458.0,0,peeringdb_us_facilities_20261006T160916Z.json,2024,14.15,eia_residential_electricity_price_2024_by_state.csv,state,0,,,0,no_listed_facilities,WRI Aqueduct 4.0 baseline_annual
20061,2024,KS,Geary County,4252.0,12.4,62304.0,0,peeringdb_us_facilities_20261006T160916Z.json,2024,14.15,eia_residential_electricity_price_2024_by_state.csv,state,0,,,0,no_listed_facilities,WRI Aqueduct 4.0 baseline_annual
20063,2024,KS,Gove County,270.0,10.3,73836.0,0,peeringdb_us_facilities_20261006T160916Z.json,2024,14.15,eia_residential_electricity_price_2024_by_state.csv,state,0,,,0,no_listed_facilities,WRI Aqueduct 4.0 baseline_annual
20065,2024,KS,Graham County,319.0,13.7,59788.0,0,peeringdb_us_facilities_20261006T160916Z.json,2024,14.15,eia_residential_electricity_price_2024_by_state.csv,state,0,,,0,no_listed_facilities,WRI Aqueduct 4.0 baseline_annual
20067,2024,KS,Grant County,870.0,12.4,71998.0,0,peeringdb_us_facilities_20261006T160916Z.json,2024,14.15,eia_residential_electricity_price_2024_by_state.csv,state,0,,,0,no_listed_facilities,WRI Aqueduct 4.0 baseline_annual
20069,2024,KS,Gray County,447.0,7.9,78176.0,0,peeringdb_us_facilities_20261006T160916Z.json,2024,14.15,eia_residential_electricity_price_2024_by_state.csv,state,0,,,0,no_listed_facilities,WRI Aqueduct 4.0 baseline_annual
20071,2024,KS,Greeley County,111.0,9.9,75267.0,0,peeringdb_us_facilities_20261006T160916Z.json,2024,14.15,eia_residential_electricity_price_2024_by_state.csv,state,0,,,0,no_listed_facilities,WRI Aqueduct 4.0 baseline_annual
20073,2024,KS,Greenwood County,842.0,14.5,55780.0,0,peeringdb_us_facilities_20261006T160916Z.json,2024,14.15,eia_residential_electricity_price_2024_by_state.csv,state,0,,,0,no_listed_facilities,WRI Aqueduct 4.0 baseline_annual
20075,2024,KS,Hamilton County,321.0,12.9,71225.0,0,peeringdb_us_facilities_20261006T160916Z.json,2024,14.15,eia_residential_electricity_price_2024_by_state.csv,state,0,,,0,no_listed_facilities,WRI Aqueduct 4.0 baseline_annual
20077,2024,KS,Harper County,727.0,13.6,56765.0,0,peeringdb_us_facilities_20261006T160916Z.json,2024,14.15,eia_residential_electricity_price_2024_by_state.csv,state,0,,,0,no_listed_facilities,WRI Aqueduct 4.0 baseline_annual
20079,2024,KS,Harvey County,2759.0,8.5,77273.0,0,peeringdb_us_facilities_20261006T160916Z.json,2024,14.15,eia_residential_electricity_price_2024_by_state.csv,state,0,,,0,no_listed_facilities,WRI Aqueduct 4.0 baseline_annual
20081,2024,KS,Haskell County,357.0,10.1,75979.0,0,peeringdb_us_facilities_20261006T160916Z.json,2024,14.15,eia_residential_electricity_price_2024_by_state.csv,state,0,,,0,no_listed_facilities,WRI Aqueduct 4.0 baseline_annual
20083,2024,KS,Hodgeman County,159.0,9.6,72127.0,0,peeringdb_us_facilities_20261006T160916Z.json,2024,14.15,eia_residential_electricity_price_2024_by_state.csv,state,0,,,0,no_listed_facilities,WRI Aqueduct 4.0 baseline_annual
20085,2024,KS,Jackson County,1120.0,8.4,72722.0,0,peeringdb_us_facilities_20261006T160916Z.json,2024,14.15,eia_residential_electricity_price_2024_by_state.csv,state,0,,,0,no_listed_facilities,WRI Aqueduct 4.0 baseline_annual
20087,2024,KS,Jefferson County,1285.0,7.1,89065.0,0,peeringdb_us_facilities_20261006T160916Z.json,2024,14.15,eia_residential_electricity_price_2024_by_state.csv,state,0,,,0,no_listed_facilities,WRI Aqueduct 4.0 baseline_annual
20089,2024,KS,Jewell County,353.0,12.3,58818.0,0,peeringdb_us_facilities_20261006T160916Z.json,2024,14.15,eia_residential_electricity_price_2024_by_state.csv,state,0,,,0,no_listed_facilities,WRI Aqueduct 4.0 baseline_annual
20091,2024,KS,Johnson County,37366.0,6.0,109357.0,7,peeringdb_us_facilities_20261006T160916Z.json,2024,14.15,eia_residential_electricity_price_2024_by_state.csv,state,7,0.8840478389443522,100.0,0,complete_coverage,WRI Aqueduct 4.0 baseline_annual
20093,2024,KS,Kearny County,397.0,10.6,80863.0,0,peeringdb_us_facilities_20261006T160916Z.json,2024,14.15,eia_residential_electricity_price_2024_by_state.csv,state,0,,,0,no_listed_facilities,WRI Aqueduct 4.0 baseline_annual
20095,2024,KS,Kingman County,723.0,10.6,67768.0,0,peeringdb_us_facilities_20261006T160916Z.json,2024,14.15,eia_residential_electricity_price_2024_by_state.csv,state,0,,,0,no_listed_facilities,WRI Aqueduct 4.0 baseline_annual
20097,2024,KS,Kiowa County,272.0,12.0,63239.0,0,peeringdb_us_facilities_20261006T160916Z.json,2024,14.15,eia_residential_electricity_price_2024_by_state.csv,state,0,,,0,no_listed_facilities,WRI Aqueduct 4.0 baseline_annual
20099,2024,KS,Labette County,2926.0,15.1,55633.0,0,peeringdb_us_facilities_20261006T160916Z.json,2024,14.15,eia_residential_electricity_price_2024_by_state.csv,state,0,,,0,no_listed_facilities,WRI Aqueduct 4.0 baseline_annual
20101,2024,KS,Lane County,147.0,10.1,72004.0,0,peeringdb_us_facilities_20261006T160916Z.json,2024,14.15,eia_residential_electricity_price_2024_by_state.csv,state,0,,,0,no_listed_facilities,WRI Aqueduct 4.0 baseline_annual
20103,2024,KS,Leavenworth County,7202.0,9.2,91056.0,0,peeringdb_us_facilities_20261006T160916Z.json,2024,14.15,eia_residential_electricity_price_2024_by_state.csv,state,0,,,0,no_listed_facilities,WRI Aqueduct 4.0 baseline_annual
20105,2024,KS,Lincoln County,334.0,11.6,63154.0,0,peeringdb_us_facilities_20261006T160916Z.json,2024,14.15,eia_residential_electricity_price_2024_by_state.csv,state,0,,,0,no_listed_facilities,WRI Aqueduct 4.0 baseline_annual
20107,2024,KS,Linn County,1045.0,10.7,67904.0,0,peeringdb_us_facilities_20261006T160916Z.json,2024,14.15,eia_residential_electricity_price_2024_by_state.csv,state,0,,,0,no_listed_facilities,WRI Aqueduct 4.0 baseline_annual
20109,2024,KS,Logan County,269.0,10.1,64774.0,0,peeringdb_us_facilities_20261006T160916Z.json,2024,14.15,eia_residential_electricity_price_2024_by_state.csv,state,0,,,0,no_listed_facilities,WRI Aqueduct 4.0 baseline_annual
20111,2024,KS,Lyon County,4209.0,13.5,58892.0,0,peeringdb_us_facilities_20261006T160916Z.json,2024,14.15,eia_residential_electricity_price_2024_by_state.csv,state,0,,,0,no_listed_facilities,WRI Aqueduct 4.0 baseline_annual
20113,2024,KS,McPherson County,2352.0,8.3,78212.0,0,peeringdb_us_facilities_20261006T160916Z.json,2024,14.15,eia_residential_electricity_price_2024_by_state.csv,state,0,,,0,no_listed_facilities,WRI Aqueduct 4.0 baseline_annual
20115,2024,KS,Marion County,1029.0,9.3,69222.0,0,peeringdb_us_facilities_20261006T160916Z.json,2024,14.15,eia_residential_electricity_price_2024_by_state.csv,state,0,,,0,no_listed_facilities,WRI Aqueduct 4.0 baseline_annual
20117,2024,KS,Marshall County,1146.0,11.7,64743.0,0,peeringdb_us_facilities_20261006T160916Z.json,2024,14.15,eia_residential_electricity_price_2024_by_state.csv,state,0,,,0,no_listed_facilities,WRI Aqueduct 4.0 baseline_annual
20119,2024,KS,Meade County,406.0,10.6,75285.0,0,peeringdb_us_facilities_20261006T160916Z.json,2024,14.15,eia_residential_electricity_price_2024_by_state.csv,state,0,,,0,no_listed_facilities,WRI Aqueduct 4.0 baseline_annual
20121,2024,KS,Miami County,2521.0,7.2,92421.0,0,peeringdb_us_facilities_20261006T160916Z.json,2024,14.15,eia_residential_electricity_price_2024_by_state.csv,state,0,,,0,no_listed_facilities,WRI Aqueduct 4.0 baseline_annual
20123,2024,KS,Mitchell County,547.0,9.6,68954.0,1,peeringdb_us_facilities_20261006T160916Z.json,2024,14.15,eia_residential_electricity_price_2024_by_state.csv,state,1,5.0,100.0,0,complete_coverage,WRI Aqueduct 4.0 baseline_annual
20125,2024,KS,Montgomery County,4331.0,14.6,57413.0,0,peeringdb_us_facilities_20261006T160916Z.json,2024,14.15,eia_residential_electricity_price_2024_by_state.csv,state,0,,,0,no_listed_facilities,WRI Aqueduct 4.0 baseline_annual
20127,2024,KS,Morris County,544.0,10.5,66251.0,0,peeringdb_us_facilities_20261006T160916Z.json,2024,14.15,eia_residential_electricity_price_2024_by_state.csv,state,0,,,0,no_listed_facilities,WRI Aqueduct 4.0 baseline_annual
20129,2024,KS,Morton County,296.0,12.2,68340.0,0,peeringdb_us_facilities_20261006T160916Z.json,2024,14.15,eia_residential_electricity_price_2024_by_state.csv,state,0,,,0,no_listed_facilities,WRI Aqueduct 4.0 baseline_annual
20131,2024,KS,Nemaha County,842.0,8.6,77752.0,0,peeringdb_us_facilities_20261006T160916Z.json,2024,14.15,eia_residential_electricity_price_2024_by_state.csv,state,0,,,0,no_listed_facilities,WRI Aqueduct 4.0 baseline_annual
20133,2024,KS,Neosho County,2004.0,13.3,61538.0,0,peeringdb_us_facilities_20261006T160916Z.json,2024,14.15,eia_residential_electricity_price_2024_by_state.csv,state,0,,,0,no_listed_facilities,WRI Aqueduct 4.0 baseline_annual
20135,2024,KS,Ness County,285.0,11.3,69131.0,0,peeringdb_us_facilities_20261006T160916Z.json,2024,14.15,eia_residential_electricity_price_2024_by_state.csv,state,0,,,0,no_listed_facilities,WRI Aqueduct 4.0 baseline_annual
20137,2024,KS,Norton County,552.0,12.6,61962.0,0,peeringdb_us_facilities_20261006T160916Z.json,2024,14.15,eia_residential_electricity_price_2024_by_state.csv,state,0,,,0,no_listed_facilities,WRI Aqueduct 4.0 baseline_annual
20139,2024,KS,Osage County,1659.0,10.7,73436.0,0,peeringdb_us_facilities_20261006T160916Z.json,2024,14.15,eia_residential_electricity_price_2024_by_state.csv,state,0,,,0,no_listed_facilities,WRI Aqueduct 4.0 baseline_annual
20141,2024,KS,Osborne County,367.0,11.3,60993.0,0,peeringdb_us_facilities_20261006T160916Z.json,2024,14.15,eia_residential_electricity_price_2024_by_state.csv,state,0,,,0,no_listed_facilities,WRI Aqueduct 4.0 baseline_annual
20143,2024,KS,Ottawa County,508.0,8.9,67597.0,0,peeringdb_us_facilities_20261006T160916Z.json,2024,14.15,eia_residential_electricity_price_2024_by_state.csv,state,0,,,0,no_listed_facilities,WRI Aqueduct 4.0 baseline_annual
20145,2024,KS,Pawnee County,713.0,13.6,69238.0,0,peeringdb_us_facilities_20261006T160916Z.json,2024,14.15,eia_residential_electricity_price_2024_by_state.csv,state,0,,,0,no_listed_facilities,WRI Aqueduct 4.0 baseline_annual
20147,2024,KS,Phillips County,546.0,11.7,65906.0,0,peeringdb_us_facilities_20261006T160916Z.json,2024,14.15,eia_residential_electricity_price_2024_by_state.csv,state,0,,,0,no_listed_facilities,WRI Aqueduct 4.0 baseline_annual
20149,2024,KS,Pottawatomie County,1795.0,6.8,97918.0,0,peeringdb_us_facilities_20261006T160916Z.json,2024,14.15,eia_residential_electricity_price_2024_by_state.csv,state,0,,,0,no_listed_facilities,WRI Aqueduct 4.0 baseline_annual
20151,2024,KS,Pratt County,1141.0,13.2,66650.0,0,peeringdb_us_facilities_20261006T160916Z.json,2024,14.15,eia_residential_electricity_price_2024_by_state.csv,state,0,,,0,no_listed_facilities,WRI Aqueduct 4.0 baseline_annual
20153,2024,KS,Rawlins County,258.0,10.8,63247.0,0,peeringdb_us_facilities_20261006T160916Z.json,2024,14.15,eia_residential_electricity_price_2024_by_state.csv,state,0,,,0,no_listed_facilities,WRI Aqueduct 4.0 baseline_annual
20155,2024,KS,Reno County,6982.0,11.9,61984.0,0,peeringdb_us_facilities_20261006T160916Z.json,2024,14.15,eia_residential_electricity_price_2024_by_state.csv,state,0,,,0,no_listed_facilities,WRI Aqueduct 4.0 baseline_annual
20157,2024,KS,Republic County,486.0,10.7,61551.0,0,peeringdb_us_facilities_20261006T160916Z.json,2024,14.15,eia_residential_electricity_price_2024_by_state.csv,state,0,,,0,no_listed_facilities,WRI Aqueduct 4.0 baseline_annual
20159,2024,KS,Rice County,968.0,11.0,64028.0,0,peeringdb_us_facilities_20261006T160916Z.json,2024,14.15,eia_residential_electricity_price_2024_by_state.csv,state,0,,,0,no_listed_facilities,WRI Aqueduct 4.0 baseline_annual
20161,2024,KS,Riley County,11162.0,18.1,64086.0,0,peeringdb_us_facilities_20261006T160916Z.json,2024,14.15,eia_residential_electricity_price_2024_by_state.csv,state,0,,,0,no_listed_facilities,WRI Aqueduct 4.0 baseline_annual
20163,2024,KS,Rooks County,514.0,11.3,61484.0,0,peeringdb_us_facilities_20261006T160916Z.json,2024,14.15,eia_residential_electricity_price_2024_by_state.csv,state,0,,,0,no_listed_facilities,WRI Aqueduct 4.0 baseline_annual
20165,2024,KS,Rush County,329.0,12.0,63851.0,0,peeringdb_us_facilities_20261006T160916Z.json,2024,14.15,eia_residential_electricity_price_2024_by_state.csv,state,0,,,0,no_listed_facilities,WRI Aqueduct 4.0 baseline_annual
20167,2024,KS,Russell County,827.0,12.7,63325.0,0,peeringdb_us_facilities_20261006T160916Z.json,2024,14.15,eia_residential_electricity_price_2024_by_state.csv,state,0,,,0,no_listed_facilities,WRI Aqueduct 4.0 baseline_annual
20169,2024,KS,Saline County,5267.0,10.2,69558.0,0,peeringdb_us_facilities_20261006T160916Z.json,2024,14.15,eia_residential_electricity_price_2024_by_state.csv,state,0,,,0,no_listed_facilities,WRI Aqueduct 4.0 baseline_annual
20171,2024,KS,Scott County,344.0,7.1,76974.0,0,peeringdb_us_facilities_20261006T160916Z.json,2024,14.15,eia_residential_electricity_price_2024_by_state.csv,state,0,,,0,no_listed_facilities,WRI Aqueduct 4.0 baseline_annual
20173,2024,KS,Sedgwick County,66138.0,12.5,71044.0,0,peeringdb_us_facilities_20261006T160916Z.json,2024,14.15,eia_residential_electricity_price_2024_by_state.csv,state,0,,,0,no_listed_facilities,WRI Aqueduct 4.0 baseline_annual
20175,2024,KS,Seward County,2729.0,13.1,69448.0,0,peeringdb_us_facilities_20261006T160916Z.json,2024,14.15,eia_residential_electricity_price_2024_by_state.csv,state,0,,,0,no_listed_facilities,WRI Aqueduct 4.0 baseline_annual
20177,2024,KS,Shawnee County,20903.0,12.0,71876.0,0,peeringdb_us_facilities_20261006T160916Z.json,2024,14.15,eia_residential_electricity_price_2024_by_state.csv,state,0,,,0,no_listed_facilities,WRI Aqueduct 4.0 baseline_annual
20179,2024,KS,Sheridan County,225.0,9.5,70812.0,0,peeringdb_us_facilities_20261006T160916Z.json,2024,14.15,eia_residential_electricity_price_2024_by_state.csv,state,0,,,0,no_listed_facilities,WRI Aqueduct 4.0 baseline_annual
20181,2024,KS,Sherman County,690.0,12.4,62139.0,0,peeringdb_us_facilities_20261006T160916Z.json,2024,14.15,eia_residential_electricity_price_2024_by_state.csv,state,0,,,0,no_listed_facilities,WRI Aqueduct 4.0 baseline_annual
20183,2024,KS,Smith County,365.0,10.5,62292.0,0,peeringdb_us_facilities_20261006T160916Z.json,2024,14.15,eia_residential_electricity_price_2024_by_state.csv,state,0,,,0,no_listed_facilities,WRI Aqueduct 4.0 baseline_annual
20185,2024,KS,Stafford County,441.0,11.6,61487.0,0,peeringdb_us_facilities_20261006T160916Z.json,2024,14.15,eia_residential_electricity_price_2024_by_state.csv,state,0,,,0,no_listed_facilities,WRI Aqueduct 4.0 baseline_annual
20187,2024,KS,Stanton County,227.0,11.1,78809.0,0,peeringdb_us_facilities_20261006T160916Z.json,2024,14.15,eia_residential_electricity_price_2024_by_state.csv,state,0,,,0,no_listed_facilities,WRI Aqueduct 4.0 baseline_annual
20189,2024,KS,Stevens County,439.0,8.9,73962.0,0,peeringdb_us_facilities_20261006T160916Z.json,2024,14.15,eia_residential_electricity_price_2024_by_state.csv,state,0,,,0,no_listed_facilities,WRI Aqueduct 4.0 baseline_annual
20191,2024,KS,Sumner County,2358.0,10.7,73082.0,0,peeringdb_us_facilities_20261006T160916Z.json,2024,14.15,eia_residential_electricity_price_2024_by_state.csv,state,0,,,0,no_listed_facilities,WRI Aqueduct 4.0 baseline_annual
20193,2024,KS,Thomas County,719.0,9.7,69212.0,0,peeringdb_us_facilities_20261006T160916Z.json,2024,14.15,eia_residential_electricity_price_2024_by_state.csv,state,0,,,0,no_listed_facilities,WRI Aqueduct 4.0 baseline_annual
20195,2024,KS,Trego County,283.0,10.4,65283.0,0,peeringdb_us_facilities_20261006T160916Z.json,2024,14.15,eia_residential_electricity_price_2024_by_state.csv,state,0,,,0,no_listed_facilities,WRI Aqueduct 4.0 baseline_annual
20197,2024,KS,Wabaunsee County,579.0,8.4,86097.0,0,peeringdb_us_facilities_20261006T160916Z.json,2024,14.15,eia_residential_electricity_price_2024_by_state.csv,state,0,,,0,no_listed_facilities,WRI Aqueduct 4.0 baseline_annual
20199,2024,KS,Wallace County,177.0,12.2,68507.0,0,peeringdb_us_facilities_20261006T160916Z.json,2024,14.15,eia_residential_electricity_price_2024_by_state.csv,state,0,,,0,no_listed_facilities,WRI Aqueduct 4.0 baseline_annual
20201,2024,KS,Washington County,606.0,11.1,65963.0,0,peeringdb_us_facilities_20261006T160916Z.json,2024,14.15,eia_residential_electricity_price_2024_by_state.csv,state,0,,,0,no_listed_facilities,WRI Aqueduct 4.0 baseline_annual
20203,2024,KS,Wichita County,222.0,10.9,67318.0,0,peeringdb_us_facilities_20261006T160916Z.json,2024,14.15,eia_residential_electricity_price_2024_by_state.csv,state,0,,,0,no_listed_facilities,WRI Aqueduct 4.0 baseline_annual
20205,2024,KS,Wilson County,1057.0,12.8,58848.0,0,peeringdb_us_facilities_20261006T160916Z.json,2024,14.15,eia_residential_electricity_price_2024_by_state.csv,state,0,,,0,no_listed_facilities,WRI Aqueduct 4.0 baseline_annual
20207,2024,KS,Woodson County,395.0,12.9,58280.0,0,peeringdb_us_facilities_20261006T160916Z.json,2024,14.15,eia_residential_electricity_price_2024_by_state.csv,state,0,,,0,no_listed_facilities,WRI Aqueduct 4.0 baseline_annual
20209,2024,KS,Wyandotte County,24994.0,15.0,64054.0,0,peeringdb_us_facilities_20261006T160916Z.json,2024,14.15,eia_residential_electricity_price_2024_by_state.csv,state,0,,,0,no_listed_facilities,WRI Aqueduct 4.0 baseline_annual
21001,2024,KY,Adair County,3862.0,21.2,50581.0,0,peeringdb_us_facilities_20261006T160916Z.json,2024,12.79,eia_residential_electricity_price_2024_by_state.csv,state,0,,,0,no_listed_facilities,WRI Aqueduct 4.0 baseline_annual
21003,2024,KY,Allen County,3123.0,14.3,64655.0,0,peeringdb_us_facilities_20261006T160916Z.json,2024,12.79,eia_residential_electricity_price_2024_by_state.csv,state,0,,,0,no_listed_facilities,WRI Aqueduct 4.0 baseline_annual
21005,2024,KY,Anderson County,2347.0,9.5,76395.0,0,peeringdb_us_facilities_20261006T160916Z.json,2024,12.79,eia_residential_electricity_price_2024_by_state.csv,state,0,,,0,no_listed_facilities,WRI Aqueduct 4.0 baseline_annual
21007,2024,KY,Ballard County,1192.0,15.9,61431.0,0,peeringdb_us_facilities_20261006T160916Z.json,2024,12.79,eia_residential_electricity_price_2024_by_state.csv,state,0,,,0,no_listed_facilities,WRI Aqueduct 4.0 baseline_annual
21009,2024,KY,Barren County,7040.0,15.7,58256.0,0,peeringdb_us_facilities_20261006T160916Z.json,2024,12.79,eia_residential_electricity_price_2024_by_state.csv,state,0,,,0,no_listed_facilities,WRI Aqueduct 4.0 baseline_annual
21011,2024,KY,Bath County,2886.0,22.6,53078.0,0,peeringdb_us_facilities_20261006T160916Z.json,2024,12.79,eia_residential_electricity_price_2024_by_state.csv,state,0,,,0,no_listed_facilities,WRI Aqueduct 4.0 baseline_annual
21013,2024,KY,Bell County,7116.0,31.8,39209.0,0,peeringdb_us_facilities_20261006T160916Z.json,2024,12.79,eia_residential_electricity_price_2024_by_state.csv,state,0,,,0,no_listed_facilities,WRI Aqueduct 4.0 baseline_annual
21015,2024,KY,Boone County,10729.0,7.5,103122.0,1,peeringdb_us_facilities_20261006T160916Z.json,2024,12.79,eia_residential_electricity_price_2024_by_state.csv,state,1,0.0,100.0,0,complete_coverage,WRI Aqueduct 4.0 baseline_annual
21017,2024,KY,Bourbon County,2810.0,13.9,66264.0,0,peeringdb_us_facilities_20261006T160916Z.json,2024,12.79,eia_residential_electricity_price_2024_by_state.csv,state,0,,,0,no_listed_facilities,WRI Aqueduct 4.0 baseline_annual
21019,2024,KY,Boyd County,8188.0,18.0,61094.0,0,peeringdb_us_facilities_20261006T160916Z.json,2024,12.79,eia_residential_electricity_price_2024_by_state.csv,state,0,,,0,no_listed_facilities,WRI Aqueduct 4.0 baseline_annual
21021,2024,KY,Boyle County,4207.0,14.8,63052.0,0,peeringdb_us_facilities_20261006T160916Z.json,2024,12.79,eia_residential_electricity_price_2024_by_state.csv,state,0,,,0,no_listed_facilities,WRI Aqueduct 4.0 baseline_annual
21023,2024,KY,Bracken County,1161.0,13.8,66635.0,0,peeringdb_us_facilities_20261006T160916Z.json,2024,12.79,eia_residential_electricity_price_2024_by_state.csv,state,0,,,0,no_listed_facilities,WRI Aqueduct 4.0 baseline_annual
21025,2024,KY,Breathitt County,4453.0,35.5,41866.0,0,peeringdb_us_facilities_20261006T160916Z.json,2024,12.79,eia_residential_electricity_price_2024_by_state.csv,state,0,,,0,no_listed_facilities,WRI Aqueduct 4.0 baseline_annual
21027,2024,KY,Breckinridge County,3811.0,18.3,58822.0,0,peeringdb_us_facilities_20261006T160916Z.json,2024,12.79,eia_residential_electricity_price_2024_by_state.csv,state,0,,,0,no_listed_facilities,WRI Aqueduct 4.0 baseline_annual
21029,2024,KY,Bullitt County,7242.0,8.5,85779.0,0,peeringdb_us_facilities_20261006T160916Z.json,2024,12.79,eia_residential_electricity_price_2024_by_state.csv,state,0,,,0,no_listed_facilities,WRI Aqueduct 4.0 baseline_annual
21031,2024,KY,Butler County,2141.0,17.4,60561.0,0,peeringdb_us_facilities_20261006T160916Z.json,2024,12.79,eia_residential_electricity_price_2024_by_state.csv,state,0,,,0,no_listed_facilities,WRI Aqueduct 4.0 baseline_annual
21033,2024,KY,Caldwell County,1975.0,16.0,51984.0,0,peeringdb_us_facilities_20261006T160916Z.json,2024,12.79,eia_residential_electricity_price_2024_by_state.csv,state,0,,,0,no_listed_facilities,WRI Aqueduct 4.0 baseline_annual
21035,2024,KY,Calloway County,5596.0,15.9,56410.0,0,peeringdb_us_facilities_20261006T160916Z.json,2024,12.79,eia_residential_electricity_price_2024_by_state.csv,state,0,,,0,no_listed_facilities,WRI Aqueduct 4.0 baseline_annual
21037,2024,KY,Campbell County,10330.0,11.3,76744.0,0,peeringdb_us_facilities_20261006T160916Z.json,2024,12.79,eia_residential_electricity_price_2024_by_state.csv,state,0,,,0,no_listed_facilities,WRI Aqueduct 4.0 baseline_annual
21039,2024,KY,Carlisle County,654.0,13.9,61317.0,0,peeringdb_us_facilities_20261006T160916Z.json,2024,12.79,eia_residential_electricity_price_2024_by_state.csv,state,0,,,0,no_listed_facilities,WRI Aqueduct 4.0 baseline_annual
21041,2024,KY,Carroll County,1873.0,17.3,65791.0,0,peeringdb_us_facilities_20261006T160916Z.json,2024,12.79,eia_residential_electricity_price_2024_by_state.csv,state,0,,,0,no_listed_facilities,WRI Aqueduct 4.0 baseline_annual
21043,2024,KY,Carter County,4820.0,18.9,53796.0,0,peeringdb_us_facilities_20261006T160916Z.json,2024,12.79,eia_residential_electricity_price_2024_by_state.csv,state,0,,,0,no_listed_facilities,WRI Aqueduct 4.0 baseline_annual
21045,2024,KY,Casey County,2920.0,18.8,48938.0,0,peeringdb_us_facilities_20261006T160916Z.json,2024,12.79,eia_residential_electricity_price_2024_by_state.csv,state,0,,,0,no_listed_facilities,WRI Aqueduct 4.0 baseline_annual
21047,2024,KY,Christian County,11517.0,17.3,56457.0,1,peeringdb_us_facilities_20261006T160916Z.json,2024,12.79,eia_residential_electricity_price_2024_by_state.csv,state,1,0.0,100.0,0,complete_coverage,WRI Aqueduct 4.0 baseline_annual
21049,2024,KY,Clark County,5230.0,14.1,63815.0,0,peeringdb_us_facilities_20261006T160916Z.json,2024,12.79,eia_residential_electricity_price_2024_by_state.csv,state,0,,,0,no_listed_facilities,WRI Aqueduct 4.0 baseline_annual
21051,2024,KY,Clay County,6023.0,33.6,39016.0,0,peeringdb_us_facilities_20261006T160916Z.json,2024,12.79,eia_residential_electricity_price_2024_by_state.csv,state,0,,,0,no_listed_facilities,WRI Aqueduct 4.0 baseline_annual
21053,2024,KY,Clinton County,1934.0,21.4,42798.0,0,peeringdb_us_facilities_20261006T160916Z.json,2024,12.79,eia_residential_electricity_price_2024_by_state.csv,state,0,,,0,no_listed_facilities,WRI Aqueduct 4.0 baseline_annual
21055,2024,KY,Crittenden County,1525.0,17.5,57359.0,0,peeringdb_us_facilities_20261006T160916Z.json,2024,12.79,eia_residential_electricity_price_2024_by_state.csv,state,0,,,0,no_listed_facilities,WRI Aqueduct 4.0 baseline_annual
21057,2024,KY,Cumberland County,1179.0,19.8,47274.0,0,peeringdb_us_facilities_20261006T160916Z.json,2024,12.79,eia_residential_electricity_price_2024_by_state.csv,state,0,,,0,no_listed_facilities,WRI Aqueduct 4.0 baseline_annual
21059,2024,KY,Daviess County,14446.0,14.2,68015.0,0,peeringdb_us_facilities_20261006T160916Z.json,2024,12.79,eia_residential_electricity_price_2024_by_state.csv,state,0,,,0,no_listed_facilities,WRI Aqueduct 4.0 baseline_annual
21061,2024,KY,Edmonson County,1864.0,14.9,57647.0,0,peeringdb_us_facilities_20261006T160916Z.json,2024,12.79,eia_residential_electricity_price_2024_by_state.csv,state,0,,,0,no_listed_facilities,WRI Aqueduct 4.0 baseline_annual
21063,2024,KY,Elliott County,1726.0,28.3,46905.0,0,peeringdb_us_facilities_20261006T160916Z.json,2024,12.79,eia_residential_electricity_price_2024_by_state.csv,state,0,,,0,no_listed_facilities,WRI Aqueduct 4.0 baseline_annual
21065,2024,KY,Estill County,2910.0,21.0,48992.0,0,peeringdb_us_facilities_20261006T160916Z.json,2024,12.79,eia_residential_electricity_price_2024_by_state.csv,state,0,,,0,no_listed_facilities,WRI Aqueduct 4.0 baseline_annual
21067,2024,KY,Fayette County,40392.0,12.7,71046.0,1,peeringdb_us_facilities_20261006T160916Z.json,2024,12.79,eia_residential_electricity_price_2024_by_state.csv,state,1,2.503726932082936,100.0,0,complete_coverage,WRI Aqueduct 4.0 baseline_annual
21069,2024,KY,Fleming County,2553.0,16.5,56093.0,0,peeringdb_us_facilities_20261006T160916Z.json,2024,12.79,eia_residential_electricity_price_2024_by_state.csv,state,0,,,0,no_listed_facilities,WRI Aqueduct 4.0 baseline_annual
21071,2024,KY,Floyd County,9319.0,27.7,44735.0,1,peeringdb_us_facilities_20261006T160916Z.json,2024,12.79,eia_residential_electricity_price_2024_by_state.csv,state,1,2.8543134483068524,100.0,0,complete_coverage,WRI Aqueduct 4.0 baseline_annual
21073,2024,KY,Franklin County,6248.0,12.3,63103.0,0,peeringdb_us_facilities_20261006T160916Z.json,2024,12.79,eia_residential_electricity_price_2024_by_state.csv,state,0,,,0,no_listed_facilities,WRI Aqueduct 4.0 baseline_annual
21075,2024,KY,Fulton County,1364.0,23.9,44503.0,0,peeringdb_us_facilities_20261006T160916Z.json,2024,12.79,eia_residential_electricity_price_2024_by_state.csv,state,0,,,0,no_listed_facilities,WRI Aqueduct 4.0 baseline_annual
21077,2024,KY,Gallatin County,1091.0,12.6,67617.0,0,peeringdb_us_facilities_20261006T160916Z.json,2024,12.79,eia_residential_electricity_price_2024_by_state.csv,state,0,,,0,no_listed_facilities,WRI Aqueduct 4.0 baseline_annual
21079,2024,KY,Garrard County,2555.0,14.3,64539.0,0,peeringdb_us_facilities_20261006T160916Z.json,2024,12.79,eia_residential_electricity_price_2024_by_state.csv,state,0,,,0,no_listed_facilities,WRI Aqueduct 4.0 baseline_annual
21081,2024,KY,Grant County,3395.0,13.5,67881.0,0,peeringdb_us_facilities_20261006T160916Z.json,2024,12.79,eia_residential_electricity_price_2024_by_state.csv,state,0,,,0,no_listed_facilities,WRI Aqueduct 4.0 baseline_annual
21083,2024,KY,Graves County,6018.0,16.6,56968.0,0,peeringdb_us_facilities_20261006T160916Z.json,2024,12.79,eia_residential_electricity_price_2024_by_state.csv,state,0,,,0,no_listed_facilities,WRI Aqueduct 4.0 baseline_annual
21085,2024,KY,Grayson County,5873.0,22.4,53988.0,0,peeringdb_us_facilities_20261006T160916Z.json,2024,12.79,eia_residential_electricity_price_2024_by_state.csv,state,0,,,0,no_listed_facilities,WRI Aqueduct 4.0 baseline_annual
21087,2024,KY,Green County,2042.0,17.9,52542.0,0,peeringdb_us_facilities_20261006T160916Z.json,2024,12.79,eia_residential_electricity_price_2024_by_state.csv,state,0,,,0,no_listed_facilities,WRI Aqueduct 4.0 baseline_annual
21089,2024,KY,Greenup County,5781.0,16.7,61352.0,0,peeringdb_us_facilities_20261006T160916Z.json,2024,12.79,eia_residential_electricity_price_2024_by_state.csv,state,0,,,0,no_listed_facilities,WRI Aqueduct 4.0 baseline_annual
21091,2024,KY,Hancock County,1114.0,12.5,76970.0,0,peeringdb_us_facilities_20261006T160916Z.json,2024,12.79,eia_residential_electricity_price_2024_by_state.csv,state,0,,,0,no_listed_facilities,WRI Aqueduct 4.0 baseline_annual
21093,2024,KY,Hardin County,13965.0,12.7,70505.0,0,peeringdb_us_facilities_20261006T160916Z.json,2024,12.79,eia_residential_electricity_price_2024_by_state.csv,state,0,,,0,no_listed_facilities,WRI Aqueduct 4.0 baseline_annual
21095,2024,KY,Harlan County,7237.0,29.4,41808.0,0,peeringdb_us_facilities_20261006T160916Z.json,2024,12.79,eia_residential_electricity_price_2024_by_state.csv,state,0,,,0,no_listed_facilities,WRI Aqueduct 4.0 baseline_annual
21097,2024,KY,Harrison County,2964.0,15.5,67409.0,0,peeringdb_us_facilities_20261006T160916Z.json,2024,12.79,eia_residential_electricity_price_2024_by_state.csv,state,0,,,0,no_listed_facilities,WRI Aqueduct 4.0 baseline_annual
21099,2024,KY,Hart County,3535.0,18.0,55611.0,0,peeringdb_us_facilities_20261006T160916Z.json,2024,12.79,eia_residential_electricity_price_2024_by_state.csv,state,0,,,0,no_listed_facilities,WRI Aqueduct 4.0 baseline_annual
21101,2024,KY,Henderson County,6780.0,15.7,62182.0,0,peeringdb_us_facilities_20261006T160916Z.json,2024,12.79,eia_residential_electricity_price_2024_by_state.csv,state,0,,,0,no_listed_facilities,WRI Aqueduct 4.0 baseline_annual
21103,2024,KY,Henry County,2421.0,15.1,67994.0,0,peeringdb_us_facilities_20261006T160916Z.json,2024,12.79,eia_residential_electricity_price_2024_by_state.csv,state,0,,,0,no_listed_facilities,WRI Aqueduct 4.0 baseline_annual
21105,2024,KY,Hickman County,804.0,18.9,57997.0,0,peeringdb_us_facilities_20261006T160916Z.json,2024,12.79,eia_residential_electricity_price_2024_by_state.csv,state,0,,,0,no_listed_facilities,WRI Aqueduct 4.0 baseline_annual
21107,2024,KY,Hopkins County,8493.0,19.3,57348.0,0,peeringdb_us_facilities_20261006T160916Z.json,2024,12.79,eia_residential_electricity_price_2024_by_state.csv,state,0,,,0,no_listed_facilities,WRI Aqueduct 4.0 baseline_annual
21109,2024,KY,Jackson County,2906.0,22.0,49388.0,0,peeringdb_us_facilities_20261006T160916Z.json,2024,12.79,eia_residential_electricity_price_2024_by_state.csv,state,0,,,0,no_listed_facilities,WRI Aqueduct 4.0 baseline_annual
21111,2024,KY,Jefferson County,113730.0,14.6,70659.0,4,peeringdb_us_facilities_20261006T160916Z.json,2024,12.79,eia_residential_electricity_price_2024_by_state.csv,state,4,0.0,100.0,0,complete_coverage,WRI Aqueduct 4.0 baseline_annual
21113,2024,KY,Jessamine County,6888.0,12.6,71861.0,0,peeringdb_us_facilities_20261006T160916Z.json,2024,12.79,eia_residential_electricity_price_2024_by_state.csv,state,0,,,0,no_listed_facilities,WRI Aqueduct 4.0 baseline_annual
21115,2024,KY,Johnson County,4539.0,20.9,49122.0,0,peeringdb_us_facilities_20261006T160916Z.json,2024,12.79,eia_residential_electricity_price_2024_by_state.csv,state,0,,,0,no_listed_facilities,WRI Aqueduct 4.0 baseline_annual
21117,2024,KY,Kenton County,16999.0,9.8,82787.0,0,peeringdb_us_facilities_20261006T160916Z.json,2024,12.79,eia_residential_electricity_price_2024_by_state.csv,state,0,,,0,no_listed_facilities,WRI Aqueduct 4.0 baseline_annual
21119,2024,KY,Knott County,3312.0,25.9,44407.0,0,peeringdb_us_facilities_20261006T160916Z.json,2024,12.79,eia_residential_electricity_price_2024_by_state.csv,state,0,,,0,no_listed_facilities,WRI Aqueduct 4.0 baseline_annual
21121,2024,KY,Knox County,8842.0,30.7,40065.0,0,peeringdb_us_facilities_20261006T160916Z.json,2024,12.79,eia_residential_electricity_price_2024_by_state.csv,state,0,,,0,no_listed_facilities,WRI Aqueduct 4.0 baseline_annual
21123,2024,KY,Larue County,2104.0,14.1,63320.0,0,peeringdb_us_facilities_20261006T160916Z.json,2024,12.79,eia_residential_electricity_price_2024_by_state.csv,state,0,,,0,no_listed_facilities,WRI Aqueduct 4.0 baseline_annual
21125,2024,KY,Laurel County,11067.0,17.8,54404.0,0,peeringdb_us_facilities_20261006T160916Z.json,2024,12.79,eia_residential_electricity_price_2024_by_state.csv,state,0,,,0,no_listed_facilities,WRI Aqueduct 4.0 baseline_annual
21127,2024,KY,Lawrence County,3664.0,23.4,41782.0,0,peeringdb_us_facilities_20261006T160916Z.json,2024,12.79,eia_residential_electricity_price_2024_by_state.csv,state,0,,,0,no_listed_facilities,WRI Aqueduct 4.0 baseline_annual
21129,2024,KY,Lee County,1825.0,29.6,41150.0,0,peeringdb_us_facilities_20261006T160916Z.json,2024,12.79,eia_residential_electricity_price_2024_by_state.csv,state,0,,,0,no_listed_facilities,WRI Aqueduct 4.0 baseline_annual
21131,2024,KY,Leslie County,2924.0,31.2,40363.0,0,peeringdb_us_facilities_20261006T160916Z.json,2024,12.79,eia_residential_electricity_price_2024_by_state.csv,state,0,,,0,no_listed_facilities,WRI Aqueduct 4.0 baseline_annual
21133,2024,KY,Letcher County,5028.0,25.3,44339.0,0,peeringdb_us_facilities_20261006T160916Z.json,2024,12.79,eia_residential_electricity_price_2024_by_state.csv,state,0,,,0,no_listed_facilities,WRI Aqueduct 4.0 baseline_annual
21135,2024,KY,Lewis County,2811.0,22.2,47414.0,0,peeringdb_us_facilities_20261006T160916Z.json,2024,12.79,eia_residential_electricity_price_2024_by_state.csv,state,0,,,0,no_listed_facilities,WRI Aqueduct 4.0 baseline_annual
21137,2024,KY,Lincoln County,4255.0,17.3,54345.0,0,peeringdb_us_facilities_20261006T160916Z.json,2024,12.79,eia_residential_electricity_price_2024_by_state.csv,state,0,,,0,no_listed_facilities,WRI Aqueduct 4.0 baseline_annual
21139,2024,KY,Livingston County,1131.0,13.0,61242.0,0,peeringdb_us_facilities_20261006T160916Z.json,2024,12.79,eia_residential_electricity_price_2024_by_state.csv,state,0,,,0,no_listed_facilities,WRI Aqueduct 4.0 baseline_annual
21141,2024,KY,Logan County,4952.0,17.7,60406.0,1,peeringdb_us_facilities_20261006T160916Z.json,2024,12.79,eia_residential_electricity_price_2024_by_state.csv,state,1,2.081361533188705,100.0,0,complete_coverage,WRI Aqueduct 4.0 baseline_annual
21143,2024,KY,Lyon County,1147.0,15.3,67019.0,0,peeringdb_us_facilities_20261006T160916Z.json,2024,12.79,eia_residential_electricity_price_2024_by_state.csv,state,0,,,0,no_listed_facilities,WRI Aqueduct 4.0 baseline_annual
21145,2024,KY,McCracken County,9245.0,13.9,64076.0,1,peeringdb_us_facilities_20261006T160916Z.json,2024,12.79,eia_residential_electricity_price_2024_by_state.csv,state,1,0.0,100.0,0,complete_coverage,WRI Aqueduct 4.0 baseline_annual
21147,2024,KY,McCreary County,5512.0,36.4,40509.0,0,peeringdb_us_facilities_20261006T160916Z.json,2024,12.79,eia_residential_electricity_price_2024_by_state.csv,state,0,,,0,no_listed_facilities,WRI Aqueduct 4.0 baseline_annual
21149,2024,KY,McLean County,1430.0,15.8,60175.0,0,peeringdb_us_facilities_20261006T160916Z.json,2024,12.79,eia_residential_electricity_price_2024_by_state.csv,state,0,,,0,no_listed_facilities,WRI Aqueduct 4.0 baseline_annual
21151,2024,KY,Madison County,15336.0,16.4,64536.0,0,peeringdb_us_facilities_20261006T160916Z.json,2024,12.79,eia_residential_electricity_price_2024_by_state.csv,state,0,,,0,no_listed_facilities,WRI Aqueduct 4.0 baseline_annual
21153,2024,KY,Magoffin County,3306.0,30.1,43039.0,0,peeringdb_us_facilities_20261006T160916Z.json,2024,12.79,eia_residential_electricity_price_2024_by_state.csv,state,0,,,0,no_listed_facilities,WRI Aqueduct 4.0 baseline_annual
21155,2024,KY,Marion County,3179.0,16.4,62645.0,0,peeringdb_us_facilities_20261006T160916Z.json,2024,12.79,eia_residential_electricity_price_2024_by_state.csv,state,0,,,0,no_listed_facilities,WRI Aqueduct 4.0 baseline_annual
21157,2024,KY,Marshall County,3336.0,10.7,70547.0,0,peeringdb_us_facilities_20261006T160916Z.json,2024,12.79,eia_residential_electricity_price_2024_by_state.csv,state,0,,,0,no_listed_facilities,WRI Aqueduct 4.0 baseline_annual
21159,2024,KY,Martin County,3137.0,33.8,38950.0,0,peeringdb_us_facilities_20261006T160916Z.json,2024,12.79,eia_residential_electricity_price_2024_by_state.csv,state,0,,,0,no_listed_facilities,WRI Aqueduct 4.0 baseline_annual
21161,2024,KY,Mason County,2529.0,15.2,59252.0,0,peeringdb_us_facilities_20261006T160916Z.json,2024,12.79,eia_residential_electricity_price_2024_by_state.csv,state,0,,,0,no_listed_facilities,WRI Aqueduct 4.0 baseline_annual
21163,2024,KY,Meade County,2964.0,9.8,76163.0,0,peeringdb_us_facilities_20261006T160916Z.json,2024,12.79,eia_residential_electricity_price_2024_by_state.csv,state,0,,,0,no_listed_facilities,WRI Aqueduct 4.0 baseline_annual
21165,2024,KY,Menifee County,1480.0,23.6,47808.0,0,peeringdb_us_facilities_20261006T160916Z.json,2024,12.79,eia_residential_electricity_price_2024_by_state.csv,state,0,,,0,no_listed_facilities,WRI Aqueduct 4.0 baseline_annual
21167,2024,KY,Mercer County,2818.0,12.2,67889.0,0,peeringdb_us_facilities_20261006T160916Z.json,2024,12.79,eia_residential_electricity_price_2024_by_state.csv,state,0,,,0,no_listed_facilities,WRI Aqueduct 4.0 baseline_annual
21169,2024,KY,Metcalfe County,2178.0,20.9,51715.0,0,peeringdb_us_facilities_20261006T160916Z.json,2024,12.79,eia_residential_electricity_price_2024_by_state.csv,state,0,,,0,no_listed_facilities,WRI Aqueduct 4.0 baseline_annual
21171,2024,KY,Monroe County,2202.0,20.0,48686.0,0,peeringdb_us_facilities_20261006T160916Z.json,2024,12.79,eia_residential_electricity_price_2024_by_state.csv,state,0,,,0,no_listed_facilities,WRI Aqueduct 4.0 baseline_annual
21173,2024,KY,Montgomery County,4398.0,15.5,61732.0,0,peeringdb_us_facilities_20261006T160916Z.json,2024,12.79,eia_residential_electricity_price_2024_by_state.csv,state,0,,,0,no_listed_facilities,WRI Aqueduct 4.0 baseline_annual
21175,2024,KY,Morgan County,3143.0,25.3,46382.0,0,peeringdb_us_facilities_20261006T160916Z.json,2024,12.79,eia_residential_electricity_price_2024_by_state.csv,state,0,,,0,no_listed_facilities,WRI Aqueduct 4.0 baseline_annual
21177,2024,KY,Muhlenberg County,5472.0,19.1,53408.0,0,peeringdb_us_facilities_20261006T160916Z.json,2024,12.79,eia_residential_electricity_price_2024_by_state.csv,state,0,,,0,no_listed_facilities,WRI Aqueduct 4.0 baseline_annual
21179,2024,KY,Nelson County,5635.0,11.7,75726.0,0,peeringdb_us_facilities_20261006T160916Z.json,2024,12.79,eia_residential_electricity_price_2024_by_state.csv,state,0,,,0,no_listed_facilities,WRI Aqueduct 4.0 baseline_annual
21181,2024,KY,Nicholas County,1242.0,16.2,56479.0,0,peeringdb_us_facilities_20261006T160916Z.json,2024,12.79,eia_residential_electricity_price_2024_by_state.csv,state,0,,,0,no_listed_facilities,WRI Aqueduct 4.0 baseline_annual
21183,2024,KY,Ohio County,3596.0,15.3,59028.0,0,peeringdb_us_facilities_20261006T160916Z.json,2024,12.79,eia_residential_electricity_price_2024_by_state.csv,state,0,,,0,no_listed_facilities,WRI Aqueduct 4.0 baseline_annual
21185,2024,KY,Oldham County,4020.0,6.0,123360.0,0,peeringdb_us_facilities_20261006T160916Z.json,2024,12.79,eia_residential_electricity_price_2024_by_state.csv,state,0,,,0,no_listed_facilities,WRI Aqueduct 4.0 baseline_annual
21187,2024,KY,Owen County,1568.0,13.9,64666.0,0,peeringdb_us_facilities_20261006T160916Z.json,2024,12.79,eia_residential_electricity_price_2024_by_state.csv,state,0,,,0,no_listed_facilities,WRI Aqueduct 4.0 baseline_annual
21189,2024,KY,Owsley County,1326.0,34.6,34802.0,0,peeringdb_us_facilities_20261006T160916Z.json,2024,12.79,eia_residential_electricity_price_2024_by_state.csv,state,0,,,0,no_listed_facilities,WRI Aqueduct 4.0 baseline_annual
21191,2024,KY,Pendleton County,2012.0,13.7,68030.0,0,peeringdb_us_facilities_20261006T160916Z.json,2024,12.79,eia_residential_electricity_price_2024_by_state.csv,state,0,,,0,no_listed_facilities,WRI Aqueduct 4.0 baseline_annual
21193,2024,KY,Perry County,6414.0,24.5,44945.0,0,peeringdb_us_facilities_20261006T160916Z.json,2024,12.79,eia_residential_electricity_price_2024_by_state.csv,state,0,,,0,no_listed_facilities,WRI Aqueduct 4.0 baseline_annual
21195,2024,KY,Pike County,12045.0,22.4,46499.0,0,peeringdb_us_facilities_20261006T160916Z.json,2024,12.79,eia_residential_electricity_price_2024_by_state.csv,state,0,,,0,no_listed_facilities,WRI Aqueduct 4.0 baseline_annual
21197,2024,KY,Powell County,2613.0,20.8,50993.0,0,peeringdb_us_facilities_20261006T160916Z.json,2024,12.79,eia_residential_electricity_price_2024_by_state.csv,state,0,,,0,no_listed_facilities,WRI Aqueduct 4.0 baseline_annual
21199,2024,KY,Pulaski County,13177.0,20.1,56318.0,0,peeringdb_us_facilities_20261006T160916Z.json,2024,12.79,eia_residential_electricity_price_2024_by_state.csv,state,0,,,0,no_listed_facilities,WRI Aqueduct 4.0 baseline_annual
21201,2024,KY,Robertson County,401.0,17.3,58457.0,0,peeringdb_us_facilities_20261006T160916Z.json,2024,12.79,eia_residential_electricity_price_2024_by_state.csv,state,0,,,0,no_listed_facilities,WRI Aqueduct 4.0 baseline_annual
21203,2024,KY,Rockcastle County,3464.0,21.8,48953.0,0,peeringdb_us_facilities_20261006T160916Z.json,2024,12.79,eia_residential_electricity_price_2024_by_state.csv,state,0,,,0,no_listed_facilities,WRI Aqueduct 4.0 baseline_annual
21205,2024,KY,Rowan County,4557.0,20.8,55174.0,0,peeringdb_us_facilities_20261006T160916Z.json,2024,12.79,eia_residential_electricity_price_2024_by_state.csv,state,0,,,0,no_listed_facilities,WRI Aqueduct 4.0 baseline_annual
21207,2024,KY,Russell County,3419.0,18.8,51235.0,0,peeringdb_us_facilities_20261006T160916Z.json,2024,12.79,eia_residential_electricity_price_2024_by_state.csv,state,0,,,0,no_listed_facilities,WRI Aqueduct 4.0 baseline_annual
21209,2024,KY,Scott County,5313.0,8.8,93893.0,0,peeringdb_us_facilities_20261006T160916Z.json,2024,12.79,eia_residential_electricity_price_2024_by_state.csv,state,0,,,0,no_listed_facilities,WRI Aqueduct 4.0 baseline_annual
21211,2024,KY,Shelby County,4822.0,9.9,93720.0,0,peeringdb_us_facilities_20261006T160916Z.json,2024,12.79,eia_residential_electricity_price_2024_by_state.csv,state,0,,,0,no_listed_facilities,WRI Aqueduct 4.0 baseline_annual
21213,2024,KY,Simpson County,2877.0,14.6,67496.0,0,peeringdb_us_facilities_20261006T160916Z.json,2024,12.79,eia_residential_electricity_price_2024_by_state.csv,state,0,,,0,no_listed_facilities,WRI Aqueduct 4.0 baseline_annual
21215,2024,KY,Spencer County,1559.0,7.5,96943.0,0,peeringdb_us_facilities_20261006T160916Z.json,2024,12.79,eia_residential_electricity_price_2024_by_state.csv,state,0,,,0,no_listed_facilities,WRI Aqueduct 4.0 baseline_annual
21217,2024,KY,Taylor County,4157.0,16.4,56626.0,0,peeringdb_us_facilities_20261006T160916Z.json,2024,12.79,eia_residential_electricity_price_2024_by_state.csv,state,0,,,0,no_listed_facilities,WRI Aqueduct 4.0 baseline_annual
21219,2024,KY,Todd County,2086.0,16.6,58651.0,0,peeringdb_us_facilities_20261006T160916Z.json,2024,12.79,eia_residential_electricity_price_2024_by_state.csv,state,0,,,0,no_listed_facilities,WRI Aqueduct 4.0 baseline_annual
21221,2024,KY,Trigg County,2010.0,13.9,64717.0,0,peeringdb_us_facilities_20261006T160916Z.json,2024,12.79,eia_residential_electricity_price_2024_by_state.csv,state,0,,,0,no_listed_facilities,WRI Aqueduct 4.0 baseline_annual
21223,2024,KY,Trimble County,1063.0,12.5,72488.0,0,peeringdb_us_facilities_20261006T160916Z.json,2024,12.79,eia_residential_electricity_price_2024_by_state.csv,state,0,,,0,no_listed_facilities,WRI Aqueduct 4.0 baseline_annual
21225,2024,KY,Union County,2353.0,18.2,61745.0,0,peeringdb_us_facilities_20261006T160916Z.json,2024,12.79,eia_residential_electricity_price_2024_by_state.csv,state,0,,,0,no_listed_facilities,WRI Aqueduct 4.0 baseline_annual
21227,2024,KY,Warren County,21740.0,15.3,67824.0,1,peeringdb_us_facilities_20261006T160916Z.json,2024,12.79,eia_residential_electricity_price_2024_by_state.csv,state,1,2.081361533188705,100.0,0,complete_coverage,WRI Aqueduct 4.0 baseline_annual
21229,2024,KY,Washington County,1699.0,14.1,66540.0,0,peeringdb_us_facilities_20261006T160916Z.json,2024,12.79,eia_residential_electricity_price_2024_by_state.csv,state,0,,,0,no_listed_facilities,WRI Aqueduct 4.0 baseline_annual
21231,2024,KY,Wayne County,5548.0,28.8,41853.0,0,peeringdb_us_facilities_20261006T160916Z.json,2024,12.79,eia_residential_electricity_price_2024_by_state.csv,state,0,,,0,no_listed_facilities,WRI Aqueduct 4.0 baseline_annual
21233,2024,KY,Webster County,2008.0,16.1,60750.0,0,peeringdb_us_facilities_20261006T160916Z.json,2024,12.79,eia_residential_electricity_price_2024_by_state.csv,state,0,,,0,no_listed_facilities,WRI Aqueduct 4.0 baseline_annual
21235,2024,KY,Whitley County,8991.0,25.5,48936.0,0,peeringdb_us_facilities_20261006T160916Z.json,2024,12.79,eia_residential_electricity_price_2024_by_state.csv,state,0,,,0,no_listed_facilities,WRI Aqueduct 4.0 baseline_annual
21237,2024,KY,Wolfe County,1624.0,26.1,44554.0,0,peeringdb_us_facilities_20261006T160916Z.json,2024,12.79,eia_residential_electricity_price_2024_by_state.csv,state,0,,,0,no_listed_facilities,WRI Aqueduct 4.0 baseline_annual
21239,2024,KY,Woodford County,2626.0,9.7,89773.0,0,peeringdb_us_facilities_20261006T160916Z.json,2024,12.79,eia_residential_electricity_price_2024_by_state.csv,state,0,,,0,no_listed_facilities,WRI Aqueduct 4.0 baseline_annual
22001,2024,LA,Acadia Parish,11676.0,20.9,51455.0,0,peeringdb_us_facilities_20261006T160916Z.json,2024,11.73,eia_residential_electricity_price_2024_by_state.csv,state,0,,,0,no_listed_facilities,WRI Aqueduct 4.0 baseline_annual
22003,2024,LA,Allen Parish,4626.0,23.6,53939.0,0,peeringdb_us_facilities_20261006T160916Z.json,2024,11.73,eia_residential_electricity_price_2024_by_state.csv,state,0,,,0,no_listed_facilities,WRI Aqueduct 4.0 baseline_annual
22005,2024,LA,Ascension Parish,12602.0,9.5,93654.0,0,peeringdb_us_facilities_20261006T160916Z.json,2024,11.73,eia_residential_electricity_price_2024_by_state.csv,state,0,,,0,no_listed_facilities,WRI Aqueduct 4.0 baseline_annual
22007,2024,LA,Assumption Parish,3988.0,20.1,62636.0,0,peeringdb_us_facilities_20261006T160916Z.json,2024,11.73,eia_residential_electricity_price_2024_by_state.csv,state,0,,,0,no_listed_facilities,WRI Aqueduct 4.0 baseline_annual
22009,2024,LA,Avoyelles Parish,8876.0,25.0,45439.0,0,peeringdb_us_facilities_20261006T160916Z.json,2024,11.73,eia_residential_electricity_price_2024_by_state.csv,state,0,,,0,no_listed_facilities,WRI Aqueduct 4.0 baseline_annual
22011,2024,LA,Beauregard Parish,5358.0,15.1,64555.0,0,peeringdb_us_facilities_20261006T160916Z.json,2024,11.73,eia_residential_electricity_price_2024_by_state.csv,state,0,,,0,no_listed_facilities,WRI Aqueduct 4.0 baseline_annual
22013,2024,LA,Bienville Parish,3116.0,25.8,45072.0,0,peeringdb_us_facilities_20261006T160916Z.json,2024,11.73,eia_residential_electricity_price_2024_by_state.csv,state,0,,,0,no_listed_facilities,WRI Aqueduct 4.0 baseline_annual
22015,2024,LA,Bossier Parish,21220.0,16.5,68234.0,0,peeringdb_us_facilities_20261006T160916Z.json,2024,11.73,eia_residential_electricity_price_2024_by_state.csv,state,0,,,0,no_listed_facilities,WRI Aqueduct 4.0 baseline_annual
22017,2024,LA,Caddo Parish,48753.0,22.1,53110.0,1,peeringdb_us_facilities_20261006T160916Z.json,2024,11.73,eia_residential_electricity_price_2024_by_state.csv,state,1,0.0,100.0,0,complete_coverage,WRI Aqueduct 4.0 baseline_annual
22019,2024,LA,Calcasieu Parish,31569.0,15.5,66871.0,0,peeringdb_us_facilities_20261006T160916Z.json,2024,11.73,eia_residential_electricity_price_2024_by_state.csv,state,0,,,0,no_listed_facilities,WRI Aqueduct 4.0 baseline_annual
22021,2024,LA,Caldwell Parish,1885.0,21.8,52399.0,0,peeringdb_us_facilities_20261006T160916Z.json,2024,11.73,eia_residential_electricity_price_2024_by_state.csv,state,0,,,0,no_listed_facilities,WRI Aqueduct 4.0 baseline_annual
22023,2024,LA,Cameron Parish,600.0,12.9,72218.0,0,peeringdb_us_facilities_20261006T160916Z.json,2024,11.73,eia_residential_electricity_price_2024_by_state.csv,state,0,,,0,no_listed_facilities,WRI Aqueduct 4.0 baseline_annual
22025,2024,LA,Catahoula Parish,1755.0,22.6,45288.0,0,peeringdb_us_facilities_20261006T160916Z.json,2024,11.73,eia_residential_electricity_price_2024_by_state.csv,state,0,,,0,no_listed_facilities,WRI Aqueduct 4.0 baseline_annual
22027,2024,LA,Claiborne Parish,3110.0,26.6,46962.0,0,peeringdb_us_facilities_20261006T160916Z.json,2024,11.73,eia_residential_electricity_price_2024_by_state.csv,state,0,,,0,no_listed_facilities,WRI Aqueduct 4.0 baseline_annual
22029,2024,LA,Concordia Parish,4680.0,27.7,43367.0,0,peeringdb_us_facilities_20261006T160916Z.json,2024,11.73,eia_residential_electricity_price_2024_by_state.csv,state,0,,,0,no_listed_facilities,WRI Aqueduct 4.0 baseline_annual
22031,2024,LA,De Soto Parish,4573.0,17.0,58865.0,0,peeringdb_us_facilities_20261006T160916Z.json,2024,11.73,eia_residential_electricity_price_2024_by_state.csv,state,0,,,0,no_listed_facilities,WRI Aqueduct 4.0 baseline_annual
22033,2024,LA,East Baton Rouge Parish,97004.0,22.2,64198.0,3,peeringdb_us_facilities_20261006T160916Z.json,2024,11.73,eia_residential_electricity_price_2024_by_state.csv,state,3,2.442071416276206,100.0,0,complete_coverage,WRI Aqueduct 4.0 baseline_annual
22035,2024,LA,East Carroll Parish,2315.0,44.4,36713.0,0,peeringdb_us_facilities_20261006T160916Z.json,2024,11.73,eia_residential_electricity_price_2024_by_state.csv,state,0,,,0,no_listed_facilities,WRI Aqueduct 4.0 baseline_annual
22037,2024,LA,East Feliciana Parish,3062.0,18.4,59862.0,0,peeringdb_us_facilities_20261006T160916Z.json,2024,11.73,eia_residential_electricity_price_2024_by_state.csv,state,0,,,0,no_listed_facilities,WRI Aqueduct 4.0 baseline_annual
22039,2024,LA,Evangeline Parish,7830.0,25.9,46327.0,0,peeringdb_us_facilities_20261006T160916Z.json,2024,11.73,eia_residential_electricity_price_2024_by_state.csv,state,0,,,0,no_listed_facilities,WRI Aqueduct 4.0 baseline_annual
22041,2024,LA,Franklin Parish,4840.0,25.8,44022.0,0,peeringdb_us_facilities_20261006T160916Z.json,2024,11.73,eia_residential_electricity_price_2024_by_state.csv,state,0,,,0,no_listed_facilities,WRI Aqueduct 4.0 baseline_annual
22043,2024,LA,Grant Parish,4025.0,21.1,57672.0,0,peeringdb_us_facilities_20261006T160916Z.json,2024,11.73,eia_residential_electricity_price_2024_by_state.csv,state,0,,,0,no_listed_facilities,WRI Aqueduct 4.0 baseline_annual
22045,2024,LA,Iberia Parish,15095.0,22.6,53127.0,0,peeringdb_us_facilities_20261006T160916Z.json,2024,11.73,eia_residential_electricity_price_2024_by_state.csv,state,0,,,0,no_listed_facilities,WRI Aqueduct 4.0 baseline_annual
22047,2024,LA,Iberville Parish,5797.0,21.5,58450.0,0,peeringdb_us_facilities_20261006T160916Z.json,2024,11.73,eia_residential_electricity_price_2024_by_state.csv,state,0,,,0,no_listed_facilities,WRI Aqueduct 4.0 baseline_annual
22049,2024,LA,Jackson Parish,2509.0,17.8,55711.0,0,peeringdb_us_facilities_20261006T160916Z.json,2024,11.73,eia_residential_electricity_price_2024_by_state.csv,state,0,,,0,no_listed_facilities,WRI Aqueduct 4.0 baseline_annual
22051,2024,LA,Jefferson Parish,72304.0,17.1,63692.0,1,peeringdb_us_facilities_20261006T160916Z.json,2024,11.73,eia_residential_electricity_price_2024_by_state.csv,state,1,0.0,100.0,0,complete_coverage,WRI Aqueduct 4.0 baseline_annual
22053,2024,LA,Jefferson Davis Parish,5456.0,17.8,56114.0,0,peeringdb_us_facilities_20261006T160916Z.json,2024,11.73,eia_residential_electricity_price_2024_by_state.csv,state,0,,,0,no_listed_facilities,WRI Aqueduct 4.0 baseline_annual
22055,2024,LA,Lafayette Parish,41327.0,16.5,66072.0,0,peeringdb_us_facilities_20261006T160916Z.json,2024,11.73,eia_residential_electricity_price_2024_by_state.csv,state,0,,,0,no_listed_facilities,WRI Aqueduct 4.0 baseline_annual
22057,2024,LA,Lafourche Parish,13714.0,14.8,68348.0,0,peeringdb_us_facilities_20261006T160916Z.json,2024,11.73,eia_residential_electricity_price_2024_by_state.csv,state,0,,,0,no_listed_facilities,WRI Aqueduct 4.0 baseline_annual
22059,2024,LA,La Salle Parish,2282.0,18.0,61524.0,0,peeringdb_us_facilities_20261006T160916Z.json,2024,11.73,eia_residential_electricity_price_2024_by_state.csv,state,0,,,0,no_listed_facilities,WRI Aqueduct 4.0 baseline_annual
22061,2024,LA,Lincoln Parish,10947.0,25.5,52669.0,0,peeringdb_us_facilities_20261006T160916Z.json,2024,11.73,eia_residential_electricity_price_2024_by_state.csv,state,0,,,0,no_listed_facilities,WRI Aqueduct 4.0 baseline_annual
22063,2024,LA,Livingston Parish,18468.0,12.2,76462.0,0,peeringdb_us_facilities_20261006T160916Z.json,2024,11.73,eia_residential_electricity_price_2024_by_state.csv,state,0,,,0,no_listed_facilities,WRI Aqueduct 4.0 baseline_annual
22065,2024,LA,Madison Parish,2767.0,33.3,39406.0,0,peeringdb_us_facilities_20261006T160916Z.json,2024,11.73,eia_residential_electricity_price_2024_by_state.csv,state,0,,,0,no_listed_facilities,WRI Aqueduct 4.0 baseline_annual
22067,2024,LA,Morehouse Parish,6422.0,28.5,45435.0,0,peeringdb_us_facilities_20261006T160916Z.json,2024,11.73,eia_residential_electricity_price_2024_by_state.csv,state,0,,,0,no_listed_facilities,WRI Aqueduct 4.0 baseline_annual
22069,2024,LA,Natchitoches Parish,9083.0,26.9,48814.0,0,peeringdb_us_facilities_20261006T160916Z.json,2024,11.73,eia_residential_electricity_price_2024_by_state.csv,state,0,,,0,no_listed_facilities,WRI Aqueduct 4.0 baseline_annual
22071,2024,LA,Orleans Parish,74209.0,21.3,57897.0,1,peeringdb_us_facilities_20261006T160916Z.json,2024,11.73,eia_residential_electricity_price_2024_by_state.csv,state,1,0.0,100.0,0,complete_coverage,WRI Aqueduct 4.0 baseline_annual
22073,2024,LA,Ouachita Parish,29875.0,19.6,59701.0,0,peeringdb_us_facilities_20261006T160916Z.json,2024,11.73,eia_residential_electricity_price_2024_by_state.csv,state,0,,,0,no_listed_facilities,WRI Aqueduct 4.0 baseline_annual
22075,2024,LA,Plaquemines Parish,3230.0,15.0,76385.0,0,peeringdb_us_facilities_20261006T160916Z.json,2024,11.73,eia_residential_electricity_price_2024_by_state.csv,state,0,,,0,no_listed_facilities,WRI Aqueduct 4.0 baseline_annual
22077,2024,LA,Pointe Coupee Parish,3372.0,17.2,63073.0,0,peeringdb_us_facilities_20261006T160916Z.json,2024,11.73,eia_residential_electricity_price_2024_by_state.csv,state,0,,,0,no_listed_facilities,WRI Aqueduct 4.0 baseline_annual
22079,2024,LA,Rapides Parish,23105.0,18.8,56786.0,0,peeringdb_us_facilities_20261006T160916Z.json,2024,11.73,eia_residential_electricity_price_2024_by_state.csv,state,0,,,0,no_listed_facilities,WRI Aqueduct 4.0 baseline_annual
22081,2024,LA,Red River Parish,1616.0,22.9,49844.0,0,peeringdb_us_facilities_20261006T160916Z.json,2024,11.73,eia_residential_electricity_price_2024_by_state.csv,state,0,,,0,no_listed_facilities,WRI Aqueduct 4.0 baseline_annual
22083,2024,LA,Richland Parish,4952.0,26.4,47023.0,0,peeringdb_us_facilities_20261006T160916Z.json,2024,11.73,eia_residential_electricity_price_2024_by_state.csv,state,0,,,0,no_listed_facilities,WRI Aqueduct 4.0 baseline_annual
22085,2024,LA,Sabine Parish,4479.0,21.0,54066.0,0,peeringdb_us_facilities_20261006T160916Z.json,2024,11.73,eia_residential_electricity_price_2024_by_state.csv,state,0,,,0,no_listed_facilities,WRI Aqueduct 4.0 baseline_annual
22087,2024,LA,St. Bernard Parish,8022.0,18.0,57796.0,0,peeringdb_us_facilities_20261006T160916Z.json,2024,11.73,eia_residential_electricity_price_2024_by_state.csv,state,0,,,0,no_listed_facilities,WRI Aqueduct 4.0 baseline_annual
22089,2024,LA,St. Charles Parish,6103.0,12.3,85615.0,0,peeringdb_us_facilities_20261006T160916Z.json,2024,11.73,eia_residential_electricity_price_2024_by_state.csv,state,0,,,0,no_listed_facilities,WRI Aqueduct 4.0 baseline_annual
22091,2024,LA,St. Helena Parish,2224.0,20.8,48931.0,0,peeringdb_us_facilities_20261006T160916Z.json,2024,11.73,eia_residential_electricity_price_2024_by_state.csv,state,0,,,0,no_listed_facilities,WRI Aqueduct 4.0 baseline_annual
22093,2024,LA,St. James Parish,2972.0,15.7,69241.0,0,peeringdb_us_facilities_20261006T160916Z.json,2024,11.73,eia_residential_electricity_price_2024_by_state.csv,state,0,,,0,no_listed_facilities,WRI Aqueduct 4.0 baseline_annual
22095,2024,LA,St. John the Baptist Parish,7470.0,19.0,60610.0,0,peeringdb_us_facilities_20261006T160916Z.json,2024,11.73,eia_residential_electricity_price_2024_by_state.csv,state,0,,,0,no_listed_facilities,WRI Aqueduct 4.0 baseline_annual
22097,2024,LA,St. Landry Parish,19551.0,24.5,47897.0,0,peeringdb_us_facilities_20261006T160916Z.json,2024,11.73,eia_residential_electricity_price_2024_by_state.csv,state,0,,,0,no_listed_facilities,WRI Aqueduct 4.0 baseline_annual
22099,2024,LA,St. Martin Parish,8469.0,16.7,66885.0,0,peeringdb_us_facilities_20261006T160916Z.json,2024,11.73,eia_residential_electricity_price_2024_by_state.csv,state,0,,,0,no_listed_facilities,WRI Aqueduct 4.0 baseline_annual
22101,2024,LA,St. Mary Parish,10051.0,21.8,48405.0,0,peeringdb_us_facilities_20261006T160916Z.json,2024,11.73,eia_residential_electricity_price_2024_by_state.csv,state,0,,,0,no_listed_facilities,WRI Aqueduct 4.0 baseline_annual
22103,2024,LA,St. Tammany Parish,28095.0,10.2,84478.0,1,peeringdb_us_facilities_20261006T160916Z.json,2024,11.73,eia_residential_electricity_price_2024_by_state.csv,state,1,2.442071416276206,100.0,0,complete_coverage,WRI Aqueduct 4.0 baseline_annual
22105,2024,LA,Tangipahoa Parish,26300.0,19.4,57775.0,0,peeringdb_us_facilities_20261006T160916Z.json,2024,11.73,eia_residential_electricity_price_2024_by_state.csv,state,0,,,0,no_listed_facilities,WRI Aqueduct 4.0 baseline_annual
22107,2024,LA,Tensas Parish,1051.0,27.4,38583.0,0,peeringdb_us_facilities_20261006T160916Z.json,2024,11.73,eia_residential_electricity_price_2024_by_state.csv,state,0,,,0,no_listed_facilities,WRI Aqueduct 4.0 baseline_annual
22109,2024,LA,Terrebonne Parish,18465.0,18.0,61990.0,0,peeringdb_us_facilities_20261006T160916Z.json,2024,11.73,eia_residential_electricity_price_2024_by_state.csv,state,0,,,0,no_listed_facilities,WRI Aqueduct 4.0 baseline_annual
22111,2024,LA,Union Parish,4079.0,20.3,54865.0,0,peeringdb_us_facilities_20261006T160916Z.json,2024,11.73,eia_residential_electricity_price_2024_by_state.csv,state,0,,,0,no_listed_facilities,WRI Aqueduct 4.0 baseline_annual
22113,2024,LA,Vermilion Parish,12759.0,22.4,57082.0,0,peeringdb_us_facilities_20261006T160916Z.json,2024,11.73,eia_residential_electricity_price_2024_by_state.csv,state,0,,,0,no_listed_facilities,WRI Aqueduct 4.0 baseline_annual
22115,2024,LA,Vernon Parish,6953.0,15.7,58533.0,0,peeringdb_us_facilities_20261006T160916Z.json,2024,11.73,eia_residential_electricity_price_2024_by_state.csv,state,0,,,0,no_listed_facilities,WRI Aqueduct 4.0 baseline_annual
22117,2024,LA,Washington Parish,11057.0,25.6,46951.0,0,peeringdb_us_facilities_20261006T160916Z.json,2024,11.73,eia_residential_electricity_price_2024_by_state.csv,state,0,,,0,no_listed_facilities,WRI Aqueduct 4.0 baseline_annual
22119,2024,LA,Webster Parish,7176.0,20.7,48578.0,0,peeringdb_us_facilities_20261006T160916Z.json,2024,11.73,eia_residential_electricity_price_2024_by_state.csv,state,0,,,0,no_listed_facilities,WRI Aqueduct 4.0 baseline_annual
22121,2024,LA,West Baton Rouge Parish,3365.0,12.1,70550.0,0,peeringdb_us_facilities_20261006T160916Z.json,2024,11.73,eia_residential_electricity_price_2024_by_state.csv,state,0,,,0,no_listed_facilities,WRI Aqueduct 4.0 baseline_annual
22123,2024,LA,West Carroll Parish,1749.0,19.1,50254.0,0,peeringdb_us_facilities_20261006T160916Z.json,2024,11.73,eia_residential_electricity_price_2024_by_state.csv,state,0,,,0,no_listed_facilities,WRI Aqueduct 4.0 baseline_annual
22125,2024,LA,West Feliciana Parish,2268.0,23.3,76572.0,0,peeringdb_us_facilities_20261006T160916Z.json,2024,11.73,eia_residential_electricity_price_2024_by_state.csv,state,0,,,0,no_listed_facilities,WRI Aqueduct 4.0 baseline_annual
22127,2024,LA,Winn Parish,2835.0,23.7,53087.0,0,peeringdb_us_facilities_20261006T160916Z.json,2024,11.73,eia_residential_electricity_price_2024_by_state.csv,state,0,,,0,no_listed_facilities,WRI Aqueduct 4.0 baseline_annual
23001,2024,ME,Androscoggin County,13150.0,12.0,68642.0,0,peeringdb_us_facilities_20261006T160916Z.json,2024,24.29,eia_residential_electricity_price_2024_by_state.csv,state,0,,,0,no_listed_facilities,WRI Aqueduct 4.0 baseline_annual
23003,2024,ME,Aroostook County,9734.0,14.9,54965.0,0,peeringdb_us_facilities_20261006T160916Z.json,2024,24.29,eia_residential_electricity_price_2024_by_state.csv,state,0,,,0,no_listed_facilities,WRI Aqueduct 4.0 baseline_annual
23005,2024,ME,Cumberland County,24225.0,8.0,93949.0,3,peeringdb_us_facilities_20261006T160916Z.json,2024,24.29,eia_residential_electricity_price_2024_by_state.csv,state,3,1.1697241568740009,100.0,0,complete_coverage,WRI Aqueduct 4.0 baseline_annual
23007,2024,ME,Franklin County,3888.0,13.3,60281.0,0,peeringdb_us_facilities_20261006T160916Z.json,2024,24.29,eia_residential_electricity_price_2024_by_state.csv,state,0,,,0,no_listed_facilities,WRI Aqueduct 4.0 baseline_annual
23009,2024,ME,Hancock County,5708.0,10.3,75157.0,0,peeringdb_us_facilities_20261006T160916Z.json,2024,24.29,eia_residential_electricity_price_2024_by_state.csv,state,0,,,0,no_listed_facilities,WRI Aqueduct 4.0 baseline_annual
23011,2024,ME,Kennebec County,13839.0,11.2,74048.0,0,peeringdb_us_facilities_20261006T160916Z.json,2024,24.29,eia_residential_electricity_price_2024_by_state.csv,state,0,,,0,no_listed_facilities,WRI Aqueduct 4.0 baseline_annual
23013,2024,ME,Knox County,3904.0,9.9,73005.0,0,peeringdb_us_facilities_20261006T160916Z.json,2024,24.29,eia_residential_electricity_price_2024_by_state.csv,state,0,,,0,no_listed_facilities,WRI Aqueduct 4.0 baseline_annual
23015,2024,ME,Lincoln County,3551.0,9.9,79312.0,0,peeringdb_us_facilities_20261006T160916Z.json,2024,24.29,eia_residential_electricity_price_2024_by_state.csv,state,0,,,0,no_listed_facilities,WRI Aqueduct 4.0 baseline_annual
23017,2024,ME,Oxford County,6662.0,11.3,65487.0,0,peeringdb_us_facilities_20261006T160916Z.json,2024,24.29,eia_residential_electricity_price_2024_by_state.csv,state,0,,,0,no_listed_facilities,WRI Aqueduct 4.0 baseline_annual
23019,2024,ME,Penobscot County,21282.0,14.2,66158.0,1,peeringdb_us_facilities_20261006T160916Z.json,2024,24.29,eia_residential_electricity_price_2024_by_state.csv,state,1,0.0,100.0,0,complete_coverage,WRI Aqueduct 4.0 baseline_annual
23021,2024,ME,Piscataquis County,2396.0,14.0,61706.0,0,peeringdb_us_facilities_20261006T160916Z.json,2024,24.29,eia_residential_electricity_price_2024_by_state.csv,state,0,,,0,no_listed_facilities,WRI Aqueduct 4.0 baseline_annual
23023,2024,ME,Sagadahoc County,2904.0,7.8,82454.0,0,peeringdb_us_facilities_20261006T160916Z.json,2024,24.29,eia_residential_electricity_price_2024_by_state.csv,state,0,,,0,no_listed_facilities,WRI Aqueduct 4.0 baseline_annual
23025,2024,ME,Somerset County,7332.0,14.5,60314.0,0,peeringdb_us_facilities_20261006T160916Z.json,2024,24.29,eia_residential_electricity_price_2024_by_state.csv,state,0,,,0,no_listed_facilities,WRI Aqueduct 4.0 baseline_annual
23027,2024,ME,Waldo County,4436.0,11.1,67854.0,0,peeringdb_us_facilities_20261006T160916Z.json,2024,24.29,eia_residential_electricity_price_2024_by_state.csv,state,0,,,0,no_listed_facilities,WRI Aqueduct 4.0 baseline_annual
23029,2024,ME,Washington County,4972.0,16.2,55611.0,0,peeringdb_us_facilities_20261006T160916Z.json,2024,24.29,eia_residential_electricity_price_2024_by_state.csv,state,0,,,0,no_listed_facilities,WRI Aqueduct 4.0 baseline_annual
23031,2024,ME,York County,16250.0,7.5,92098.0,0,peeringdb_us_facilities_20261006T160916Z.json,2024,24.29,eia_residential_electricity_price_2024_by_state.csv,state,0,,,0,no_listed_facilities,WRI Aqueduct 4.0 baseline_annual
24001,2024,MD,Allegany County,10139.0,16.6,63215.0,0,peeringdb_us_facilities_20261006T160916Z.json,2024,17.86,eia_residential_electricity_price_2024_by_state.csv,state,0,,,0,no_listed_facilities,WRI Aqueduct 4.0 baseline_annual
24003,2024,MD,Anne Arundel County,39079.0,6.6,127042.0,3,peeringdb_us_facilities_20261006T160916Z.json,2024,17.86,eia_residential_electricity_price_2024_by_state.csv,state,3,1.126947793433607,100.0,0,complete_coverage,WRI Aqueduct 4.0 baseline_annual
24005,2024,MD,Baltimore County,76854.0,9.3,87865.0,1,peeringdb_us_facilities_20261006T160916Z.json,2024,17.86,eia_residential_electricity_price_2024_by_state.csv,state,1,1.126947793433607,100.0,0,complete_coverage,WRI Aqueduct 4.0 baseline_annual
24009,2024,MD,Calvert County,5483.0,5.8,121798.0,0,peeringdb_us_facilities_20261006T160916Z.json,2024,17.86,eia_residential_electricity_price_2024_by_state.csv,state,0,,,0,no_listed_facilities,WRI Aqueduct 4.0 baseline_annual
24011,2024,MD,Caroline County,3730.0,11.1,72564.0,0,peeringdb_us_facilities_20261006T160916Z.json,2024,17.86,eia_residential_electricity_price_2024_by_state.csv,state,0,,,0,no_listed_facilities,WRI Aqueduct 4.0 baseline_annual
24013,2024,MD,Carroll County,9998.0,5.8,114927.0,0,peeringdb_us_facilities_20261006T160916Z.json,2024,17.86,eia_residential_electricity_price_2024_by_state.csv,state,0,,,0,no_listed_facilities,WRI Aqueduct 4.0 baseline_annual
24015,2024,MD,Cecil County,9503.0,9.1,89501.0,0,peeringdb_us_facilities_20261006T160916Z.json,2024,17.86,eia_residential_electricity_price_2024_by_state.csv,state,0,,,0,no_listed_facilities,WRI Aqueduct 4.0 baseline_annual
24017,2024,MD,Charles County,11793.0,6.8,125985.0,0,peeringdb_us_facilities_20261006T160916Z.json,2024,17.86,eia_residential_electricity_price_2024_by_state.csv,state,0,,,0,no_listed_facilities,WRI Aqueduct 4.0 baseline_annual
24019,2024,MD,Dorchester County,4625.0,14.1,65476.0,0,peeringdb_us_facilities_20261006T160916Z.json,2024,17.86,eia_residential_electricity_price_2024_by_state.csv,state,0,,,0,no_listed_facilities,WRI Aqueduct 4.0 baseline_annual
24021,2024,MD,Frederick County,15689.0,5.3,121380.0,0,peeringdb_us_facilities_20261006T160916Z.json,2024,17.86,eia_residential_electricity_price_2024_by_state.csv,state,0,,,0,no_listed_facilities,WRI Aqueduct 4.0 baseline_annual
24023,2024,MD,Garrett County,3420.0,12.3,67553.0,0,peeringdb_us_facilities_20261006T160916Z.json,2024,17.86,eia_residential_electricity_price_2024_by_state.csv,state,0,,,0,no_listed_facilities,WRI Aqueduct 4.0 baseline_annual
24025,2024,MD,Harford County,18226.0,6.9,110665.0,0,peeringdb_us_facilities_20261006T160916Z.json,2024,17.86,eia_residential_electricity_price_2024_by_state.csv,state,0,,,0,no_listed_facilities,WRI Aqueduct 4.0 baseline_annual
24027,2024,MD,Howard County,18549.0,5.5,149980.0,1,peeringdb_us_facilities_20261006T160916Z.json,2024,17.86,eia_residential_electricity_price_2024_by_state.csv,state,1,1.126947793433607,100.0,0,complete_coverage,WRI Aqueduct 4.0 baseline_annual
24029,2024,MD,Kent County,2667.0,14.6,75873.0,0,peeringdb_us_facilities_20261006T160916Z.json,2024,17.86,eia_residential_electricity_price_2024_by_state.csv,state,0,,,0,no_listed_facilities,WRI Aqueduct 4.0 baseline_annual
24031,2024,MD,Montgomery County,80053.0,7.5,138870.0,5,peeringdb_us_facilities_20261006T160916Z.json,2024,17.86,eia_residential_electricity_price_2024_by_state.csv,state,5,0.7394916844060797,100.0,0,complete_coverage,WRI Aqueduct 4.0 baseline_annual
24033,2024,MD,Prince George's County,98134.0,10.4,97634.0,3,peeringdb_us_facilities_20261006T160916Z.json,2024,17.86,eia_residential_electricity_price_2024_by_state.csv,state,3,1.126947793433607,100.0,0,complete_coverage,WRI Aqueduct 4.0 baseline_annual
24035,2024,MD,Queen Anne's County,3247.0,6.1,112621.0,0,peeringdb_us_facilities_20261006T160916Z.json,2024,17.86,eia_residential_electricity_price_2024_by_state.csv,state,0,,,0,no_listed_facilities,WRI Aqueduct 4.0 baseline_annual
24037,2024,MD,St. Mary's County,9044.0,7.9,116969.0,0,peeringdb_us_facilities_20261006T160916Z.json,2024,17.86,eia_residential_electricity_price_2024_by_state.csv,state,0,,,0,no_listed_facilities,WRI Aqueduct 4.0 baseline_annual
24039,2024,MD,Somerset County,4118.0,20.3,53022.0,0,peeringdb_us_facilities_20261006T160916Z.json,2024,17.86,eia_residential_electricity_price_2024_by_state.csv,state,0,,,0,no_listed_facilities,WRI Aqueduct 4.0 baseline_annual
24041,2024,MD,Talbot County,3719.0,9.9,87121.0,0,peeringdb_us_facilities_20261006T160916Z.json,2024,17.86,eia_residential_electricity_price_2024_by_state.csv,state,0,,,0,no_listed_facilities,WRI Aqueduct 4.0 baseline_annual
24043,2024,MD,Washington County,17330.0,11.6,77632.0,0,peeringdb_us_facilities_20261006T160916Z.json,2024,17.86,eia_residential_electricity_price_2024_by_state.csv,state,0,,,0,no_listed_facilities,WRI Aqueduct 4.0 baseline_annual
24045,2024,MD,Wicomico County,16431.0,16.0,67786.0,0,peeringdb_us_facilities_20261006T160916Z.json,2024,17.86,eia_residential_electricity_price_2024_by_state.csv,state,0,,,0,no_listed_facilities,WRI Aqueduct 4.0 baseline_annual
24047,2024,MD,Worcester County,5670.0,10.6,81711.0,0,peeringdb_us_facilities_20261006T160916Z.json,2024,17.86,eia_residential_electricity_price_2024_by_state.csv,state,0,,,0,no_listed_facilities,WRI Aqueduct 4.0 baseline_annual
24510,2024,MD,Baltimore city,98801.0,18.0,63451.0,5,peeringdb_us_facilities_20261006T160916Z.json,2024,17.86,eia_residential_electricity_price_2024_by_state.csv,state,5,1.126947793433607,100.0,0,complete_coverage,WRI Aqueduct 4.0 baseline_annual
25001,2024,MA,Barnstable County,19638.0,8.6,88495.0,0,peeringdb_us_facilities_20261006T160916Z.json,2024,29.35,eia_residential_electricity_price_2024_by_state.csv,state,0,,,0,no_listed_facilities,WRI Aqueduct 4.0 baseline_annual
25003,2024,MA,Berkshire County,13868.0,11.3,76177.0,0,peeringdb_us_facilities_20261006T160916Z.json,2024,29.35,eia_residential_electricity_price_2024_by_state.csv,state,0,,,0,no_listed_facilities,WRI Aqueduct 4.0 baseline_annual
25005,2024,MA,Bristol County,58740.0,10.2,81898.0,0,peeringdb_us_facilities_20261006T160916Z.json,2024,29.35,eia_residential_electricity_price_2024_by_state.csv,state,0,,,0,no_listed_facilities,WRI Aqueduct 4.0 baseline_annual
25007,2024,MA,Dukes County,1780.0,8.5,112733.0,0,peeringdb_us_facilities_20261006T160916Z.json,2024,29.35,eia_residential_electricity_price_2024_by_state.csv,state,0,,,0,no_listed_facilities,WRI Aqueduct 4.0 baseline_annual
25009,2024,MA,Essex County,75373.0,9.3,102044.0,3,peeringdb_us_facilities_20261006T160916Z.json,2024,29.35,eia_residential_electricity_price_2024_by_state.csv,state,3,1.9975519927232224,100.0,0,complete_coverage,WRI Aqueduct 4.0 baseline_annual
25011,2024,MA,Franklin County,7091.0,10.2,74594.0,0,peeringdb_us_facilities_20261006T160916Z.json,2024,29.35,eia_residential_electricity_price_2024_by_state.csv,state,0,,,0,no_listed_facilities,WRI Aqueduct 4.0 baseline_annual
25013,2024,MA,Hampden County,72287.0,16.0,71287.0,4,peeringdb_us_facilities_20261006T160916Z.json,2024,29.35,eia_residential_electricity_price_2024_by_state.csv,state,4,1.2883073190179355,100.0,0,complete_coverage,WRI Aqueduct 4.0 baseline_annual
25015,2024,MA,Hampshire County,17107.0,12.3,82817.0,0,peeringdb_us_facilities_20261006T160916Z.json,2024,29.35,eia_residential_electricity_price_2024_by_state.csv,state,0,,,0,no_listed_facilities,WRI Aqueduct 4.0 baseline_annual
25017,2024,MA,Middlesex County,125561.0,7.8,132599.0,17,peeringdb_us_facilities_20261006T160916Z.json,2024,29.35,eia_residential_electricity_price_2024_by_state.csv,state,17,2.10417827209609,100.0,0,complete_coverage,WRI Aqueduct 4.0 baseline_annual
25019,2024,MA,Nantucket County,946.0,6.5,117877.0,0,peeringdb_us_facilities_20261006T160916Z.json,2024,29.35,eia_residential_electricity_price_2024_by_state.csv,state,0,,,0,no_listed_facilities,WRI Aqueduct 4.0 baseline_annual
25021,2024,MA,Norfolk County,46572.0,6.4,137533.0,2,peeringdb_us_facilities_20261006T160916Z.json,2024,29.35,eia_residential_electricity_price_2024_by_state.csv,state,2,2.188356913706249,100.0,0,complete_coverage,WRI Aqueduct 4.0 baseline_annual
25023,2024,MA,Plymouth County,38938.0,7.3,111910.0,1,peeringdb_us_facilities_20261006T160916Z.json,2024,29.35,eia_residential_electricity_price_2024_by_state.csv,state,1,2.188356913706249,100.0,0,complete_coverage,WRI Aqueduct 4.0 baseline_annual
25025,2024,MA,Suffolk County,115866.0,15.5,95174.0,4,peeringdb_us_facilities_20261006T160916Z.json,2024,29.35,eia_residential_electricity_price_2024_by_state.csv,state,4,2.188356913706249,100.0,0,complete_coverage,WRI Aqueduct 4.0 baseline_annual
25027,2024,MA,Worcester County,81907.0,9.6,96005.0,5,peeringdb_us_facilities_20261006T160916Z.json,2024,29.35,eia_residential_electricity_price_2024_by_state.csv,state,5,1.9593910085266166,100.0,0,complete_coverage,WRI Aqueduct 4.0 baseline_annual
26001,2024,MI,Alcona County,1587.0,15.1,53966.0,0,peeringdb_us_facilities_20261006T160916Z.json,2024,19.3,eia_residential_electricity_price_2024_by_state.csv,state,0,,,0,no_listed_facilities,WRI Aqueduct 4.0 baseline_annual
26003,2024,MI,Alger County,951.0,12.2,63959.0,0,peeringdb_us_facilities_20261006T160916Z.json,2024,19.3,eia_residential_electricity_price_2024_by_state.csv,state,0,,,0,no_listed_facilities,WRI Aqueduct 4.0 baseline_annual
26005,2024,MI,Allegan County,9990.0,8.2,85080.0,0,peeringdb_us_facilities_20261006T160916Z.json,2024,19.3,eia_residential_electricity_price_2024_by_state.csv,state,0,,,0,no_listed_facilities,WRI Aqueduct 4.0 baseline_annual
26007,2024,MI,Alpena County,4781.0,16.7,57827.0,0,peeringdb_us_facilities_20261006T160916Z.json,2024,19.3,eia_residential_electricity_price_2024_by_state.csv,state,0,,,0,no_listed_facilities,WRI Aqueduct 4.0 baseline_annual
26009,2024,MI,Antrim County,2616.0,10.7,69924.0,0,peeringdb_us_facilities_20261006T160916Z.json,2024,19.3,eia_residential_electricity_price_2024_by_state.csv,state,0,,,0,no_listed_facilities,WRI Aqueduct 4.0 baseline_annual
26011,2024,MI,Arenac County,1754.0,11.7,58859.0,0,peeringdb_us_facilities_20261006T160916Z.json,2024,19.3,eia_residential_electricity_price_2024_by_state.csv,state,0,,,0,no_listed_facilities,WRI Aqueduct 4.0 baseline_annual
26013,2024,MI,Baraga County,1079.0,14.6,59617.0,0,peeringdb_us_facilities_20261006T160916Z.json,2024,19.3,eia_residential_electricity_price_2024_by_state.csv,state,0,,,0,no_listed_facilities,WRI Aqueduct 4.0 baseline_annual
26015,2024,MI,Barry County,5702.0,9.0,81939.0,0,peeringdb_us_facilities_20261006T160916Z.json,2024,19.3,eia_residential_electricity_price_2024_by_state.csv,state,0,,,0,no_listed_facilities,WRI Aqueduct 4.0 baseline_annual
26017,2024,MI,Bay County,12023.0,11.8,64751.0,0,peeringdb_us_facilities_20261006T160916Z.json,2024,19.3,eia_residential_electricity_price_2024_by_state.csv,state,0,,,0,no_listed_facilities,WRI Aqueduct 4.0 baseline_annual
26019,2024,MI,Benzie County,1681.0,9.2,76215.0,0,peeringdb_us_facilities_20261006T160916Z.json,2024,19.3,eia_residential_electricity_price_2024_by_state.csv,state,0,,,0,no_listed_facilities,WRI Aqueduct 4.0 baseline_annual
26021,2024,MI,Berrien County,20120.0,13.4,68882.0,0,peeringdb_us_facilities_20261006T160916Z.json,2024,19.3,eia_residential_electricity_price_2024_by_state.csv,state,0,,,0,no_listed_facilities,WRI Aqueduct 4.0 baseline_annual
26023,2024,MI,Branch County,5857.0,13.2,64636.0,0,peeringdb_us_facilities_20261006T160916Z.json,2024,19.3,eia_residential_electricity_price_2024_by_state.csv,state,0,,,0,no_listed_facilities,WRI Aqueduct 4.0 baseline_annual
26025,2024,MI,Calhoun County,19002.0,14.5,65049.0,0,peeringdb_us_facilities_20261006T160916Z.json,2024,19.3,eia_residential_electricity_price_2024_by_state.csv,state,0,,,0,no_listed_facilities,WRI Aqueduct 4.0 baseline_annual
26027,2024,MI,Cass County,6456.0,12.7,69579.0,1,peeringdb_us_facilities_20261006T160916Z.json,2024,19.3,eia_residential_electricity_price_2024_by_state.csv,state,1,0.0,100.0,0,complete_coverage,WRI Aqueduct 4.0 baseline_annual
26029,2024,MI,Charlevoix County,2572.0,9.9,71544.0,0,peeringdb_us_facilities_20261006T160916Z.json,2024,19.3,eia_residential_electricity_price_2024_by_state.csv,state,0,,,0,no_listed_facilities,WRI Aqueduct 4.0 baseline_annual
26031,2024,MI,Cheboygan County,3219.0,12.5,58842.0,0,peeringdb_us_facilities_20261006T160916Z.json,2024,19.3,eia_residential_electricity_price_2024_by_state.csv,state,0,,,0,no_listed_facilities,WRI Aqueduct 4.0 baseline_annual
26033,2024,MI,Chippewa County,4641.0,14.4,61705.0,0,peeringdb_us_facilities_20261006T160916Z.json,2024,19.3,eia_residential_electricity_price_2024_by_state.csv,state,0,,,0,no_listed_facilities,WRI Aqueduct 4.0 baseline_annual
26035,2024,MI,Clare County,5998.0,19.3,48238.0,0,peeringdb_us_facilities_20261006T160916Z.json,2024,19.3,eia_residential_electricity_price_2024_by_state.csv,state,0,,,0,no_listed_facilities,WRI Aqueduct 4.0 baseline_annual
26037,2024,MI,Clinton County,6664.0,8.4,90150.0,0,peeringdb_us_facilities_20261006T160916Z.json,2024,19.3,eia_residential_electricity_price_2024_by_state.csv,state,0,,,0,no_listed_facilities,WRI Aqueduct 4.0 baseline_annual
26039,2024,MI,Crawford County,1930.0,14.4,57605.0,0,peeringdb_us_facilities_20261006T160916Z.json,2024,19.3,eia_residential_electricity_price_2024_by_state.csv,state,0,,,0,no_listed_facilities,WRI Aqueduct 4.0 baseline_annual
26041,2024,MI,Delta County,4390.0,12.1,59827.0,0,peeringdb_us_facilities_20261006T160916Z.json,2024,19.3,eia_residential_electricity_price_2024_by_state.csv,state,0,,,0,no_listed_facilities,WRI Aqueduct 4.0 baseline_annual
26043,2024,MI,Dickinson County,2885.0,11.2,69360.0,0,peeringdb_us_facilities_20261006T160916Z.json,2024,19.3,eia_residential_electricity_price_2024_by_state.csv,state,0,,,0,no_listed_facilities,WRI Aqueduct 4.0 baseline_annual
26045,2024,MI,Eaton County,8864.0,8.2,80080.0,1,peeringdb_us_facilities_20261006T160916Z.json,2024,19.3,eia_residential_electricity_price_2024_by_state.csv,state,1,0.0,100.0,0,complete_coverage,WRI Aqueduct 4.0 baseline_annual
26047,2024,MI,Emmet County,2802.0,8.4,79295.0,0,peeringdb_us_facilities_20261006T160916Z.json,2024,19.3,eia_residential_electricity_price_2024_by_state.csv,state,0,,,0,no_listed_facilities,WRI Aqueduct 4.0 baseline_annual
26049,2024,MI,Genesee County,71580.0,18.0,63828.0,0,peeringdb_us_facilities_20261006T160916Z.json,2024,19.3,eia_residential_electricity_price_2024_by_state.csv,state,0,,,0,no_listed_facilities,WRI Aqueduct 4.0 baseline_annual
26051,2024,MI,Gladwin County,4349.0,16.9,56272.0,0,peeringdb_us_facilities_20261006T160916Z.json,2024,19.3,eia_residential_electricity_price_2024_by_state.csv,state,0,,,0,no_listed_facilities,WRI Aqueduct 4.0 baseline_annual
26053,2024,MI,Gogebic County,2442.0,17.5,53013.0,0,peeringdb_us_facilities_20261006T160916Z.json,2024,19.3,eia_residential_electricity_price_2024_by_state.csv,state,0,,,0,no_listed_facilities,WRI Aqueduct 4.0 baseline_annual
26055,2024,MI,Grand Traverse County,8026.0,8.4,82515.0,0,peeringdb_us_facilities_20261006T160916Z.json,2024,19.3,eia_residential_electricity_price_2024_by_state.csv,state,0,,,0,no_listed_facilities,WRI Aqueduct 4.0 baseline_annual
26057,2024,MI,Gratiot County,5185.0,14.6,64157.0,0,peeringdb_us_facilities_20261006T160916Z.json,2024,19.3,eia_residential_electricity_price_2024_by_state.csv,state,0,,,0,no_listed_facilities,WRI Aqueduct 4.0 baseline_annual
26059,2024,MI,Hillsdale County,5655.0,12.8,66118.0,0,peeringdb_us_facilities_20261006T160916Z.json,2024,19.3,eia_residential_electricity_price_2024_by_state.csv,state,0,,,0,no_listed_facilities,WRI Aqueduct 4.0 baseline_annual
26061,2024,MI,Houghton County,5953.0,17.4,55547.0,1,peeringdb_us_facilities_20261006T160916Z.json,2024,19.3,eia_residential_electricity_price_2024_by_state.csv,state,1,0.0,100.0,0,complete_coverage,WRI Aqueduct 4.0 baseline_annual
26063,2024,MI,Huron County,4332.0,14.2,61317.0,0,peeringdb_us_facilities_20261006T160916Z.json,2024,19.3,eia_residential_electricity_price_2024_by_state.csv,state,0,,,0,no_listed_facilities,WRI Aqueduct 4.0 baseline_annual
26065,2024,MI,Ingham County,49061.0,18.1,66388.0,0,peeringdb_us_facilities_20261006T160916Z.json,2024,19.3,eia_residential_electricity_price_2024_by_state.csv,state,0,,,0,no_listed_facilities,WRI Aqueduct 4.0 baseline_annual
26067,2024,MI,Ionia County,6345.0,10.5,75362.0,0,peeringdb_us_facilities_20261006T160916Z.json,2024,19.3,eia_residential_electricity_price_2024_by_state.csv,state,0,,,0,no_listed_facilities,WRI Aqueduct 4.0 baseline_annual
26069,2024,MI,Iosco County,3624.0,14.4,58092.0,0,peeringdb_us_facilities_20261006T160916Z.json,2024,19.3,eia_residential_electricity_price_2024_by_state.csv,state,0,,,0,no_listed_facilities,WRI Aqueduct 4.0 baseline_annual
26071,2024,MI,Iron County,1625.0,14.2,53519.0,0,peeringdb_us_facilities_20261006T160916Z.json,2024,19.3,eia_residential_electricity_price_2024_by_state.csv,state,0,,,0,no_listed_facilities,WRI Aqueduct 4.0 baseline_annual
26073,2024,MI,Isabella County,11579.0,19.0,56734.0,0,peeringdb_us_facilities_20261006T160916Z.json,2024,19.3,eia_residential_electricity_price_2024_by_state.csv,state,0,,,0,no_listed_facilities,WRI Aqueduct 4.0 baseline_annual
26075,2024,MI,Jackson County,17057.0,11.3,67303.0,0,peeringdb_us_facilities_20261006T160916Z.json,2024,19.3,eia_residential_electricity_price_2024_by_state.csv,state,0,,,0,no_listed_facilities,WRI Aqueduct 4.0 baseline_annual
26077,2024,MI,Kalamazoo County,29871.0,11.6,72071.0,1,peeringdb_us_facilities_20261006T160916Z.json,2024,19.3,eia_residential_electricity_price_2024_by_state.csv,state,1,2.671208037573646,100.0,0,complete_coverage,WRI Aqueduct 4.0 baseline_annual
26079,2024,MI,Kalkaska County,2037.0,11.1,71627.0,0,peeringdb_us_facilities_20261006T160916Z.json,2024,19.3,eia_residential_electricity_price_2024_by_state.csv,state,0,,,0,no_listed_facilities,WRI Aqueduct 4.0 baseline_annual
26081,2024,MI,Kent County,60909.0,9.2,80768.0,3,peeringdb_us_facilities_20261006T160916Z.json,2024,19.3,eia_residential_electricity_price_2024_by_state.csv,state,3,0.0,100.0,0,complete_coverage,WRI Aqueduct 4.0 baseline_annual
26083,2024,MI,Keweenaw County,254.0,11.8,58613.0,0,peeringdb_us_facilities_20261006T160916Z.json,2024,19.3,eia_residential_electricity_price_2024_by_state.csv,state,0,,,0,no_listed_facilities,WRI Aqueduct 4.0 baseline_annual
26085,2024,MI,Lake County,2843.0,24.2,48557.0,0,peeringdb_us_facilities_20261006T160916Z.json,2024,19.3,eia_residential_electricity_price_2024_by_state.csv,state,0,,,0,no_listed_facilities,WRI Aqueduct 4.0 baseline_annual
26087,2024,MI,Lapeer County,7918.0,9.0,78002.0,0,peeringdb_us_facilities_20261006T160916Z.json,2024,19.3,eia_residential_electricity_price_2024_by_state.csv,state,0,,,0,no_listed_facilities,WRI Aqueduct 4.0 baseline_annual
26089,2024,MI,Leelanau County,1483.0,6.5,96419.0,0,peeringdb_us_facilities_20261006T160916Z.json,2024,19.3,eia_residential_electricity_price_2024_by_state.csv,state,0,,,0,no_listed_facilities,WRI Aqueduct 4.0 baseline_annual
26091,2024,MI,Lenawee County,9021.0,9.6,71849.0,0,peeringdb_us_facilities_20261006T160916Z.json,2024,19.3,eia_residential_electricity_price_2024_by_state.csv,state,0,,,0,no_listed_facilities,WRI Aqueduct 4.0 baseline_annual
26093,2024,MI,Livingston County,10466.0,5.4,101995.0,0,peeringdb_us_facilities_20261006T160916Z.json,2024,19.3,eia_residential_electricity_price_2024_by_state.csv,state,0,,,0,no_listed_facilities,WRI Aqueduct 4.0 baseline_annual
26095,2024,MI,Luce County,987.0,19.4,56009.0,0,peeringdb_us_facilities_20261006T160916Z.json,2024,19.3,eia_residential_electricity_price_2024_by_state.csv,state,0,,,0,no_listed_facilities,WRI Aqueduct 4.0 baseline_annual
26097,2024,MI,Mackinac County,1327.0,12.0,60831.0,0,peeringdb_us_facilities_20261006T160916Z.json,2024,19.3,eia_residential_electricity_price_2024_by_state.csv,state,0,,,0,no_listed_facilities,WRI Aqueduct 4.0 baseline_annual
26099,2024,MI,Macomb County,95073.0,10.8,77928.0,0,peeringdb_us_facilities_20261006T160916Z.json,2024,19.3,eia_residential_electricity_price_2024_by_state.csv,state,0,,,0,no_listed_facilities,WRI Aqueduct 4.0 baseline_annual
26101,2024,MI,Manistee County,3322.0,13.7,62668.0,0,peeringdb_us_facilities_20261006T160916Z.json,2024,19.3,eia_residential_electricity_price_2024_by_state.csv,state,0,,,0,no_listed_facilities,WRI Aqueduct 4.0 baseline_annual
26103,2024,MI,Marquette County,8430.0,13.4,67030.0,0,peeringdb_us_facilities_20261006T160916Z.json,2024,19.3,eia_residential_electricity_price_2024_by_state.csv,state,0,,,0,no_listed_facilities,WRI Aqueduct 4.0 baseline_annual
26105,2024,MI,Mason County,3353.0,11.7,64623.0,0,peeringdb_us_facilities_20261006T160916Z.json,2024,19.3,eia_residential_electricity_price_2024_by_state.csv,state,0,,,0,no_listed_facilities,WRI Aqueduct 4.0 baseline_annual
26107,2024,MI,Mecosta County,7777.0,19.3,62074.0,0,peeringdb_us_facilities_20261006T160916Z.json,2024,19.3,eia_residential_electricity_price_2024_by_state.csv,state,0,,,0,no_listed_facilities,WRI Aqueduct 4.0 baseline_annual
26109,2024,MI,Menominee County,2957.0,13.0,58100.0,0,peeringdb_us_facilities_20261006T160916Z.json,2024,19.3,eia_residential_electricity_price_2024_by_state.csv,state,0,,,0,no_listed_facilities,WRI Aqueduct 4.0 baseline_annual
26111,2024,MI,Midland County,7892.0,9.5,78615.0,0,peeringdb_us_facilities_20261006T160916Z.json,2024,19.3,eia_residential_electricity_price_2024_by_state.csv,state,0,,,0,no_listed_facilities,WRI Aqueduct 4.0 baseline_annual
26113,2024,MI,Missaukee County,1830.0,12.1,66502.0,0,peeringdb_us_facilities_20261006T160916Z.json,2024,19.3,eia_residential_electricity_price_2024_by_state.csv,state,0,,,0,no_listed_facilities,WRI Aqueduct 4.0 baseline_annual
26115,2024,MI,Monroe County,15017.0,9.7,76490.0,0,peeringdb_us_facilities_20261006T160916Z.json,2024,19.3,eia_residential_electricity_price_2024_by_state.csv,state,0,,,0,no_listed_facilities,WRI Aqueduct 4.0 baseline_annual
26117,2024,MI,Montcalm County,9019.0,14.2,66100.0,0,peeringdb_us_facilities_20261006T160916Z.json,2024,19.3,eia_residential_electricity_price_2024_by_state.csv,state,0,,,0,no_listed_facilities,WRI Aqueduct 4.0 baseline_annual
26119,2024,MI,Montmorency County,1494.0,15.3,51992.0,0,peeringdb_us_facilities_20261006T160916Z.json,2024,19.3,eia_residential_electricity_price_2024_by_state.csv,state,0,,,0,no_listed_facilities,WRI Aqueduct 4.0 baseline_annual
26121,2024,MI,Muskegon County,29034.0,16.8,61598.0,0,peeringdb_us_facilities_20261006T160916Z.json,2024,19.3,eia_residential_electricity_price_2024_by_state.csv,state,0,,,0,no_listed_facilities,WRI Aqueduct 4.0 baseline_annual
26123,2024,MI,Newaygo County,5937.0,11.7,66127.0,0,peeringdb_us_facilities_20261006T160916Z.json,2024,19.3,eia_residential_electricity_price_2024_by_state.csv,state,0,,,0,no_listed_facilities,WRI Aqueduct 4.0 baseline_annual
26125,2024,MI,Oakland County,98067.0,7.6,99070.0,12,peeringdb_us_facilities_20261006T160916Z.json,2024,19.3,eia_residential_electricity_price_2024_by_state.csv,state,12,0.4342048566734225,100.0,0,complete_coverage,WRI Aqueduct 4.0 baseline_annual
26127,2024,MI,Oceana County,3872.0,14.5,60449.0,0,peeringdb_us_facilities_20261006T160916Z.json,2024,19.3,eia_residential_electricity_price_2024_by_state.csv,state,0,,,0,no_listed_facilities,WRI Aqueduct 4.0 baseline_annual
26129,2024,MI,Ogemaw County,3250.0,15.7,55057.0,0,peeringdb_us_facilities_20261006T160916Z.json,2024,19.3,eia_residential_electricity_price_2024_by_state.csv,state,0,,,0,no_listed_facilities,WRI Aqueduct 4.0 baseline_annual
26131,2024,MI,Ontonagon County,824.0,14.3,52958.0,0,peeringdb_us_facilities_20261006T160916Z.json,2024,19.3,eia_residential_electricity_price_2024_by_state.csv,state,0,,,0,no_listed_facilities,WRI Aqueduct 4.0 baseline_annual
26133,2024,MI,Osceola County,3609.0,15.6,54928.0,0,peeringdb_us_facilities_20261006T160916Z.json,2024,19.3,eia_residential_electricity_price_2024_by_state.csv,state,0,,,0,no_listed_facilities,WRI Aqueduct 4.0 baseline_annual
26135,2024,MI,Oscoda County,1406.0,16.5,52462.0,0,peeringdb_us_facilities_20261006T160916Z.json,2024,19.3,eia_residential_electricity_price_2024_by_state.csv,state,0,,,0,no_listed_facilities,WRI Aqueduct 4.0 baseline_annual
26137,2024,MI,Otsego County,2208.0,8.5,69981.0,0,peeringdb_us_facilities_20261006T160916Z.json,2024,19.3,eia_residential_electricity_price_2024_by_state.csv,state,0,,,0,no_listed_facilities,WRI Aqueduct 4.0 baseline_annual
26139,2024,MI,Ottawa County,26282.0,8.8,89708.0,0,peeringdb_us_facilities_20261006T160916Z.json,2024,19.3,eia_residential_electricity_price_2024_by_state.csv,state,0,,,0,no_listed_facilities,WRI Aqueduct 4.0 baseline_annual
26141,2024,MI,Presque Isle County,1728.0,13.2,59991.0,0,peeringdb_us_facilities_20261006T160916Z.json,2024,19.3,eia_residential_electricity_price_2024_by_state.csv,state,0,,,0,no_listed_facilities,WRI Aqueduct 4.0 baseline_annual
26143,2024,MI,Roscommon County,3872.0,16.3,50727.0,0,peeringdb_us_facilities_20261006T160916Z.json,2024,19.3,eia_residential_electricity_price_2024_by_state.csv,state,0,,,0,no_listed_facilities,WRI Aqueduct 4.0 baseline_annual
26145,2024,MI,Saginaw County,30637.0,16.8,61572.0,0,peeringdb_us_facilities_20261006T160916Z.json,2024,19.3,eia_residential_electricity_price_2024_by_state.csv,state,0,,,0,no_listed_facilities,WRI Aqueduct 4.0 baseline_annual
26147,2024,MI,St. Clair County,17239.0,10.9,71545.0,0,peeringdb_us_facilities_20261006T160916Z.json,2024,19.3,eia_residential_electricity_price_2024_by_state.csv,state,0,,,0,no_listed_facilities,WRI Aqueduct 4.0 baseline_annual
26149,2024,MI,St. Joseph County,7445.0,12.3,65096.0,0,peeringdb_us_facilities_20261006T160916Z.json,2024,19.3,eia_residential_electricity_price_2024_by_state.csv,state,0,,,0,no_listed_facilities,WRI Aqueduct 4.0 baseline_annual
26151,2024,MI,Sanilac County,6627.0,16.6,58383.0,0,peeringdb_us_facilities_20261006T160916Z.json,2024,19.3,eia_residential_electricity_price_2024_by_state.csv,state,0,,,0,no_listed_facilities,WRI Aqueduct 4.0 baseline_annual
26153,2024,MI,Schoolcraft County,1114.0,13.8,58519.0,0,peeringdb_us_facilities_20261006T160916Z.json,2024,19.3,eia_residential_electricity_price_2024_by_state.csv,state,0,,,0,no_listed_facilities,WRI Aqueduct 4.0 baseline_annual
26155,2024,MI,Shiawassee County,8324.0,12.4,71235.0,0,peeringdb_us_facilities_20261006T160916Z.json,2024,19.3,eia_residential_electricity_price_2024_by_state.csv,state,0,,,0,no_listed_facilities,WRI Aqueduct 4.0 baseline_annual
26157,2024,MI,Tuscola County,5888.0,11.3,62492.0,0,peeringdb_us_facilities_20261006T160916Z.json,2024,19.3,eia_residential_electricity_price_2024_by_state.csv,state,0,,,0,no_listed_facilities,WRI Aqueduct 4.0 baseline_annual
26159,2024,MI,Van Buren County,10286.0,13.6,67463.0,0,peeringdb_us_facilities_20261006T160916Z.json,2024,19.3,eia_residential_electricity_price_2024_by_state.csv,state,0,,,0,no_listed_facilities,WRI Aqueduct 4.0 baseline_annual
26161,2024,MI,Washtenaw County,49125.0,13.9,90907.0,1,peeringdb_us_facilities_20261006T160916Z.json,2024,19.3,eia_residential_electricity_price_2024_by_state.csv,state,1,3.530514924286732,100.0,0,complete_coverage,WRI Aqueduct 4.0 baseline_annual
26163,2024,MI,Wayne County,386973.0,22.1,59484.0,3,peeringdb_us_facilities_20261006T160916Z.json,2024,19.3,eia_residential_electricity_price_2024_by_state.csv,state,3,0.0,100.0,0,complete_coverage,WRI Aqueduct 4.0 baseline_annual
26165,2024,MI,Wexford County,4949.0,14.6,56558.0,0,peeringdb_us_facilities_20261006T160916Z.json,2024,19.3,eia_residential_electricity_price_2024_by_state.csv,state,0,,,0,no_listed_facilities,WRI Aqueduct 4.0 baseline_annual
27001,2024,MN,Aitkin County,2238.0,13.9,62351.0,0,peeringdb_us_facilities_20261006T160916Z.json,2024,15.45,eia_residential_electricity_price_2024_by_state.csv,state,0,,,0,no_listed_facilities,WRI Aqueduct 4.0 baseline_annual
27003,2024,MN,Anoka County,25712.0,6.9,100616.0,1,peeringdb_us_facilities_20261006T160916Z.json,2024,15.45,eia_residential_electricity_price_2024_by_state.csv,state,1,3.459892862170365,100.0,0,complete_coverage,WRI Aqueduct 4.0 baseline_annual
27005,2024,MN,Becker County,4490.0,12.8,71821.0,0,peeringdb_us_facilities_20261006T160916Z.json,2024,15.45,eia_residential_electricity_price_2024_by_state.csv,state,0,,,0,no_listed_facilities,WRI Aqueduct 4.0 baseline_annual
27007,2024,MN,Beltrami County,7708.0,17.3,63322.0,0,peeringdb_us_facilities_20261006T160916Z.json,2024,15.45,eia_residential_electricity_price_2024_by_state.csv,state,0,,,0,no_listed_facilities,WRI Aqueduct 4.0 baseline_annual
27009,2024,MN,Benton County,3907.0,9.5,77562.0,0,peeringdb_us_facilities_20261006T160916Z.json,2024,15.45,eia_residential_electricity_price_2024_by_state.csv,state,0,,,0,no_listed_facilities,WRI Aqueduct 4.0 baseline_annual
27011,2024,MN,Big Stone County,608.0,12.3,69982.0,0,peeringdb_us_facilities_20261006T160916Z.json,2024,15.45,eia_residential_electricity_price_2024_by_state.csv,state,0,,,0,no_listed_facilities,WRI Aqueduct 4.0 baseline_annual
27013,2024,MN,Blue Earth County,9380.0,14.1,72501.0,0,peeringdb_us_facilities_20261006T160916Z.json,2024,15.45,eia_residential_electricity_price_2024_by_state.csv,state,0,,,0,no_listed_facilities,WRI Aqueduct 4.0 baseline_annual
27015,2024,MN,Brown County,2367.0,9.6,71234.0,0,peeringdb_us_facilities_20261006T160916Z.json,2024,15.45,eia_residential_electricity_price_2024_by_state.csv,state,0,,,0,no_listed_facilities,WRI Aqueduct 4.0 baseline_annual
27017,2024,MN,Carlton County,3902.0,11.2,74613.0,0,peeringdb_us_facilities_20261006T160916Z.json,2024,15.45,eia_residential_electricity_price_2024_by_state.csv,state,0,,,0,no_listed_facilities,WRI Aqueduct 4.0 baseline_annual
27019,2024,MN,Carver County,5239.0,4.7,128341.0,2,peeringdb_us_facilities_20261006T160916Z.json,2024,15.45,eia_residential_electricity_price_2024_by_state.csv,state,2,1.0473229796305166,100.0,0,complete_coverage,WRI Aqueduct 4.0 baseline_annual
27021,2024,MN,Cass County,3640.0,11.7,74471.0,0,peeringdb_us_facilities_20261006T160916Z.json,2024,15.45,eia_residential_electricity_price_2024_by_state.csv,state,0,,,0,no_listed_facilities,WRI Aqueduct 4.0 baseline_annual
27023,2024,MN,Chippewa County,1491.0,12.4,70511.0,0,peeringdb_us_facilities_20261006T160916Z.json,2024,15.45,eia_residential_electricity_price_2024_by_state.csv,state,0,,,0,no_listed_facilities,WRI Aqueduct 4.0 baseline_annual
27025,2024,MN,Chisago County,3699.0,6.4,100209.0,0,peeringdb_us_facilities_20261006T160916Z.json,2024,15.45,eia_residential_electricity_price_2024_by_state.csv,state,0,,,0,no_listed_facilities,WRI Aqueduct 4.0 baseline_annual
27027,2024,MN,Clay County,7116.0,11.2,81226.0,1,peeringdb_us_facilities_20261006T160916Z.json,2024,15.45,eia_residential_electricity_price_2024_by_state.csv,state,1,2.09775257504817,100.0,0,complete_coverage,WRI Aqueduct 4.0 baseline_annual
27029,2024,MN,Clearwater County,1205.0,14.1,65723.0,0,peeringdb_us_facilities_20261006T160916Z.json,2024,15.45,eia_residential_electricity_price_2024_by_state.csv,state,0,,,0,no_listed_facilities,WRI Aqueduct 4.0 baseline_annual
27031,2024,MN,Cook County,541.0,9.8,68087.0,0,peeringdb_us_facilities_20261006T160916Z.json,2024,15.45,eia_residential_electricity_price_2024_by_state.csv,state,0,,,0,no_listed_facilities,WRI Aqueduct 4.0 baseline_annual
27033,2024,MN,Cottonwood County,1295.0,11.7,73902.0,0,peeringdb_us_facilities_20261006T160916Z.json,2024,15.45,eia_residential_electricity_price_2024_by_state.csv,state,0,,,0,no_listed_facilities,WRI Aqueduct 4.0 baseline_annual
27035,2024,MN,Crow Wing County,7284.0,10.8,73595.0,0,peeringdb_us_facilities_20261006T160916Z.json,2024,15.45,eia_residential_electricity_price_2024_by_state.csv,state,0,,,0,no_listed_facilities,WRI Aqueduct 4.0 baseline_annual
27037,2024,MN,Dakota County,31798.0,7.1,105495.0,1,peeringdb_us_facilities_20261006T160916Z.json,2024,15.45,eia_residential_electricity_price_2024_by_state.csv,state,1,0.0,100.0,0,complete_coverage,WRI Aqueduct 4.0 baseline_annual
27039,2024,MN,Dodge County,1570.0,7.4,97714.0,0,peeringdb_us_facilities_20261006T160916Z.json,2024,15.45,eia_residential_electricity_price_2024_by_state.csv,state,0,,,0,no_listed_facilities,WRI Aqueduct 4.0 baseline_annual
27041,2024,MN,Douglas County,3648.0,9.3,79503.0,0,peeringdb_us_facilities_20261006T160916Z.json,2024,15.45,eia_residential_electricity_price_2024_by_state.csv,state,0,,,0,no_listed_facilities,WRI Aqueduct 4.0 baseline_annual
27043,2024,MN,Faribault County,1478.0,10.8,65607.0,0,peeringdb_us_facilities_20261006T160916Z.json,2024,15.45,eia_residential_electricity_price_2024_by_state.csv,state,0,,,0,no_listed_facilities,WRI Aqueduct 4.0 baseline_annual
27045,2024,MN,Fillmore County,1708.0,8.1,77883.0,0,peeringdb_us_facilities_20261006T160916Z.json,2024,15.45,eia_residential_electricity_price_2024_by_state.csv,state,0,,,0,no_listed_facilities,WRI Aqueduct 4.0 baseline_annual
27047,2024,MN,Freeborn County,3375.0,11.3,69863.0,1,peeringdb_us_facilities_20261006T160916Z.json,2024,15.45,eia_residential_electricity_price_2024_by_state.csv,state,1,3.456348810109186,100.0,0,complete_coverage,WRI Aqueduct 4.0 baseline_annual
27049,2024,MN,Goodhue County,3407.0,7.2,84127.0,0,peeringdb_us_facilities_20261006T160916Z.json,2024,15.45,eia_residential_electricity_price_2024_by_state.csv,state,0,,,0,no_listed_facilities,WRI Aqueduct 4.0 baseline_annual
27051,2024,MN,Grant County,592.0,9.8,69963.0,0,peeringdb_us_facilities_20261006T160916Z.json,2024,15.45,eia_residential_electricity_price_2024_by_state.csv,state,0,,,0,no_listed_facilities,WRI Aqueduct 4.0 baseline_annual
27053,2024,MN,Hennepin County,119337.0,9.5,95372.0,19,peeringdb_us_facilities_20261006T160916Z.json,2024,15.45,eia_residential_electricity_price_2024_by_state.csv,state,19,3.0789607754535466,100.0,0,complete_coverage,WRI Aqueduct 4.0 baseline_annual
27055,2024,MN,Houston County,1563.0,8.6,77735.0,0,peeringdb_us_facilities_20261006T160916Z.json,2024,15.45,eia_residential_electricity_price_2024_by_state.csv,state,0,,,0,no_listed_facilities,WRI Aqueduct 4.0 baseline_annual
27057,2024,MN,Hubbard County,2713.0,12.4,72189.0,0,peeringdb_us_facilities_20261006T160916Z.json,2024,15.45,eia_residential_electricity_price_2024_by_state.csv,state,0,,,0,no_listed_facilities,WRI Aqueduct 4.0 baseline_annual
27059,2024,MN,Isanti County,3105.0,7.2,92468.0,0,peeringdb_us_facilities_20261006T160916Z.json,2024,15.45,eia_residential_electricity_price_2024_by_state.csv,state,0,,,0,no_listed_facilities,WRI Aqueduct 4.0 baseline_annual
27061,2024,MN,Itasca County,4884.0,11.0,71607.0,0,peeringdb_us_facilities_20261006T160916Z.json,2024,15.45,eia_residential_electricity_price_2024_by_state.csv,state,0,,,0,no_listed_facilities,WRI Aqueduct 4.0 baseline_annual
27063,2024,MN,Jackson County,912.0,9.4,79179.0,0,peeringdb_us_facilities_20261006T160916Z.json,2024,15.45,eia_residential_electricity_price_2024_by_state.csv,state,0,,,0,no_listed_facilities,WRI Aqueduct 4.0 baseline_annual
27065,2024,MN,Kanabec County,1809.0,11.0,71812.0,0,peeringdb_us_facilities_20261006T160916Z.json,2024,15.45,eia_residential_electricity_price_2024_by_state.csv,state,0,,,0,no_listed_facilities,WRI Aqueduct 4.0 baseline_annual
27067,2024,MN,Kandiyohi County,3912.0,8.9,76575.0,0,peeringdb_us_facilities_20261006T160916Z.json,2024,15.45,eia_residential_electricity_price_2024_by_state.csv,state,0,,,0,no_listed_facilities,WRI Aqueduct 4.0 baseline_annual
27069,2024,MN,Kittson County,390.0,10.0,77479.0,0,peeringdb_us_facilities_20261006T160916Z.json,2024,15.45,eia_residential_electricity_price_2024_by_state.csv,state,0,,,0,no_listed_facilities,WRI Aqueduct 4.0 baseline_annual
27071,2024,MN,Koochiching County,1525.0,13.4,64165.0,0,peeringdb_us_facilities_20261006T160916Z.json,2024,15.45,eia_residential_electricity_price_2024_by_state.csv,state,0,,,0,no_listed_facilities,WRI Aqueduct 4.0 baseline_annual
27073,2024,MN,Lac qui Parle County,604.0,9.3,72965.0,0,peeringdb_us_facilities_20261006T160916Z.json,2024,15.45,eia_residential_electricity_price_2024_by_state.csv,state,0,,,0,no_listed_facilities,WRI Aqueduct 4.0 baseline_annual
27075,2024,MN,Lake County,1055.0,10.0,73427.0,0,peeringdb_us_facilities_20261006T160916Z.json,2024,15.45,eia_residential_electricity_price_2024_by_state.csv,state,0,,,0,no_listed_facilities,WRI Aqueduct 4.0 baseline_annual
27077,2024,MN,Lake of the Woods County,388.0,10.3,68245.0,0,peeringdb_us_facilities_20261006T160916Z.json,2024,15.45,eia_residential_electricity_price_2024_by_state.csv,state,0,,,0,no_listed_facilities,WRI Aqueduct 4.0 baseline_annual
27079,2024,MN,Le Sueur County,2168.0,7.4,97422.0,0,peeringdb_us_facilities_20261006T160916Z.json,2024,15.45,eia_residential_electricity_price_2024_by_state.csv,state,0,,,0,no_listed_facilities,WRI Aqueduct 4.0 baseline_annual
27081,2024,MN,Lincoln County,672.0,12.3,67555.0,0,peeringdb_us_facilities_20261006T160916Z.json,2024,15.45,eia_residential_electricity_price_2024_by_state.csv,state,0,,,0,no_listed_facilities,WRI Aqueduct 4.0 baseline_annual
27083,2024,MN,Lyon County,2763.0,11.1,75285.0,0,peeringdb_us_facilities_20261006T160916Z.json,2024,15.45,eia_residential_electricity_price_2024_by_state.csv,state,0,,,0,no_listed_facilities,WRI Aqueduct 4.0 baseline_annual
27085,2024,MN,McLeod County,2890.0,8.0,81839.0,0,peeringdb_us_facilities_20261006T160916Z.json,2024,15.45,eia_residential_electricity_price_2024_by_state.csv,state,0,,,0,no_listed_facilities,WRI Aqueduct 4.0 baseline_annual
27087,2024,MN,Mahnomen County,858.0,16.4,60812.0,0,peeringdb_us_facilities_20261006T160916Z.json,2024,15.45,eia_residential_electricity_price_2024_by_state.csv,state,0,,,0,no_listed_facilities,WRI Aqueduct 4.0 baseline_annual
27089,2024,MN,Marshall County,785.0,9.0,73025.0,0,peeringdb_us_facilities_20261006T160916Z.json,2024,15.45,eia_residential_electricity_price_2024_by_state.csv,state,0,,,0,no_listed_facilities,WRI Aqueduct 4.0 baseline_annual
27091,2024,MN,Martin County,2447.0,12.7,61311.0,0,peeringdb_us_facilities_20261006T160916Z.json,2024,15.45,eia_residential_electricity_price_2024_by_state.csv,state,0,,,0,no_listed_facilities,WRI Aqueduct 4.0 baseline_annual
27093,2024,MN,Meeker County,2157.0,9.3,75367.0,0,peeringdb_us_facilities_20261006T160916Z.json,2024,15.45,eia_residential_electricity_price_2024_by_state.csv,state,0,,,0,no_listed_facilities,WRI Aqueduct 4.0 baseline_annual
27095,2024,MN,Mille Lacs County,2926.0,10.8,76062.0,0,peeringdb_us_facilities_20261006T160916Z.json,2024,15.45,eia_residential_electricity_price_2024_by_state.csv,state,0,,,0,no_listed_facilities,WRI Aqueduct 4.0 baseline_annual
27097,2024,MN,Morrison County,3940.0,11.5,71508.0,0,peeringdb_us_facilities_20261006T160916Z.json,2024,15.45,eia_residential_electricity_price_2024_by_state.csv,state,0,,,0,no_listed_facilities,WRI Aqueduct 4.0 baseline_annual
27099,2024,MN,Mower County,3721.0,9.2,70499.0,0,peeringdb_us_facilities_20261006T160916Z.json,2024,15.45,eia_residential_electricity_price_2024_by_state.csv,state,0,,,0,no_listed_facilities,WRI Aqueduct 4.0 baseline_annual
27101,2024,MN,Murray County,816.0,10.2,73306.0,0,peeringdb_us_facilities_20261006T160916Z.json,2024,15.45,eia_residential_electricity_price_2024_by_state.csv,state,0,,,0,no_listed_facilities,WRI Aqueduct 4.0 baseline_annual
27103,2024,MN,Nicollet County,2493.0,7.8,82044.0,0,peeringdb_us_facilities_20261006T160916Z.json,2024,15.45,eia_residential_electricity_price_2024_by_state.csv,state,0,,,0,no_listed_facilities,WRI Aqueduct 4.0 baseline_annual
27105,2024,MN,Nobles County,2867.0,13.3,70123.0,0,peeringdb_us_facilities_20261006T160916Z.json,2024,15.45,eia_residential_electricity_price_2024_by_state.csv,state,0,,,0,no_listed_facilities,WRI Aqueduct 4.0 baseline_annual
27107,2024,MN,Norman County,652.0,10.5,71780.0,0,peeringdb_us_facilities_20261006T160916Z.json,2024,15.45,eia_residential_electricity_price_2024_by_state.csv,state,0,,,0,no_listed_facilities,WRI Aqueduct 4.0 baseline_annual
27109,2024,MN,Olmsted County,11111.0,6.8,94129.0,2,peeringdb_us_facilities_20261006T160916Z.json,2024,15.45,eia_residential_electricity_price_2024_by_state.csv,state,2,0.9976903982245244,100.0,0,complete_coverage,WRI Aqueduct 4.0 baseline_annual
27111,2024,MN,Otter Tail County,6309.0,10.5,71907.0,0,peeringdb_us_facilities_20261006T160916Z.json,2024,15.45,eia_residential_electricity_price_2024_by_state.csv,state,0,,,0,no_listed_facilities,WRI Aqueduct 4.0 baseline_annual
27113,2024,MN,Pennington County,1423.0,10.7,72712.0,0,peeringdb_us_facilities_20261006T160916Z.json,2024,15.45,eia_residential_electricity_price_2024_by_state.csv,state,0,,,0,no_listed_facilities,WRI Aqueduct 4.0 baseline_annual
27115,2024,MN,Pine County,3879.0,13.5,67872.0,0,peeringdb_us_facilities_20261006T160916Z.json,2024,15.45,eia_residential_electricity_price_2024_by_state.csv,state,0,,,0,no_listed_facilities,WRI Aqueduct 4.0 baseline_annual
27117,2024,MN,Pipestone County,892.0,10.0,70885.0,0,peeringdb_us_facilities_20261006T160916Z.json,2024,15.45,eia_residential_electricity_price_2024_by_state.csv,state,0,,,0,no_listed_facilities,WRI Aqueduct 4.0 baseline_annual
27119,2024,MN,Polk County,3863.0,13.2,75047.0,1,peeringdb_us_facilities_20261006T160916Z.json,2024,15.45,eia_residential_electricity_price_2024_by_state.csv,state,1,1.5261630059587752,100.0,0,complete_coverage,WRI Aqueduct 4.0 baseline_annual
27121,2024,MN,Pope County,975.0,8.6,76823.0,0,peeringdb_us_facilities_20261006T160916Z.json,2024,15.45,eia_residential_electricity_price_2024_by_state.csv,state,0,,,0,no_listed_facilities,WRI Aqueduct 4.0 baseline_annual
27123,2024,MN,Ramsey County,70320.0,13.3,78562.0,1,peeringdb_us_facilities_20261006T160916Z.json,2024,15.45,eia_residential_electricity_price_2024_by_state.csv,state,1,0.0,100.0,0,complete_coverage,WRI Aqueduct 4.0 baseline_annual
27125,2024,MN,Red Lake County,351.0,9.1,72158.0,0,peeringdb_us_facilities_20261006T160916Z.json,2024,15.45,eia_residential_electricity_price_2024_by_state.csv,state,0,,,0,no_listed_facilities,WRI Aqueduct 4.0 baseline_annual
27127,2024,MN,Redwood County,1656.0,11.0,66279.0,0,peeringdb_us_facilities_20261006T160916Z.json,2024,15.45,eia_residential_electricity_price_2024_by_state.csv,state,0,,,0,no_listed_facilities,WRI Aqueduct 4.0 baseline_annual
27129,2024,MN,Renville County,1521.0,10.8,74186.0,0,peeringdb_us_facilities_20261006T160916Z.json,2024,15.45,eia_residential_electricity_price_2024_by_state.csv,state,0,,,0,no_listed_facilities,WRI Aqueduct 4.0 baseline_annual
27131,2024,MN,Rice County,6523.0,10.6,83933.0,0,peeringdb_us_facilities_20261006T160916Z.json,2024,15.45,eia_residential_electricity_price_2024_by_state.csv,state,0,,,0,no_listed_facilities,WRI Aqueduct 4.0 baseline_annual
27133,2024,MN,Rock County,833.0,8.9,77403.0,0,peeringdb_us_facilities_20261006T160916Z.json,2024,15.45,eia_residential_electricity_price_2024_by_state.csv,state,0,,,0,no_listed_facilities,WRI Aqueduct 4.0 baseline_annual
27135,2024,MN,Roseau County,1327.0,8.8,76342.0,0,peeringdb_us_facilities_20261006T160916Z.json,2024,15.45,eia_residential_electricity_price_2024_by_state.csv,state,0,,,0,no_listed_facilities,WRI Aqueduct 4.0 baseline_annual
27137,2024,MN,St. Louis County,24564.0,12.7,69200.0,3,peeringdb_us_facilities_20261006T160916Z.json,2024,15.45,eia_residential_electricity_price_2024_by_state.csv,state,3,2.165410780200298,100.0,0,complete_coverage,WRI Aqueduct 4.0 baseline_annual
27139,2024,MN,Scott County,8303.0,5.3,121666.0,2,peeringdb_us_facilities_20261006T160916Z.json,2024,15.45,eia_residential_electricity_price_2024_by_state.csv,state,2,1.0473229796305166,100.0,0,complete_coverage,WRI Aqueduct 4.0 baseline_annual
27141,2024,MN,Sherburne County,5896.0,5.9,110997.0,0,peeringdb_us_facilities_20261006T160916Z.json,2024,15.45,eia_residential_electricity_price_2024_by_state.csv,state,0,,,0,no_listed_facilities,WRI Aqueduct 4.0 baseline_annual
27143,2024,MN,Sibley County,1212.0,8.1,79069.0,0,peeringdb_us_facilities_20261006T160916Z.json,2024,15.45,eia_residential_electricity_price_2024_by_state.csv,state,0,,,0,no_listed_facilities,WRI Aqueduct 4.0 baseline_annual
27145,2024,MN,Stearns County,18539.0,11.7,76793.0,0,peeringdb_us_facilities_20261006T160916Z.json,2024,15.45,eia_residential_electricity_price_2024_by_state.csv,state,0,,,0,no_listed_facilities,WRI Aqueduct 4.0 baseline_annual
27147,2024,MN,Steele County,3079.0,8.3,83225.0,1,peeringdb_us_facilities_20261006T160916Z.json,2024,15.45,eia_residential_electricity_price_2024_by_state.csv,state,1,0.3808716947105708,100.0,0,complete_coverage,WRI Aqueduct 4.0 baseline_annual
27149,2024,MN,Stevens County,993.0,10.9,73103.0,0,peeringdb_us_facilities_20261006T160916Z.json,2024,15.45,eia_residential_electricity_price_2024_by_state.csv,state,0,,,0,no_listed_facilities,WRI Aqueduct 4.0 baseline_annual
27151,2024,MN,Swift County,1238.0,13.2,65656.0,0,peeringdb_us_facilities_20261006T160916Z.json,2024,15.45,eia_residential_electricity_price_2024_by_state.csv,state,0,,,0,no_listed_facilities,WRI Aqueduct 4.0 baseline_annual
27153,2024,MN,Todd County,2691.0,10.5,70856.0,0,peeringdb_us_facilities_20261006T160916Z.json,2024,15.45,eia_residential_electricity_price_2024_by_state.csv,state,0,,,0,no_listed_facilities,WRI Aqueduct 4.0 baseline_annual
27155,2024,MN,Traverse County,397.0,13.1,68666.0,0,peeringdb_us_facilities_20261006T160916Z.json,2024,15.45,eia_residential_electricity_price_2024_by_state.csv,state,0,,,0,no_listed_facilities,WRI Aqueduct 4.0 baseline_annual
27157,2024,MN,Wabasha County,1480.0,7.0,81105.0,0,peeringdb_us_facilities_20261006T160916Z.json,2024,15.45,eia_residential_electricity_price_2024_by_state.csv,state,0,,,0,no_listed_facilities,WRI Aqueduct 4.0 baseline_annual
27159,2024,MN,Wadena County,2136.0,15.1,61394.0,0,peeringdb_us_facilities_20261006T160916Z.json,2024,15.45,eia_residential_electricity_price_2024_by_state.csv,state,0,,,0,no_listed_facilities,WRI Aqueduct 4.0 baseline_annual
27161,2024,MN,Waseca County,1587.0,8.9,79832.0,0,peeringdb_us_facilities_20261006T160916Z.json,2024,15.45,eia_residential_electricity_price_2024_by_state.csv,state,0,,,0,no_listed_facilities,WRI Aqueduct 4.0 baseline_annual
27163,2024,MN,Washington County,13767.0,4.9,113057.0,0,peeringdb_us_facilities_20261006T160916Z.json,2024,15.45,eia_residential_electricity_price_2024_by_state.csv,state,0,,,0,no_listed_facilities,WRI Aqueduct 4.0 baseline_annual
27165,2024,MN,Watonwan County,1167.0,10.6,71892.0,0,peeringdb_us_facilities_20261006T160916Z.json,2024,15.45,eia_residential_electricity_price_2024_by_state.csv,state,0,,,0,no_listed_facilities,WRI Aqueduct 4.0 baseline_annual
27167,2024,MN,Wilkin County,527.0,8.5,80591.0,0,peeringdb_us_facilities_20261006T160916Z.json,2024,15.45,eia_residential_electricity_price_2024_by_state.csv,state,0,,,0,no_listed_facilities,WRI Aqueduct 4.0 baseline_annual
27169,2024,MN,Winona County,6171.0,13.3,74003.0,0,peeringdb_us_facilities_20261006T160916Z.json,2024,15.45,eia_residential_electricity_price_2024_by_state.csv,state,0,,,0,no_listed_facilities,WRI Aqueduct 4.0 baseline_annual
27171,2024,MN,Wright County,9523.0,6.2,102130.0,0,peeringdb_us_facilities_20261006T160916Z.json,2024,15.45,eia_residential_electricity_price_2024_by_state.csv,state,0,,,0,no_listed_facilities,WRI Aqueduct 4.0 baseline_annual
27173,2024,MN,Yellow Medicine County,906.0,9.8,80444.0,0,peeringdb_us_facilities_20261006T160916Z.json,2024,15.45,eia_residential_electricity_price_2024_by_state.csv,state,0,,,0,no_listed_facilities,WRI Aqueduct 4.0 baseline_annual
28001,2024,MS,Adams County,6741.0,24.0,45515.0,0,peeringdb_us_facilities_20261006T160916Z.json,2024,13.39,eia_residential_electricity_price_2024_by_state.csv,state,0,,,0,no_listed_facilities,WRI Aqueduct 4.0 baseline_annual
28003,2024,MS,Alcorn County,5169.0,15.4,54635.0,0,peeringdb_us_facilities_20261006T160916Z.json,2024,13.39,eia_residential_electricity_price_2024_by_state.csv,state,0,,,0,no_listed_facilities,WRI Aqueduct 4.0 baseline_annual
28005,2024,MS,Amite County,2712.0,22.0,48604.0,0,peeringdb_us_facilities_20261006T160916Z.json,2024,13.39,eia_residential_electricity_price_2024_by_state.csv,state,0,,,0,no_listed_facilities,WRI Aqueduct 4.0 baseline_annual
28007,2024,MS,Attala County,3296.0,19.5,49806.0,0,peeringdb_us_facilities_20261006T160916Z.json,2024,13.39,eia_residential_electricity_price_2024_by_state.csv,state,0,,,0,no_listed_facilities,WRI Aqueduct 4.0 baseline_annual
28009,2024,MS,Benton County,1486.0,19.9,49106.0,0,peeringdb_us_facilities_20261006T160916Z.json,2024,13.39,eia_residential_electricity_price_2024_by_state.csv,state,0,,,0,no_listed_facilities,WRI Aqueduct 4.0 baseline_annual
28011,2024,MS,Bolivar County,8098.0,30.0,44329.0,0,peeringdb_us_facilities_20261006T160916Z.json,2024,13.39,eia_residential_electricity_price_2024_by_state.csv,state,0,,,0,no_listed_facilities,WRI Aqueduct 4.0 baseline_annual
28013,2024,MS,Calhoun County,2317.0,18.6,46890.0,0,peeringdb_us_facilities_20261006T160916Z.json,2024,13.39,eia_residential_electricity_price_2024_by_state.csv,state,0,,,0,no_listed_facilities,WRI Aqueduct 4.0 baseline_annual
28015,2024,MS,Carroll County,1381.0,15.8,55737.0,0,peeringdb_us_facilities_20261006T160916Z.json,2024,13.39,eia_residential_electricity_price_2024_by_state.csv,state,0,,,0,no_listed_facilities,WRI Aqueduct 4.0 baseline_annual
28017,2024,MS,Chickasaw County,3747.0,23.1,46080.0,0,peeringdb_us_facilities_20261006T160916Z.json,2024,13.39,eia_residential_electricity_price_2024_by_state.csv,state,0,,,0,no_listed_facilities,WRI Aqueduct 4.0 baseline_annual
28019,2024,MS,Choctaw County,1639.0,20.6,53406.0,0,peeringdb_us_facilities_20261006T160916Z.json,2024,13.39,eia_residential_electricity_price_2024_by_state.csv,state,0,,,0,no_listed_facilities,WRI Aqueduct 4.0 baseline_annual
28021,2024,MS,Claiborne County,2498.0,33.3,38548.0,0,peeringdb_us_facilities_20261006T160916Z.json,2024,13.39,eia_residential_electricity_price_2024_by_state.csv,state,0,,,0,no_listed_facilities,WRI Aqueduct 4.0 baseline_annual
28023,2024,MS,Clarke County,2935.0,19.6,52695.0,0,peeringdb_us_facilities_20261006T160916Z.json,2024,13.39,eia_residential_electricity_price_2024_by_state.csv,state,0,,,0,no_listed_facilities,WRI Aqueduct 4.0 baseline_annual
28025,2024,MS,Clay County,3697.0,20.6,46829.0,0,peeringdb_us_facilities_20261006T160916Z.json,2024,13.39,eia_residential_electricity_price_2024_by_state.csv,state,0,,,0,no_listed_facilities,WRI Aqueduct 4.0 baseline_annual
28027,2024,MS,Coahoma County,6835.0,34.9,37206.0,0,peeringdb_us_facilities_20261006T160916Z.json,2024,13.39,eia_residential_electricity_price_2024_by_state.csv,state,0,,,0,no_listed_facilities,WRI Aqueduct 4.0 baseline_annual
28029,2024,MS,Copiah County,5191.0,19.5,52118.0,0,peeringdb_us_facilities_20261006T160916Z.json,2024,13.39,eia_residential_electricity_price_2024_by_state.csv,state,0,,,0,no_listed_facilities,WRI Aqueduct 4.0 baseline_annual
28031,2024,MS,Covington County,3540.0,20.0,51171.0,0,peeringdb_us_facilities_20261006T160916Z.json,2024,13.39,eia_residential_electricity_price_2024_by_state.csv,state,0,,,0,no_listed_facilities,WRI Aqueduct 4.0 baseline_annual
28033,2024,MS,DeSoto County,18652.0,9.6,85117.0,0,peeringdb_us_facilities_20261006T160916Z.json,2024,13.39,eia_residential_electricity_price_2024_by_state.csv,state,0,,,0,no_listed_facilities,WRI Aqueduct 4.0 baseline_annual
28035,2024,MS,Forrest County,15560.0,21.4,49352.0,0,peeringdb_us_facilities_20261006T160916Z.json,2024,13.39,eia_residential_electricity_price_2024_by_state.csv,state,0,,,0,no_listed_facilities,WRI Aqueduct 4.0 baseline_annual
28037,2024,MS,Franklin County,1400.0,18.8,53267.0,0,peeringdb_us_facilities_20261006T160916Z.json,2024,13.39,eia_residential_electricity_price_2024_by_state.csv,state,0,,,0,no_listed_facilities,WRI Aqueduct 4.0 baseline_annual
28039,2024,MS,George County,3579.0,14.1,66266.0,0,peeringdb_us_facilities_20261006T160916Z.json,2024,13.39,eia_residential_electricity_price_2024_by_state.csv,state,0,,,0,no_listed_facilities,WRI Aqueduct 4.0 baseline_annual
28041,2024,MS,Greene County,2390.0,22.0,56231.0,0,peeringdb_us_facilities_20261006T160916Z.json,2024,13.39,eia_residential_electricity_price_2024_by_state.csv,state,0,,,0,no_listed_facilities,WRI Aqueduct 4.0 baseline_annual
28043,2024,MS,Grenada County,3992.0,19.4,50210.0,0,peeringdb_us_facilities_20261006T160916Z.json,2024,13.39,eia_residential_electricity_price_2024_by_state.csv,state,0,,,0,no_listed_facilities,WRI Aqueduct 4.0 baseline_annual
28045,2024,MS,Hancock County,7617.0,16.5,62485.0,0,peeringdb_us_facilities_20261006T160916Z.json,2024,13.39,eia_residential_electricity_price_2024_by_state.csv,state,0,,,0,no_listed_facilities,WRI Aqueduct 4.0 baseline_annual
28047,2024,MS,Harrison County,33275.0,15.9,63362.0,0,peeringdb_us_facilities_20261006T160916Z.json,2024,13.39,eia_residential_electricity_price_2024_by_state.csv,state,0,,,0,no_listed_facilities,WRI Aqueduct 4.0 baseline_annual
28049,2024,MS,Hinds County,45418.0,22.2,51926.0,0,peeringdb_us_facilities_20261006T160916Z.json,2024,13.39,eia_residential_electricity_price_2024_by_state.csv,state,0,,,0,no_listed_facilities,WRI Aqueduct 4.0 baseline_annual
28051,2024,MS,Holmes County,4999.0,34.3,38543.0,0,peeringdb_us_facilities_20261006T160916Z.json,2024,13.39,eia_residential_electricity_price_2024_by_state.csv,state,0,,,0,no_listed_facilities,WRI Aqueduct 4.0 baseline_annual
28053,2024,MS,Humphreys County,2343.0,33.3,39287.0,0,peeringdb_us_facilities_20261006T160916Z.json,2024,13.39,eia_residential_electricity_price_2024_by_state.csv,state,0,,,0,no_listed_facilities,WRI Aqueduct 4.0 baseline_annual
28055,2024,MS,Issaquena County,412.0,55.7,38770.0,0,peeringdb_us_facilities_20261006T160916Z.json,2024,13.39,eia_residential_electricity_price_2024_by_state.csv,state,0,,,0,no_listed_facilities,WRI Aqueduct 4.0 baseline_annual
28057,2024,MS,Itawamba County,4221.0,18.7,58396.0,0,peeringdb_us_facilities_20261006T160916Z.json,2024,13.39,eia_residential_electricity_price_2024_by_state.csv,state,0,,,0,no_listed_facilities,WRI Aqueduct 4.0 baseline_annual
28059,2024,MS,Jackson County,20113.0,13.8,69544.0,0,peeringdb_us_facilities_20261006T160916Z.json,2024,13.39,eia_residential_electricity_price_2024_by_state.csv,state,0,,,0,no_listed_facilities,WRI Aqueduct 4.0 baseline_annual
28061,2024,MS,Jasper County,3088.0,19.6,49500.0,0,peeringdb_us_facilities_20261006T160916Z.json,2024,13.39,eia_residential_electricity_price_2024_by_state.csv,state,0,,,0,no_listed_facilities,WRI Aqueduct 4.0 baseline_annual
28063,2024,MS,Jefferson County,1999.0,30.5,39950.0,0,peeringdb_us_facilities_20261006T160916Z.json,2024,13.39,eia_residential_electricity_price_2024_by_state.csv,state,0,,,0,no_listed_facilities,WRI Aqueduct 4.0 baseline_annual
28065,2024,MS,Jefferson Davis County,2617.0,23.9,41586.0,0,peeringdb_us_facilities_20261006T160916Z.json,2024,13.39,eia_residential_electricity_price_2024_by_state.csv,state,0,,,0,no_listed_facilities,WRI Aqueduct 4.0 baseline_annual
28067,2024,MS,Jones County,12338.0,19.2,53046.0,0,peeringdb_us_facilities_20261006T160916Z.json,2024,13.39,eia_residential_electricity_price_2024_by_state.csv,state,0,,,0,no_listed_facilities,WRI Aqueduct 4.0 baseline_annual
28069,2024,MS,Kemper County,1963.0,25.4,43991.0,0,peeringdb_us_facilities_20261006T160916Z.json,2024,13.39,eia_residential_electricity_price_2024_by_state.csv,state,0,,,0,no_listed_facilities,WRI Aqueduct 4.0 baseline_annual
28071,2024,MS,Lafayette County,9407.0,17.9,67571.0,0,peeringdb_us_facilities_20261006T160916Z.json,2024,13.39,eia_residential_electricity_price_2024_by_state.csv,state,0,,,0,no_listed_facilities,WRI Aqueduct 4.0 baseline_annual
28073,2024,MS,Lamar County,7646.0,11.6,79568.0,0,peeringdb_us_facilities_20261006T160916Z.json,2024,13.39,eia_residential_electricity_price_2024_by_state.csv,state,0,,,0,no_listed_facilities,WRI Aqueduct 4.0 baseline_annual
28075,2024,MS,Lauderdale County,13499.0,20.0,56828.0,0,peeringdb_us_facilities_20261006T160916Z.json,2024,13.39,eia_residential_electricity_price_2024_by_state.csv,state,0,,,0,no_listed_facilities,WRI Aqueduct 4.0 baseline_annual
28077,2024,MS,Lawrence County,2308.0,19.9,52187.0,0,peeringdb_us_facilities_20261006T160916Z.json,2024,13.39,eia_residential_electricity_price_2024_by_state.csv,state,0,,,0,no_listed_facilities,WRI Aqueduct 4.0 baseline_annual
28079,2024,MS,Leake County,4359.0,20.8,57130.0,0,peeringdb_us_facilities_20261006T160916Z.json,2024,13.39,eia_residential_electricity_price_2024_by_state.csv,state,0,,,0,no_listed_facilities,WRI Aqueduct 4.0 baseline_annual
28081,2024,MS,Lee County,13266.0,16.2,61826.0,0,peeringdb_us_facilities_20261006T160916Z.json,2024,13.39,eia_residential_electricity_price_2024_by_state.csv,state,0,,,0,no_listed_facilities,WRI Aqueduct 4.0 baseline_annual
28083,2024,MS,Leflore County,7780.0,31.2,39033.0,0,peeringdb_us_facilities_20261006T160916Z.json,2024,13.39,eia_residential_electricity_price_2024_by_state.csv,state,0,,,0,no_listed_facilities,WRI Aqueduct 4.0 baseline_annual
28085,2024,MS,Lincoln County,5577.0,16.2,57959.0,0,peeringdb_us_facilities_20261006T160916Z.json,2024,13.39,eia_residential_electricity_price_2024_by_state.csv,state,0,,,0,no_listed_facilities,WRI Aqueduct 4.0 baseline_annual
28087,2024,MS,Lowndes County,9678.0,17.5,56293.0,0,peeringdb_us_facilities_20261006T160916Z.json,2024,13.39,eia_residential_electricity_price_2024_by_state.csv,state,0,,,0,no_listed_facilities,WRI Aqueduct 4.0 baseline_annual
28089,2024,MS,Madison County,11122.0,9.9,90259.0,0,peeringdb_us_facilities_20261006T160916Z.json,2024,13.39,eia_residential_electricity_price_2024_by_state.csv,state,0,,,0,no_listed_facilities,WRI Aqueduct 4.0 baseline_annual
28091,2024,MS,Marion County,4629.0,19.8,49639.0,0,peeringdb_us_facilities_20261006T160916Z.json,2024,13.39,eia_residential_electricity_price_2024_by_state.csv,state,0,,,0,no_listed_facilities,WRI Aqueduct 4.0 baseline_annual
28093,2024,MS,Marshall County,6628.0,20.4,54244.0,0,peeringdb_us_facilities_20261006T160916Z.json,2024,13.39,eia_residential_electricity_price_2024_by_state.csv,state,0,,,0,no_listed_facilities,WRI Aqueduct 4.0 baseline_annual
28095,2024,MS,Monroe County,5982.0,18.2,49747.0,0,peeringdb_us_facilities_20261006T160916Z.json,2024,13.39,eia_residential_electricity_price_2024_by_state.csv,state,0,,,0,no_listed_facilities,WRI Aqueduct 4.0 baseline_annual
28097,2024,MS,Montgomery County,2127.0,22.8,47011.0,0,peeringdb_us_facilities_20261006T160916Z.json,2024,13.39,eia_residential_electricity_price_2024_by_state.csv,state,0,,,0,no_listed_facilities,WRI Aqueduct 4.0 baseline_annual
28099,2024,MS,Neshoba County,5260.0,18.6,59316.0,0,peeringdb_us_facilities_20261006T160916Z.json,2024,13.39,eia_residential_electricity_price_2024_by_state.csv,state,0,,,0,no_listed_facilities,WRI Aqueduct 4.0 baseline_annual
28101,2024,MS,Newton County,4360.0,21.6,49159.0,0,peeringdb_us_facilities_20261006T160916Z.json,2024,13.39,eia_residential_electricity_price_2024_by_state.csv,state,0,,,0,no_listed_facilities,WRI Aqueduct 4.0 baseline_annual
28103,2024,MS,Noxubee County,2646.0,27.4,41273.0,0,peeringdb_us_facilities_20261006T160916Z.json,2024,13.39,eia_residential_electricity_price_2024_by_state.csv,state,0,,,0,no_listed_facilities,WRI Aqueduct 4.0 baseline_annual
28105,2024,MS,Oktibbeha County,8985.0,19.4,54391.0,1,peeringdb_us_facilities_20261006T160916Z.json,2024,13.39,eia_residential_electricity_price_2024_by_state.csv,state,1,1.6640104621990734,100.0,0,complete_coverage,WRI Aqueduct 4.0 baseline_annual
28107,2024,MS,Panola County,6709.0,20.7,51437.0,0,peeringdb_us_facilities_20261006T160916Z.json,2024,13.39,eia_residential_electricity_price_2024_by_state.csv,state,0,,,0,no_listed_facilities,WRI Aqueduct 4.0 baseline_annual
28109,2024,MS,Pearl River County,9507.0,16.5,56958.0,0,peeringdb_us_facilities_20261006T160916Z.json,2024,13.39,eia_residential_electricity_price_2024_by_state.csv,state,0,,,0,no_listed_facilities,WRI Aqueduct 4.0 baseline_annual
28111,2024,MS,Perry County,2010.0,17.8,53764.0,0,peeringdb_us_facilities_20261006T160916Z.json,2024,13.39,eia_residential_electricity_price_2024_by_state.csv,state,0,,,0,no_listed_facilities,WRI Aqueduct 4.0 baseline_annual
28113,2024,MS,Pike County,8103.0,21.4,46164.0,0,peeringdb_us_facilities_20261006T160916Z.json,2024,13.39,eia_residential_electricity_price_2024_by_state.csv,state,0,,,0,no_listed_facilities,WRI Aqueduct 4.0 baseline_annual
28115,2024,MS,Pontotoc County,4712.0,14.9,59898.0,0,peeringdb_us_facilities_20261006T160916Z.json,2024,13.39,eia_residential_electricity_price_2024_by_state.csv,state,0,,,0,no_listed_facilities,WRI Aqueduct 4.0 baseline_annual
28117,2024,MS,Prentiss County,4862.0,20.3,48711.0,0,peeringdb_us_facilities_20261006T160916Z.json,2024,13.39,eia_residential_electricity_price_2024_by_state.csv,state,0,,,0,no_listed_facilities,WRI Aqueduct 4.0 baseline_annual
28119,2024,MS,Quitman County,1726.0,31.9,37474.0,0,peeringdb_us_facilities_20261006T160916Z.json,2024,13.39,eia_residential_electricity_price_2024_by_state.csv,state,0,,,0,no_listed_facilities,WRI Aqueduct 4.0 baseline_annual
28121,2024,MS,Rankin County,13901.0,8.9,84139.0,0,peeringdb_us_facilities_20261006T160916Z.json,2024,13.39,eia_residential_electricity_price_2024_by_state.csv,state,0,,,0,no_listed_facilities,WRI Aqueduct 4.0 baseline_annual
28123,2024,MS,Scott County,5258.0,19.2,52147.0,0,peeringdb_us_facilities_20261006T160916Z.json,2024,13.39,eia_residential_electricity_price_2024_by_state.csv,state,0,,,0,no_listed_facilities,WRI Aqueduct 4.0 baseline_annual
28125,2024,MS,Sharkey County,1036.0,32.6,40518.0,0,peeringdb_us_facilities_20261006T160916Z.json,2024,13.39,eia_residential_electricity_price_2024_by_state.csv,state,0,,,0,no_listed_facilities,WRI Aqueduct 4.0 baseline_annual
28127,2024,MS,Simpson County,4966.0,19.7,55167.0,0,peeringdb_us_facilities_20261006T160916Z.json,2024,13.39,eia_residential_electricity_price_2024_by_state.csv,state,0,,,0,no_listed_facilities,WRI Aqueduct 4.0 baseline_annual
28129,2024,MS,Smith County,2323.0,16.7,57932.0,0,peeringdb_us_facilities_20261006T160916Z.json,2024,13.39,eia_residential_electricity_price_2024_by_state.csv,state,0,,,0,no_listed_facilities,WRI Aqueduct 4.0 baseline_annual
28131,2024,MS,Stone County,2874.0,16.0,62350.0,0,peeringdb_us_facilities_20261006T160916Z.json,2024,13.39,eia_residential_electricity_price_2024_by_state.csv,state,0,,,0,no_listed_facilities,WRI Aqueduct 4.0 baseline_annual
28133,2024,MS,Sunflower County,5997.0,29.8,41873.0,0,peeringdb_us_facilities_20261006T160916Z.json,2024,13.39,eia_residential_electricity_price_2024_by_state.csv,state,0,,,0,no_listed_facilities,WRI Aqueduct 4.0 baseline_annual
28135,2024,MS,Tallahatchie County,3225.0,32.3,43074.0,0,peeringdb_us_facilities_20261006T160916Z.json,2024,13.39,eia_residential_electricity_price_2024_by_state.csv,state,0,,,0,no_listed_facilities,WRI Aqueduct 4.0 baseline_annual
28137,2024,MS,Tate County,4086.0,15.0,68786.0,0,peeringdb_us_facilities_20261006T160916Z.json,2024,13.39,eia_residential_electricity_price_2024_by_state.csv,state,0,,,0,no_listed_facilities,WRI Aqueduct 4.0 baseline_annual
28139,2024,MS,Tippah County,3379.0,16.2,53948.0,0,peeringdb_us_facilities_20261006T160916Z.json,2024,13.39,eia_residential_electricity_price_2024_by_state.csv,state,0,,,0,no_listed_facilities,WRI Aqueduct 4.0 baseline_annual
28141,2024,MS,Tishomingo County,2859.0,15.7,56250.0,0,peeringdb_us_facilities_20261006T160916Z.json,2024,13.39,eia_residential_electricity_price_2024_by_state.csv,state,0,,,0,no_listed_facilities,WRI Aqueduct 4.0 baseline_annual
28143,2024,MS,Tunica County,2256.0,25.0,45292.0,0,peeringdb_us_facilities_20261006T160916Z.json,2024,13.39,eia_residential_electricity_price_2024_by_state.csv,state,0,,,0,no_listed_facilities,WRI Aqueduct 4.0 baseline_annual
28145,2024,MS,Union County,3924.0,14.0,58849.0,0,peeringdb_us_facilities_20261006T160916Z.json,2024,13.39,eia_residential_electricity_price_2024_by_state.csv,state,0,,,0,no_listed_facilities,WRI Aqueduct 4.0 baseline_annual
28147,2024,MS,Walthall County,3050.0,22.3,46285.0,0,peeringdb_us_facilities_20261006T160916Z.json,2024,13.39,eia_residential_electricity_price_2024_by_state.csv,state,0,,,0,no_listed_facilities,WRI Aqueduct 4.0 baseline_annual
28149,2024,MS,Warren County,7818.0,18.8,60686.0,0,peeringdb_us_facilities_20261006T160916Z.json,2024,13.39,eia_residential_electricity_price_2024_by_state.csv,state,0,,,0,no_listed_facilities,WRI Aqueduct 4.0 baseline_annual
28151,2024,MS,Washington County,11875.0,29.4,43941.0,0,peeringdb_us_facilities_20261006T160916Z.json,2024,13.39,eia_residential_electricity_price_2024_by_state.csv,state,0,,,0,no_listed_facilities,WRI Aqueduct 4.0 baseline_annual
28153,2024,MS,Wayne County,4191.0,21.3,48582.0,0,peeringdb_us_facilities_20261006T160916Z.json,2024,13.39,eia_residential_electricity_price_2024_by_state.csv,state,0,,,0,no_listed_facilities,WRI Aqueduct 4.0 baseline_annual
28155,2024,MS,Webster County,1504.0,15.3,57401.0,0,peeringdb_us_facilities_20261006T160916Z.json,2024,13.39,eia_residential_electricity_price_2024_by_state.csv,state,0,,,0,no_listed_facilities,WRI Aqueduct 4.0 baseline_annual
28157,2024,MS,Wilkinson County,2158.0,31.6,38349.0,0,peeringdb_us_facilities_20261006T160916Z.json,2024,13.39,eia_residential_electricity_price_2024_by_state.csv,state,0,,,0,no_listed_facilities,WRI Aqueduct 4.0 baseline_annual
28159,2024,MS,Winston County,3738.0,22.0,50729.0,0,peeringdb_us_facilities_20261006T160916Z.json,2024,13.39,eia_residential_electricity_price_2024_by_state.csv,state,0,,,0,no_listed_facilities,WRI Aqueduct 4.0 baseline_annual
28161,2024,MS,Yalobusha County,2260.0,18.7,49848.0,0,peeringdb_us_facilities_20261006T160916Z.json,2024,13.39,eia_residential_electricity_price_2024_by_state.csv,state,0,,,0,no_listed_facilities,WRI Aqueduct 4.0 baseline_annual
28163,2024,MS,Yazoo County,5365.0,25.5,45496.0,0,peeringdb_us_facilities_20261006T160916Z.json,2024,13.39,eia_residential_electricity_price_2024_by_state.csv,state,0,,,0,no_listed_facilities,WRI Aqueduct 4.0 baseline_annual
29001,2024,MO,Adair County,5021.0,21.9,58548.0,0,peeringdb_us_facilities_20261006T160916Z.json,2024,12.91,eia_residential_electricity_price_2024_by_state.csv,state,0,,,0,no_listed_facilities,WRI Aqueduct 4.0 baseline_annual
29003,2024,MO,Andrew County,1394.0,7.8,78305.0,0,peeringdb_us_facilities_20261006T160916Z.json,2024,12.91,eia_residential_electricity_price_2024_by_state.csv,state,0,,,0,no_listed_facilities,WRI Aqueduct 4.0 baseline_annual
29005,2024,MO,Atchison County,613.0,12.1,61928.0,0,peeringdb_us_facilities_20261006T160916Z.json,2024,12.91,eia_residential_electricity_price_2024_by_state.csv,state,0,,,0,no_listed_facilities,WRI Aqueduct 4.0 baseline_annual
29007,2024,MO,Audrain County,3585.0,15.4,59562.0,0,peeringdb_us_facilities_20261006T160916Z.json,2024,12.91,eia_residential_electricity_price_2024_by_state.csv,state,0,,,0,no_listed_facilities,WRI Aqueduct 4.0 baseline_annual
29009,2024,MO,Barry County,5528.0,15.7,61057.0,0,peeringdb_us_facilities_20261006T160916Z.json,2024,12.91,eia_residential_electricity_price_2024_by_state.csv,state,0,,,0,no_listed_facilities,WRI Aqueduct 4.0 baseline_annual
29011,2024,MO,Barton County,1596.0,13.7,57158.0,0,peeringdb_us_facilities_20261006T160916Z.json,2024,12.91,eia_residential_electricity_price_2024_by_state.csv,state,0,,,0,no_listed_facilities,WRI Aqueduct 4.0 baseline_annual
29013,2024,MO,Bates County,1782.0,11.1,66501.0,0,peeringdb_us_facilities_20261006T160916Z.json,2024,12.91,eia_residential_electricity_price_2024_by_state.csv,state,0,,,0,no_listed_facilities,WRI Aqueduct 4.0 baseline_annual
29015,2024,MO,Benton County,3833.0,18.8,49634.0,0,peeringdb_us_facilities_20261006T160916Z.json,2024,12.91,eia_residential_electricity_price_2024_by_state.csv,state,0,,,0,no_listed_facilities,WRI Aqueduct 4.0 baseline_annual
29017,2024,MO,Bollinger County,1514.0,14.5,65175.0,0,peeringdb_us_facilities_20261006T160916Z.json,2024,12.91,eia_residential_electricity_price_2024_by_state.csv,state,0,,,0,no_listed_facilities,WRI Aqueduct 4.0 baseline_annual
29019,2024,MO,Boone County,25917.0,14.3,80041.0,0,peeringdb_us_facilities_20261006T160916Z.json,2024,12.91,eia_residential_electricity_price_2024_by_state.csv,state,0,,,0,no_listed_facilities,WRI Aqueduct 4.0 baseline_annual
29021,2024,MO,Buchanan County,10793.0,13.5,63736.0,0,peeringdb_us_facilities_20261006T160916Z.json,2024,12.91,eia_residential_electricity_price_2024_by_state.csv,state,0,,,0,no_listed_facilities,WRI Aqueduct 4.0 baseline_annual
29023,2024,MO,Butler County,8300.0,20.3,48191.0,0,peeringdb_us_facilities_20261006T160916Z.json,2024,12.91,eia_residential_electricity_price_2024_by_state.csv,state,0,,,0,no_listed_facilities,WRI Aqueduct 4.0 baseline_annual
29025,2024,MO,Caldwell County,951.0,10.9,65282.0,0,peeringdb_us_facilities_20261006T160916Z.json,2024,12.91,eia_residential_electricity_price_2024_by_state.csv,state,0,,,0,no_listed_facilities,WRI Aqueduct 4.0 baseline_annual
29027,2024,MO,Callaway County,4949.0,11.8,71868.0,0,peeringdb_us_facilities_20261006T160916Z.json,2024,12.91,eia_residential_electricity_price_2024_by_state.csv,state,0,,,0,no_listed_facilities,WRI Aqueduct 4.0 baseline_annual
29029,2024,MO,Camden County,5047.0,11.6,68312.0,0,peeringdb_us_facilities_20261006T160916Z.json,2024,12.91,eia_residential_electricity_price_2024_by_state.csv,state,0,,,0,no_listed_facilities,WRI Aqueduct 4.0 baseline_annual
29031,2024,MO,Cape Girardeau County,9889.0,12.4,66862.0,0,peeringdb_us_facilities_20261006T160916Z.json,2024,12.91,eia_residential_electricity_price_2024_by_state.csv,state,0,,,0,no_listed_facilities,WRI Aqueduct 4.0 baseline_annual
29033,2024,MO,Carroll County,1183.0,14.3,64304.0,0,peeringdb_us_facilities_20261006T160916Z.json,2024,12.91,eia_residential_electricity_price_2024_by_state.csv,state,0,,,0,no_listed_facilities,WRI Aqueduct 4.0 baseline_annual
29035,2024,MO,Carter County,909.0,17.1,50268.0,0,peeringdb_us_facilities_20261006T160916Z.json,2024,12.91,eia_residential_electricity_price_2024_by_state.csv,state,0,,,0,no_listed_facilities,WRI Aqueduct 4.0 baseline_annual
29037,2024,MO,Cass County,7878.0,7.0,83378.0,0,peeringdb_us_facilities_20261006T160916Z.json,2024,12.91,eia_residential_electricity_price_2024_by_state.csv,state,0,,,0,no_listed_facilities,WRI Aqueduct 4.0 baseline_annual
29039,2024,MO,Cedar County,2430.0,16.5,53079.0,0,peeringdb_us_facilities_20261006T160916Z.json,2024,12.91,eia_residential_electricity_price_2024_by_state.csv,state,0,,,0,no_listed_facilities,WRI Aqueduct 4.0 baseline_annual
29041,2024,MO,Chariton County,836.0,11.7,68312.0,0,peeringdb_us_facilities_20261006T160916Z.json,2024,12.91,eia_residential_electricity_price_2024_by_state.csv,state,0,,,0,no_listed_facilities,WRI Aqueduct 4.0 baseline_annual
29043,2024,MO,Christian County,7654.0,8.0,81892.0,0,peeringdb_us_facilities_20261006T160916Z.json,2024,12.91,eia_residential_electricity_price_2024_by_state.csv,state,0,,,0,no_listed_facilities,WRI Aqueduct 4.0 baseline_annual
29045,2024,MO,Clark County,893.0,13.7,59565.0,0,peeringdb_us_facilities_20261006T160916Z.json,2024,12.91,eia_residential_electricity_price_2024_by_state.csv,state,0,,,0,no_listed_facilities,WRI Aqueduct 4.0 baseline_annual
29047,2024,MO,Clay County,23262.0,8.9,88044.0,4,peeringdb_us_facilities_20261006T160916Z.json,2024,12.91,eia_residential_electricity_price_2024_by_state.csv,state,4,0.0,100.0,0,complete_coverage,WRI Aqueduct 4.0 baseline_annual
29049,2024,MO,Clinton County,2022.0,9.5,78703.0,0,peeringdb_us_facilities_20261006T160916Z.json,2024,12.91,eia_residential_electricity_price_2024_by_state.csv,state,0,,,0,no_listed_facilities,WRI Aqueduct 4.0 baseline_annual
29051,2024,MO,Cole County,7020.0,9.6,75881.0,0,peeringdb_us_facilities_20261006T160916Z.json,2024,12.91,eia_residential_electricity_price_2024_by_state.csv,state,0,,,0,no_listed_facilities,WRI Aqueduct 4.0 baseline_annual
29053,2024,MO,Cooper County,1899.0,11.6,73980.0,0,peeringdb_us_facilities_20261006T160916Z.json,2024,12.91,eia_residential_electricity_price_2024_by_state.csv,state,0,,,0,no_listed_facilities,WRI Aqueduct 4.0 baseline_annual
29055,2024,MO,Crawford County,3389.0,15.1,59081.0,0,peeringdb_us_facilities_20261006T160916Z.json,2024,12.91,eia_residential_electricity_price_2024_by_state.csv,state,0,,,0,no_listed_facilities,WRI Aqueduct 4.0 baseline_annual
29057,2024,MO,Dade County,1001.0,13.5,56747.0,0,peeringdb_us_facilities_20261006T160916Z.json,2024,12.91,eia_residential_electricity_price_2024_by_state.csv,state,0,,,0,no_listed_facilities,WRI Aqueduct 4.0 baseline_annual
29059,2024,MO,Dallas County,3000.0,17.0,53767.0,0,peeringdb_us_facilities_20261006T160916Z.json,2024,12.91,eia_residential_electricity_price_2024_by_state.csv,state,0,,,0,no_listed_facilities,WRI Aqueduct 4.0 baseline_annual
29061,2024,MO,Daviess County,1144.0,13.7,63306.0,0,peeringdb_us_facilities_20261006T160916Z.json,2024,12.91,eia_residential_electricity_price_2024_by_state.csv,state,0,,,0,no_listed_facilities,WRI Aqueduct 4.0 baseline_annual
29063,2024,MO,DeKalb County,1045.0,11.5,64148.0,0,peeringdb_us_facilities_20261006T160916Z.json,2024,12.91,eia_residential_electricity_price_2024_by_state.csv,state,0,,,0,no_listed_facilities,WRI Aqueduct 4.0 baseline_annual
29065,2024,MO,Dent County,2096.0,14.4,54798.0,0,peeringdb_us_facilities_20261006T160916Z.json,2024,12.91,eia_residential_electricity_price_2024_by_state.csv,state,0,,,0,no_listed_facilities,WRI Aqueduct 4.0 baseline_annual
29067,2024,MO,Douglas County,2162.0,17.8,47781.0,0,peeringdb_us_facilities_20261006T160916Z.json,2024,12.91,eia_residential_electricity_price_2024_by_state.csv,state,0,,,0,no_listed_facilities,WRI Aqueduct 4.0 baseline_annual
29069,2024,MO,Dunklin County,6654.0,25.4,47022.0,0,peeringdb_us_facilities_20261006T160916Z.json,2024,12.91,eia_residential_electricity_price_2024_by_state.csv,state,0,,,0,no_listed_facilities,WRI Aqueduct 4.0 baseline_annual
29071,2024,MO,Franklin County,9527.0,9.0,75569.0,0,peeringdb_us_facilities_20261006T160916Z.json,2024,12.91,eia_residential_electricity_price_2024_by_state.csv,state,0,,,0,no_listed_facilities,WRI Aqueduct 4.0 baseline_annual
29073,2024,MO,Gasconade County,1747.0,12.1,63921.0,0,peeringdb_us_facilities_20261006T160916Z.json,2024,12.91,eia_residential_electricity_price_2024_by_state.csv,state,0,,,0,no_listed_facilities,WRI Aqueduct 4.0 baseline_annual
29075,2024,MO,Gentry County,852.0,13.8,59821.0,0,peeringdb_us_facilities_20261006T160916Z.json,2024,12.91,eia_residential_electricity_price_2024_by_state.csv,state,0,,,0,no_listed_facilities,WRI Aqueduct 4.0 baseline_annual
29077,2024,MO,Greene County,31304.0,10.5,66286.0,1,peeringdb_us_facilities_20261006T160916Z.json,2024,12.91,eia_residential_electricity_price_2024_by_state.csv,state,1,3.2604451435158817,100.0,0,complete_coverage,WRI Aqueduct 4.0 baseline_annual
29079,2024,MO,Grundy County,1584.0,16.8,52924.0,0,peeringdb_us_facilities_20261006T160916Z.json,2024,12.91,eia_residential_electricity_price_2024_by_state.csv,state,0,,,0,no_listed_facilities,WRI Aqueduct 4.0 baseline_annual
29081,2024,MO,Harrison County,1287.0,15.9,55569.0,0,peeringdb_us_facilities_20261006T160916Z.json,2024,12.91,eia_residential_electricity_price_2024_by_state.csv,state,0,,,0,no_listed_facilities,WRI Aqueduct 4.0 baseline_annual
29083,2024,MO,Henry County,3216.0,14.4,57409.0,0,peeringdb_us_facilities_20261006T160916Z.json,2024,12.91,eia_residential_electricity_price_2024_by_state.csv,state,0,,,0,no_listed_facilities,WRI Aqueduct 4.0 baseline_annual
29085,2024,MO,Hickory County,1372.0,16.0,52694.0,0,peeringdb_us_facilities_20261006T160916Z.json,2024,12.91,eia_residential_electricity_price_2024_by_state.csv,state,0,,,0,no_listed_facilities,WRI Aqueduct 4.0 baseline_annual
29087,2024,MO,Holt County,526.0,12.7,65650.0,0,peeringdb_us_facilities_20261006T160916Z.json,2024,12.91,eia_residential_electricity_price_2024_by_state.csv,state,0,,,0,no_listed_facilities,WRI Aqueduct 4.0 baseline_annual
29089,2024,MO,Howard County,1050.0,11.2,60980.0,0,peeringdb_us_facilities_20261006T160916Z.json,2024,12.91,eia_residential_electricity_price_2024_by_state.csv,state,0,,,0,no_listed_facilities,WRI Aqueduct 4.0 baseline_annual
29091,2024,MO,Howell County,7434.0,18.6,50137.0,0,peeringdb_us_facilities_20261006T160916Z.json,2024,12.91,eia_residential_electricity_price_2024_by_state.csv,state,0,,,0,no_listed_facilities,WRI Aqueduct 4.0 baseline_annual
29093,2024,MO,Iron County,1657.0,18.2,48448.0,0,peeringdb_us_facilities_20261006T160916Z.json,2024,12.91,eia_residential_electricity_price_2024_by_state.csv,state,0,,,0,no_listed_facilities,WRI Aqueduct 4.0 baseline_annual
29095,2024,MO,Jackson County,102524.0,14.3,70661.0,10,peeringdb_us_facilities_20261006T160916Z.json,2024,12.91,eia_residential_electricity_price_2024_by_state.csv,state,10,0.371300092356628,100.0,0,complete_coverage,WRI Aqueduct 4.0 baseline_annual
29097,2024,MO,Jasper County,16776.0,13.5,62016.0,0,peeringdb_us_facilities_20261006T160916Z.json,2024,12.91,eia_residential_electricity_price_2024_by_state.csv,state,0,,,0,no_listed_facilities,WRI Aqueduct 4.0 baseline_annual
29099,2024,MO,Jefferson County,21343.0,9.3,86073.0,0,peeringdb_us_facilities_20261006T160916Z.json,2024,12.91,eia_residential_electricity_price_2024_by_state.csv,state,0,,,0,no_listed_facilities,WRI Aqueduct 4.0 baseline_annual
29101,2024,MO,Johnson County,6196.0,11.8,68188.0,0,peeringdb_us_facilities_20261006T160916Z.json,2024,12.91,eia_residential_electricity_price_2024_by_state.csv,state,0,,,0,no_listed_facilities,WRI Aqueduct 4.0 baseline_annual
29103,2024,MO,Knox County,539.0,14.7,56319.0,0,peeringdb_us_facilities_20261006T160916Z.json,2024,12.91,eia_residential_electricity_price_2024_by_state.csv,state,0,,,0,no_listed_facilities,WRI Aqueduct 4.0 baseline_annual
29105,2024,MO,Laclede County,5390.0,14.9,58327.0,0,peeringdb_us_facilities_20261006T160916Z.json,2024,12.91,eia_residential_electricity_price_2024_by_state.csv,state,0,,,0,no_listed_facilities,WRI Aqueduct 4.0 baseline_annual
29107,2024,MO,Lafayette County,3201.0,9.7,74488.0,0,peeringdb_us_facilities_20261006T160916Z.json,2024,12.91,eia_residential_electricity_price_2024_by_state.csv,state,0,,,0,no_listed_facilities,WRI Aqueduct 4.0 baseline_annual
29109,2024,MO,Lawrence County,4862.0,12.6,62434.0,0,peeringdb_us_facilities_20261006T160916Z.json,2024,12.91,eia_residential_electricity_price_2024_by_state.csv,state,0,,,0,no_listed_facilities,WRI Aqueduct 4.0 baseline_annual
29111,2024,MO,Lewis County,1190.0,13.4,66006.0,0,peeringdb_us_facilities_20261006T160916Z.json,2024,12.91,eia_residential_electricity_price_2024_by_state.csv,state,0,,,0,no_listed_facilities,WRI Aqueduct 4.0 baseline_annual
29113,2024,MO,Lincoln County,5140.0,7.9,93517.0,0,peeringdb_us_facilities_20261006T160916Z.json,2024,12.91,eia_residential_electricity_price_2024_by_state.csv,state,0,,,0,no_listed_facilities,WRI Aqueduct 4.0 baseline_annual
29115,2024,MO,Linn County,1418.0,12.1,57520.0,0,peeringdb_us_facilities_20261006T160916Z.json,2024,12.91,eia_residential_electricity_price_2024_by_state.csv,state,0,,,0,no_listed_facilities,WRI Aqueduct 4.0 baseline_annual
29117,2024,MO,Livingston County,1887.0,14.3,62122.0,0,peeringdb_us_facilities_20261006T160916Z.json,2024,12.91,eia_residential_electricity_price_2024_by_state.csv,state,0,,,0,no_listed_facilities,WRI Aqueduct 4.0 baseline_annual
29119,2024,MO,McDonald County,4284.0,18.0,54502.0,0,peeringdb_us_facilities_20261006T160916Z.json,2024,12.91,eia_residential_electricity_price_2024_by_state.csv,state,0,,,0,no_listed_facilities,WRI Aqueduct 4.0 baseline_annual
29121,2024,MO,Macon County,1786.0,12.0,60822.0,0,peeringdb_us_facilities_20261006T160916Z.json,2024,12.91,eia_residential_electricity_price_2024_by_state.csv,state,0,,,0,no_listed_facilities,WRI Aqueduct 4.0 baseline_annual
29123,2024,MO,Madison County,1874.0,15.1,52177.0,0,peeringdb_us_facilities_20261006T160916Z.json,2024,12.91,eia_residential_electricity_price_2024_by_state.csv,state,0,,,0,no_listed_facilities,WRI Aqueduct 4.0 baseline_annual
29125,2024,MO,Maries County,965.0,11.5,61970.0,0,peeringdb_us_facilities_20261006T160916Z.json,2024,12.91,eia_residential_electricity_price_2024_by_state.csv,state,0,,,0,no_listed_facilities,WRI Aqueduct 4.0 baseline_annual
29127,2024,MO,Marion County,3852.0,14.1,59490.0,0,peeringdb_us_facilities_20261006T160916Z.json,2024,12.91,eia_residential_electricity_price_2024_by_state.csv,state,0,,,0,no_listed_facilities,WRI Aqueduct 4.0 baseline_annual
29129,2024,MO,Mercer County,464.0,13.7,56564.0,0,peeringdb_us_facilities_20261006T160916Z.json,2024,12.91,eia_residential_electricity_price_2024_by_state.csv,state,0,,,0,no_listed_facilities,WRI Aqueduct 4.0 baseline_annual
29131,2024,MO,Miller County,3316.0,13.1,64343.0,0,peeringdb_us_facilities_20261006T160916Z.json,2024,12.91,eia_residential_electricity_price_2024_by_state.csv,state,0,,,0,no_listed_facilities,WRI Aqueduct 4.0 baseline_annual
29133,2024,MO,Mississippi County,2261.0,21.0,44755.0,0,peeringdb_us_facilities_20261006T160916Z.json,2024,12.91,eia_residential_electricity_price_2024_by_state.csv,state,0,,,0,no_listed_facilities,WRI Aqueduct 4.0 baseline_annual
29135,2024,MO,Moniteau County,1643.0,11.2,69870.0,0,peeringdb_us_facilities_20261006T160916Z.json,2024,12.91,eia_residential_electricity_price_2024_by_state.csv,state,0,,,0,no_listed_facilities,WRI Aqueduct 4.0 baseline_annual
29137,2024,MO,Monroe County,1081.0,12.4,63949.0,0,peeringdb_us_facilities_20261006T160916Z.json,2024,12.91,eia_residential_electricity_price_2024_by_state.csv,state,0,,,0,no_listed_facilities,WRI Aqueduct 4.0 baseline_annual
29139,2024,MO,Montgomery County,1373.0,12.2,67180.0,0,peeringdb_us_facilities_20261006T160916Z.json,2024,12.91,eia_residential_electricity_price_2024_by_state.csv,state,0,,,0,no_listed_facilities,WRI Aqueduct 4.0 baseline_annual
29141,2024,MO,Morgan County,3610.0,16.4,56159.0,0,peeringdb_us_facilities_20261006T160916Z.json,2024,12.91,eia_residential_electricity_price_2024_by_state.csv,state,0,,,0,no_listed_facilities,WRI Aqueduct 4.0 baseline_annual
29143,2024,MO,New Madrid County,2835.0,19.1,53120.0,0,peeringdb_us_facilities_20261006T160916Z.json,2024,12.91,eia_residential_electricity_price_2024_by_state.csv,state,0,,,0,no_listed_facilities,WRI Aqueduct 4.0 baseline_annual
29145,2024,MO,Newton County,7461.0,12.4,66231.0,0,peeringdb_us_facilities_20261006T160916Z.json,2024,12.91,eia_residential_electricity_price_2024_by_state.csv,state,0,,,0,no_listed_facilities,WRI Aqueduct 4.0 baseline_annual
29147,2024,MO,Nodaway County,2806.0,15.0,63242.0,0,peeringdb_us_facilities_20261006T160916Z.json,2024,12.91,eia_residential_electricity_price_2024_by_state.csv,state,0,,,0,no_listed_facilities,WRI Aqueduct 4.0 baseline_annual
29149,2024,MO,Oregon County,1718.0,20.1,44812.0,0,peeringdb_us_facilities_20261006T160916Z.json,2024,12.91,eia_residential_electricity_price_2024_by_state.csv,state,0,,,0,no_listed_facilities,WRI Aqueduct 4.0 baseline_annual
29151,2024,MO,Osage County,1022.0,7.7,79468.0,0,peeringdb_us_facilities_20261006T160916Z.json,2024,12.91,eia_residential_electricity_price_2024_by_state.csv,state,0,,,0,no_listed_facilities,WRI Aqueduct 4.0 baseline_annual
29153,2024,MO,Ozark County,1746.0,19.4,48903.0,0,peeringdb_us_facilities_20261006T160916Z.json,2024,12.91,eia_residential_electricity_price_2024_by_state.csv,state,0,,,0,no_listed_facilities,WRI Aqueduct 4.0 baseline_annual
29155,2024,MO,Pemiscot County,3349.0,23.7,43377.0,0,peeringdb_us_facilities_20261006T160916Z.json,2024,12.91,eia_residential_electricity_price_2024_by_state.csv,state,0,,,0,no_listed_facilities,WRI Aqueduct 4.0 baseline_annual
29157,2024,MO,Perry County,2161.0,11.5,69940.0,0,peeringdb_us_facilities_20261006T160916Z.json,2024,12.91,eia_residential_electricity_price_2024_by_state.csv,state,0,,,0,no_listed_facilities,WRI Aqueduct 4.0 baseline_annual
29159,2024,MO,Pettis County,6730.0,15.7,60038.0,0,peeringdb_us_facilities_20261006T160916Z.json,2024,12.91,eia_residential_electricity_price_2024_by_state.csv,state,0,,,0,no_listed_facilities,WRI Aqueduct 4.0 baseline_annual
29161,2024,MO,Phelps County,7313.0,17.1,58629.0,0,peeringdb_us_facilities_20261006T160916Z.json,2024,12.91,eia_residential_electricity_price_2024_by_state.csv,state,0,,,0,no_listed_facilities,WRI Aqueduct 4.0 baseline_annual
29163,2024,MO,Pike County,2598.0,15.9,60541.0,0,peeringdb_us_facilities_20261006T160916Z.json,2024,12.91,eia_residential_electricity_price_2024_by_state.csv,state,0,,,0,no_listed_facilities,WRI Aqueduct 4.0 baseline_annual
29165,2024,MO,Platte County,6128.0,5.5,92305.0,1,peeringdb_us_facilities_20261006T160916Z.json,2024,12.91,eia_residential_electricity_price_2024_by_state.csv,state,1,0.0,100.0,0,complete_coverage,WRI Aqueduct 4.0 baseline_annual
29167,2024,MO,Polk County,4857.0,15.2,60993.0,0,peeringdb_us_facilities_20261006T160916Z.json,2024,12.91,eia_residential_electricity_price_2024_by_state.csv,state,0,,,0,no_listed_facilities,WRI Aqueduct 4.0 baseline_annual
29169,2024,MO,Pulaski County,6378.0,14.7,59368.0,0,peeringdb_us_facilities_20261006T160916Z.json,2024,12.91,eia_residential_electricity_price_2024_by_state.csv,state,0,,,0,no_listed_facilities,WRI Aqueduct 4.0 baseline_annual
29171,2024,MO,Putnam County,615.0,13.8,56997.0,0,peeringdb_us_facilities_20261006T160916Z.json,2024,12.91,eia_residential_electricity_price_2024_by_state.csv,state,0,,,0,no_listed_facilities,WRI Aqueduct 4.0 baseline_annual
29173,2024,MO,Ralls County,879.0,8.5,80041.0,0,peeringdb_us_facilities_20261006T160916Z.json,2024,12.91,eia_residential_electricity_price_2024_by_state.csv,state,0,,,0,no_listed_facilities,WRI Aqueduct 4.0 baseline_annual
29175,2024,MO,Randolph County,2875.0,12.8,61452.0,0,peeringdb_us_facilities_20261006T160916Z.json,2024,12.91,eia_residential_electricity_price_2024_by_state.csv,state,0,,,0,no_listed_facilities,WRI Aqueduct 4.0 baseline_annual
29177,2024,MO,Ray County,2057.0,9.0,76920.0,0,peeringdb_us_facilities_20261006T160916Z.json,2024,12.91,eia_residential_electricity_price_2024_by_state.csv,state,0,,,0,no_listed_facilities,WRI Aqueduct 4.0 baseline_annual
29179,2024,MO,Reynolds County,1069.0,18.6,49206.0,0,peeringdb_us_facilities_20261006T160916Z.json,2024,12.91,eia_residential_electricity_price_2024_by_state.csv,state,0,,,0,no_listed_facilities,WRI Aqueduct 4.0 baseline_annual
29181,2024,MO,Ripley County,2331.0,21.9,44357.0,0,peeringdb_us_facilities_20261006T160916Z.json,2024,12.91,eia_residential_electricity_price_2024_by_state.csv,state,0,,,0,no_listed_facilities,WRI Aqueduct 4.0 baseline_annual
29183,2024,MO,St. Charles County,26328.0,6.3,103890.0,0,peeringdb_us_facilities_20261006T160916Z.json,2024,12.91,eia_residential_electricity_price_2024_by_state.csv,state,0,,,0,no_listed_facilities,WRI Aqueduct 4.0 baseline_annual
29185,2024,MO,St. Clair County,1542.0,16.0,58334.0,0,peeringdb_us_facilities_20261006T160916Z.json,2024,12.91,eia_residential_electricity_price_2024_by_state.csv,state,0,,,0,no_listed_facilities,WRI Aqueduct 4.0 baseline_annual
29186,2024,MO,Ste. Genevieve County,1743.0,9.8,78977.0,0,peeringdb_us_facilities_20261006T160916Z.json,2024,12.91,eia_residential_electricity_price_2024_by_state.csv,state,0,,,0,no_listed_facilities,WRI Aqueduct 4.0 baseline_annual
29187,2024,MO,St. Francois County,8936.0,14.6,58563.0,0,peeringdb_us_facilities_20261006T160916Z.json,2024,12.91,eia_residential_electricity_price_2024_by_state.csv,state,0,,,0,no_listed_facilities,WRI Aqueduct 4.0 baseline_annual
29189,2024,MO,St. Louis County,94953.0,9.8,84109.0,1,peeringdb_us_facilities_20261006T160916Z.json,2024,12.91,eia_residential_electricity_price_2024_by_state.csv,state,1,0.0,100.0,0,complete_coverage,WRI Aqueduct 4.0 baseline_annual
29195,2024,MO,Saline County,3274.0,15.5,60641.0,0,peeringdb_us_facilities_20261006T160916Z.json,2024,12.91,eia_residential_electricity_price_2024_by_state.csv,state,0,,,0,no_listed_facilities,WRI Aqueduct 4.0 baseline_annual
29197,2024,MO,Schuyler County,588.0,14.7,70835.0,0,peeringdb_us_facilities_20261006T160916Z.json,2024,12.91,eia_residential_electricity_price_2024_by_state.csv,state,0,,,0,no_listed_facilities,WRI Aqueduct 4.0 baseline_annual
29199,2024,MO,Scotland County,627.0,13.6,60091.0,0,peeringdb_us_facilities_20261006T160916Z.json,2024,12.91,eia_residential_electricity_price_2024_by_state.csv,state,0,,,0,no_listed_facilities,WRI Aqueduct 4.0 baseline_annual
29201,2024,MO,Scott County,5027.0,13.5,60671.0,0,peeringdb_us_facilities_20261006T160916Z.json,2024,12.91,eia_residential_electricity_price_2024_by_state.csv,state,0,,,0,no_listed_facilities,WRI Aqueduct 4.0 baseline_annual
29203,2024,MO,Shannon County,1529.0,21.3,45440.0,0,peeringdb_us_facilities_20261006T160916Z.json,2024,12.91,eia_residential_electricity_price_2024_by_state.csv,state,0,,,0,no_listed_facilities,WRI Aqueduct 4.0 baseline_annual
29205,2024,MO,Shelby County,892.0,15.6,55114.0,0,peeringdb_us_facilities_20261006T160916Z.json,2024,12.91,eia_residential_electricity_price_2024_by_state.csv,state,0,,,0,no_listed_facilities,WRI Aqueduct 4.0 baseline_annual
29207,2024,MO,Stoddard County,4139.0,14.8,55245.0,0,peeringdb_us_facilities_20261006T160916Z.json,2024,12.91,eia_residential_electricity_price_2024_by_state.csv,state,0,,,0,no_listed_facilities,WRI Aqueduct 4.0 baseline_annual
29209,2024,MO,Stone County,4545.0,14.1,64377.0,0,peeringdb_us_facilities_20261006T160916Z.json,2024,12.91,eia_residential_electricity_price_2024_by_state.csv,state,0,,,0,no_listed_facilities,WRI Aqueduct 4.0 baseline_annual
29211,2024,MO,Sullivan County,714.0,12.7,54486.0,0,peeringdb_us_facilities_20261006T160916Z.json,2024,12.91,eia_residential_electricity_price_2024_by_state.csv,state,0,,,0,no_listed_facilities,WRI Aqueduct 4.0 baseline_annual
29213,2024,MO,Taney County,7386.0,13.6,57978.0,0,peeringdb_us_facilities_20261006T160916Z.json,2024,12.91,eia_residential_electricity_price_2024_by_state.csv,state,0,,,0,no_listed_facilities,WRI Aqueduct 4.0 baseline_annual
29215,2024,MO,Texas County,4601.0,19.3,49849.0,0,peeringdb_us_facilities_20261006T160916Z.json,2024,12.91,eia_residential_electricity_price_2024_by_state.csv,state,0,,,0,no_listed_facilities,WRI Aqueduct 4.0 baseline_annual
29217,2024,MO,Vernon County,2847.0,14.9,56007.0,0,peeringdb_us_facilities_20261006T160916Z.json,2024,12.91,eia_residential_electricity_price_2024_by_state.csv,state,0,,,0,no_listed_facilities,WRI Aqueduct 4.0 baseline_annual
29219,2024,MO,Warren County,3064.0,8.0,85698.0,0,peeringdb_us_facilities_20261006T160916Z.json,2024,12.91,eia_residential_electricity_price_2024_by_state.csv,state,0,,,0,no_listed_facilities,WRI Aqueduct 4.0 baseline_annual
29221,2024,MO,Washington County,4049.0,18.0,54645.0,0,peeringdb_us_facilities_20261006T160916Z.json,2024,12.91,eia_residential_electricity_price_2024_by_state.csv,state,0,,,0,no_listed_facilities,WRI Aqueduct 4.0 baseline_annual
29223,2024,MO,Wayne County,2088.0,19.6,51716.0,0,peeringdb_us_facilities_20261006T160916Z.json,2024,12.91,eia_residential_electricity_price_2024_by_state.csv,state,0,,,0,no_listed_facilities,WRI Aqueduct 4.0 baseline_annual
29225,2024,MO,Webster County,6190.0,15.0,65325.0,0,peeringdb_us_facilities_20261006T160916Z.json,2024,12.91,eia_residential_electricity_price_2024_by_state.csv,state,0,,,0,no_listed_facilities,WRI Aqueduct 4.0 baseline_annual
29227,2024,MO,Worth County,272.0,14.8,65490.0,0,peeringdb_us_facilities_20261006T160916Z.json,2024,12.91,eia_residential_electricity_price_2024_by_state.csv,state,0,,,0,no_listed_facilities,WRI Aqueduct 4.0 baseline_annual
29229,2024,MO,Wright County,3653.0,19.0,50836.0,0,peeringdb_us_facilities_20261006T160916Z.json,2024,12.91,eia_residential_electricity_price_2024_by_state.csv,state,0,,,0,no_listed_facilities,WRI Aqueduct 4.0 baseline_annual
29510,2024,MO,St. Louis city,59239.0,21.8,53962.0,8,peeringdb_us_facilities_20261006T160916Z.json,2024,12.91,eia_residential_electricity_price_2024_by_state.csv,state,8,0.0,100.0,0,complete_coverage,WRI Aqueduct 4.0 baseline_annual
30001,2024,MT,Beaverhead County,1151.0,12.0,65999.0,0,peeringdb_us_facilities_20261006T160916Z.json,2024,12.66,eia_residential_electricity_price_2024_by_state.csv,state,0,,,0,no_listed_facilities,WRI Aqueduct 4.0 baseline_annual
30003,2024,MT,Big Horn County,2787.0,22.2,59112.0,0,peeringdb_us_facilities_20261006T160916Z.json,2024,12.66,eia_residential_electricity_price_2024_by_state.csv,state,0,,,0,no_listed_facilities,WRI Aqueduct 4.0 baseline_annual
30005,2024,MT,Blaine County,1234.0,18.1,54676.0,0,peeringdb_us_facilities_20261006T160916Z.json,2024,12.66,eia_residential_electricity_price_2024_by_state.csv,state,0,,,0,no_listed_facilities,WRI Aqueduct 4.0 baseline_annual
30007,2024,MT,Broadwater County,682.0,8.3,91182.0,0,peeringdb_us_facilities_20261006T160916Z.json,2024,12.66,eia_residential_electricity_price_2024_by_state.csv,state,0,,,0,no_listed_facilities,WRI Aqueduct 4.0 baseline_annual
30009,2024,MT,Carbon County,1070.0,9.4,82545.0,0,peeringdb_us_facilities_20261006T160916Z.json,2024,12.66,eia_residential_electricity_price_2024_by_state.csv,state,0,,,0,no_listed_facilities,WRI Aqueduct 4.0 baseline_annual
30011,2024,MT,Carter County,179.0,13.0,63694.0,0,peeringdb_us_facilities_20261006T160916Z.json,2024,12.66,eia_residential_electricity_price_2024_by_state.csv,state,0,,,0,no_listed_facilities,WRI Aqueduct 4.0 baseline_annual
30013,2024,MT,Cascade County,9488.0,11.6,63905.0,0,peeringdb_us_facilities_20261006T160916Z.json,2024,12.66,eia_residential_electricity_price_2024_by_state.csv,state,0,,,0,no_listed_facilities,WRI Aqueduct 4.0 baseline_annual
30015,2024,MT,Chouteau County,801.0,13.8,62944.0,0,peeringdb_us_facilities_20261006T160916Z.json,2024,12.66,eia_residential_electricity_price_2024_by_state.csv,state,0,,,0,no_listed_facilities,WRI Aqueduct 4.0 baseline_annual
30017,2024,MT,Custer County,1290.0,11.2,68101.0,0,peeringdb_us_facilities_20261006T160916Z.json,2024,12.66,eia_residential_electricity_price_2024_by_state.csv,state,0,,,0,no_listed_facilities,WRI Aqueduct 4.0 baseline_annual
30019,2024,MT,Daniels County,183.0,11.4,60107.0,0,peeringdb_us_facilities_20261006T160916Z.json,2024,12.66,eia_residential_electricity_price_2024_by_state.csv,state,0,,,0,no_listed_facilities,WRI Aqueduct 4.0 baseline_annual
30021,2024,MT,Dawson County,990.0,12.0,67029.0,0,peeringdb_us_facilities_20261006T160916Z.json,2024,12.66,eia_residential_electricity_price_2024_by_state.csv,state,0,,,0,no_listed_facilities,WRI Aqueduct 4.0 baseline_annual
30023,2024,MT,Deer Lodge County,1157.0,12.2,63310.0,0,peeringdb_us_facilities_20261006T160916Z.json,2024,12.66,eia_residential_electricity_price_2024_by_state.csv,state,0,,,0,no_listed_facilities,WRI Aqueduct 4.0 baseline_annual
30025,2024,MT,Fallon County,270.0,9.3,76163.0,0,peeringdb_us_facilities_20261006T160916Z.json,2024,12.66,eia_residential_electricity_price_2024_by_state.csv,state,0,,,0,no_listed_facilities,WRI Aqueduct 4.0 baseline_annual
30027,2024,MT,Fergus County,1419.0,12.3,63752.0,0,peeringdb_us_facilities_20261006T160916Z.json,2024,12.66,eia_residential_electricity_price_2024_by_state.csv,state,0,,,0,no_listed_facilities,WRI Aqueduct 4.0 baseline_annual
30029,2024,MT,Flathead County,9741.0,8.6,76444.0,0,peeringdb_us_facilities_20261006T160916Z.json,2024,12.66,eia_residential_electricity_price_2024_by_state.csv,state,0,,,0,no_listed_facilities,WRI Aqueduct 4.0 baseline_annual
30031,2024,MT,Gallatin County,8720.0,7.1,100953.0,2,peeringdb_us_facilities_20261006T160916Z.json,2024,12.66,eia_residential_electricity_price_2024_by_state.csv,state,2,2.7611022836360384,100.0,0,complete_coverage,WRI Aqueduct 4.0 baseline_annual
30033,2024,MT,Garfield County,174.0,15.0,56274.0,0,peeringdb_us_facilities_20261006T160916Z.json,2024,12.66,eia_residential_electricity_price_2024_by_state.csv,state,0,,,0,no_listed_facilities,WRI Aqueduct 4.0 baseline_annual
30035,2024,MT,Glacier County,3434.0,25.9,54492.0,0,peeringdb_us_facilities_20261006T160916Z.json,2024,12.66,eia_residential_electricity_price_2024_by_state.csv,state,0,,,0,no_listed_facilities,WRI Aqueduct 4.0 baseline_annual
30037,2024,MT,Golden Valley County,169.0,20.2,49939.0,0,peeringdb_us_facilities_20261006T160916Z.json,2024,12.66,eia_residential_electricity_price_2024_by_state.csv,state,0,,,0,no_listed_facilities,WRI Aqueduct 4.0 baseline_annual
30039,2024,MT,Granite County,435.0,12.2,66105.0,0,peeringdb_us_facilities_20261006T160916Z.json,2024,12.66,eia_residential_electricity_price_2024_by_state.csv,state,0,,,0,no_listed_facilities,WRI Aqueduct 4.0 baseline_annual
30041,2024,MT,Hill County,2310.0,14.8,63163.0,0,peeringdb_us_facilities_20261006T160916Z.json,2024,12.66,eia_residential_electricity_price_2024_by_state.csv,state,0,,,0,no_listed_facilities,WRI Aqueduct 4.0 baseline_annual
30043,2024,MT,Jefferson County,964.0,7.4,95295.0,0,peeringdb_us_facilities_20261006T160916Z.json,2024,12.66,eia_residential_electricity_price_2024_by_state.csv,state,0,,,0,no_listed_facilities,WRI Aqueduct 4.0 baseline_annual
30045,2024,MT,Judith Basin County,260.0,12.3,63014.0,0,peeringdb_us_facilities_20261006T160916Z.json,2024,12.66,eia_residential_electricity_price_2024_by_state.csv,state,0,,,0,no_listed_facilities,WRI Aqueduct 4.0 baseline_annual
30047,2024,MT,Lake County,4924.0,14.9,61452.0,0,peeringdb_us_facilities_20261006T160916Z.json,2024,12.66,eia_residential_electricity_price_2024_by_state.csv,state,0,,,0,no_listed_facilities,WRI Aqueduct 4.0 baseline_annual
30049,2024,MT,Lewis and Clark County,5599.0,7.6,85284.0,0,peeringdb_us_facilities_20261006T160916Z.json,2024,12.66,eia_residential_electricity_price_2024_by_state.csv,state,0,,,0,no_listed_facilities,WRI Aqueduct 4.0 baseline_annual
30051,2024,MT,Liberty County,273.0,14.6,64790.0,0,peeringdb_us_facilities_20261006T160916Z.json,2024,12.66,eia_residential_electricity_price_2024_by_state.csv,state,0,,,0,no_listed_facilities,WRI Aqueduct 4.0 baseline_annual
30053,2024,MT,Lincoln County,3311.0,15.1,55573.0,0,peeringdb_us_facilities_20261006T160916Z.json,2024,12.66,eia_residential_electricity_price_2024_by_state.csv,state,0,,,0,no_listed_facilities,WRI Aqueduct 4.0 baseline_annual
30055,2024,MT,McCone County,230.0,13.6,58865.0,0,peeringdb_us_facilities_20261006T160916Z.json,2024,12.66,eia_residential_electricity_price_2024_by_state.csv,state,0,,,0,no_listed_facilities,WRI Aqueduct 4.0 baseline_annual
30057,2024,MT,Madison County,810.0,8.4,76300.0,0,peeringdb_us_facilities_20261006T160916Z.json,2024,12.66,eia_residential_electricity_price_2024_by_state.csv,state,0,,,0,no_listed_facilities,WRI Aqueduct 4.0 baseline_annual
30059,2024,MT,Meagher County,305.0,15.2,60176.0,0,peeringdb_us_facilities_20261006T160916Z.json,2024,12.66,eia_residential_electricity_price_2024_by_state.csv,state,0,,,0,no_listed_facilities,WRI Aqueduct 4.0 baseline_annual
30061,2024,MT,Mineral County,650.0,12.6,61150.0,0,peeringdb_us_facilities_20261006T160916Z.json,2024,12.66,eia_residential_electricity_price_2024_by_state.csv,state,0,,,0,no_listed_facilities,WRI Aqueduct 4.0 baseline_annual
30063,2024,MT,Missoula County,11021.0,9.2,76277.0,1,peeringdb_us_facilities_20261006T160916Z.json,2024,12.66,eia_residential_electricity_price_2024_by_state.csv,state,1,0.8887072218878065,100.0,0,complete_coverage,WRI Aqueduct 4.0 baseline_annual
30065,2024,MT,Musselshell County,786.0,14.5,58416.0,0,peeringdb_us_facilities_20261006T160916Z.json,2024,12.66,eia_residential_electricity_price_2024_by_state.csv,state,0,,,0,no_listed_facilities,WRI Aqueduct 4.0 baseline_annual
30067,2024,MT,Park County,1653.0,9.2,73761.0,0,peeringdb_us_facilities_20261006T160916Z.json,2024,12.66,eia_residential_electricity_price_2024_by_state.csv,state,0,,,0,no_listed_facilities,WRI Aqueduct 4.0 baseline_annual
30069,2024,MT,Petroleum County,76.0,14.5,56394.0,0,peeringdb_us_facilities_20261006T160916Z.json,2024,12.66,eia_residential_electricity_price_2024_by_state.csv,state,0,,,0,no_listed_facilities,WRI Aqueduct 4.0 baseline_annual
30071,2024,MT,Phillips County,638.0,15.4,56463.0,0,peeringdb_us_facilities_20261006T160916Z.json,2024,12.66,eia_residential_electricity_price_2024_by_state.csv,state,0,,,0,no_listed_facilities,WRI Aqueduct 4.0 baseline_annual
30073,2024,MT,Pondera County,931.0,15.8,63135.0,0,peeringdb_us_facilities_20261006T160916Z.json,2024,12.66,eia_residential_electricity_price_2024_by_state.csv,state,0,,,0,no_listed_facilities,WRI Aqueduct 4.0 baseline_annual
30075,2024,MT,Powder River County,190.0,11.1,61612.0,0,peeringdb_us_facilities_20261006T160916Z.json,2024,12.66,eia_residential_electricity_price_2024_by_state.csv,state,0,,,0,no_listed_facilities,WRI Aqueduct 4.0 baseline_annual
30077,2024,MT,Powell County,816.0,15.0,65069.0,0,peeringdb_us_facilities_20261006T160916Z.json,2024,12.66,eia_residential_electricity_price_2024_by_state.csv,state,0,,,0,no_listed_facilities,WRI Aqueduct 4.0 baseline_annual
30079,2024,MT,Prairie County,122.0,11.2,62469.0,0,peeringdb_us_facilities_20261006T160916Z.json,2024,12.66,eia_residential_electricity_price_2024_by_state.csv,state,0,,,0,no_listed_facilities,WRI Aqueduct 4.0 baseline_annual
30081,2024,MT,Ravalli County,5221.0,10.9,72460.0,0,peeringdb_us_facilities_20261006T160916Z.json,2024,12.66,eia_residential_electricity_price_2024_by_state.csv,state,0,,,0,no_listed_facilities,WRI Aqueduct 4.0 baseline_annual
30083,2024,MT,Richland County,1073.0,9.8,81961.0,0,peeringdb_us_facilities_20261006T160916Z.json,2024,12.66,eia_residential_electricity_price_2024_by_state.csv,state,0,,,0,no_listed_facilities,WRI Aqueduct 4.0 baseline_annual
30085,2024,MT,Roosevelt County,2261.0,22.8,55302.0,0,peeringdb_us_facilities_20261006T160916Z.json,2024,12.66,eia_residential_electricity_price_2024_by_state.csv,state,0,,,0,no_listed_facilities,WRI Aqueduct 4.0 baseline_annual
30087,2024,MT,Rosebud County,1322.0,16.3,70245.0,1,peeringdb_us_facilities_20261006T160916Z.json,2024,12.66,eia_residential_electricity_price_2024_by_state.csv,state,1,0.0,100.0,0,complete_coverage,WRI Aqueduct 4.0 baseline_annual
30089,2024,MT,Sanders County,1905.0,13.9,59864.0,0,peeringdb_us_facilities_20261006T160916Z.json,2024,12.66,eia_residential_electricity_price_2024_by_state.csv,state,0,,,0,no_listed_facilities,WRI Aqueduct 4.0 baseline_annual
30091,2024,MT,Sheridan County,423.0,12.4,62725.0,0,peeringdb_us_facilities_20261006T160916Z.json,2024,12.66,eia_residential_electricity_price_2024_by_state.csv,state,0,,,0,no_listed_facilities,WRI Aqueduct 4.0 baseline_annual
30093,2024,MT,Silver Bow County,4573.0,12.9,65459.0,0,peeringdb_us_facilities_20261006T160916Z.json,2024,12.66,eia_residential_electricity_price_2024_by_state.csv,state,0,,,0,no_listed_facilities,WRI Aqueduct 4.0 baseline_annual
30095,2024,MT,Stillwater County,775.0,8.3,85796.0,0,peeringdb_us_facilities_20261006T160916Z.json,2024,12.66,eia_residential_electricity_price_2024_by_state.csv,state,0,,,0,no_listed_facilities,WRI Aqueduct 4.0 baseline_annual
30097,2024,MT,Sweet Grass County,364.0,9.8,73627.0,0,peeringdb_us_facilities_20261006T160916Z.json,2024,12.66,eia_residential_electricity_price_2024_by_state.csv,state,0,,,0,no_listed_facilities,WRI Aqueduct 4.0 baseline_annual
30099,2024,MT,Teton County,880.0,14.0,64349.0,0,peeringdb_us_facilities_20261006T160916Z.json,2024,12.66,eia_residential_electricity_price_2024_by_state.csv,state,0,,,0,no_listed_facilities,WRI Aqueduct 4.0 baseline_annual
30101,2024,MT,Toole County,678.0,15.6,64644.0,0,peeringdb_us_facilities_20261006T160916Z.json,2024,12.66,eia_residential_electricity_price_2024_by_state.csv,state,0,,,0,no_listed_facilities,WRI Aqueduct 4.0 baseline_annual
30103,2024,MT,Treasure County,89.0,12.1,59759.0,0,peeringdb_us_facilities_20261006T160916Z.json,2024,12.66,eia_residential_electricity_price_2024_by_state.csv,state,0,,,0,no_listed_facilities,WRI Aqueduct 4.0 baseline_annual
30105,2024,MT,Valley County,847.0,11.6,70009.0,0,peeringdb_us_facilities_20261006T160916Z.json,2024,12.66,eia_residential_electricity_price_2024_by_state.csv,state,0,,,0,no_listed_facilities,WRI Aqueduct 4.0 baseline_annual
30107,2024,MT,Wheatland County,346.0,17.3,47920.0,0,peeringdb_us_facilities_20261006T160916Z.json,2024,12.66,eia_residential_electricity_price_2024_by_state.csv,state,0,,,0,no_listed_facilities,WRI Aqueduct 4.0 baseline_annual
30109,2024,MT,Wibaux County,101.0,11.5,61158.0,0,peeringdb_us_facilities_20261006T160916Z.json,2024,12.66,eia_residential_electricity_price_2024_by_state.csv,state,0,,,0,no_listed_facilities,WRI Aqueduct 4.0 baseline_annual
30111,2024,MT,Yellowstone County,14006.0,8.3,77321.0,4,peeringdb_us_facilities_20261006T160916Z.json,2024,12.66,eia_residential_electricity_price_2024_by_state.csv,state,4,2.899958208579291,100.0,0,complete_coverage,WRI Aqueduct 4.0 baseline_annual
31001,2024,NE,Adams County,3315.0,11.0,74092.0,0,peeringdb_us_facilities_20261006T160916Z.json,2024,11.53,eia_residential_electricity_price_2024_by_state.csv,state,0,,,0,no_listed_facilities,WRI Aqueduct 4.0 baseline_annual
31003,2024,NE,Antelope County,715.0,11.4,69146.0,0,peeringdb_us_facilities_20261006T160916Z.json,2024,11.53,eia_residential_electricity_price_2024_by_state.csv,state,0,,,0,no_listed_facilities,WRI Aqueduct 4.0 baseline_annual
31005,2024,NE,Arthur County,50.0,11.8,66597.0,0,peeringdb_us_facilities_20261006T160916Z.json,2024,11.53,eia_residential_electricity_price_2024_by_state.csv,state,0,,,0,no_listed_facilities,WRI Aqueduct 4.0 baseline_annual
31007,2024,NE,Banner County,72.0,10.8,70797.0,0,peeringdb_us_facilities_20261006T160916Z.json,2024,11.53,eia_residential_electricity_price_2024_by_state.csv,state,0,,,0,no_listed_facilities,WRI Aqueduct 4.0 baseline_annual
31009,2024,NE,Blaine County,66.0,14.5,62390.0,0,peeringdb_us_facilities_20261006T160916Z.json,2024,11.53,eia_residential_electricity_price_2024_by_state.csv,state,0,,,0,no_listed_facilities,WRI Aqueduct 4.0 baseline_annual
31011,2024,NE,Boone County,489.0,9.3,78571.0,0,peeringdb_us_facilities_20261006T160916Z.json,2024,11.53,eia_residential_electricity_price_2024_by_state.csv,state,0,,,0,no_listed_facilities,WRI Aqueduct 4.0 baseline_annual
31013,2024,NE,Box Butte County,1143.0,10.8,70664.0,0,peeringdb_us_facilities_20261006T160916Z.json,2024,11.53,eia_residential_electricity_price_2024_by_state.csv,state,0,,,0,no_listed_facilities,WRI Aqueduct 4.0 baseline_annual
31015,2024,NE,Boyd County,217.0,13.1,61388.0,0,peeringdb_us_facilities_20261006T160916Z.json,2024,11.53,eia_residential_electricity_price_2024_by_state.csv,state,0,,,0,no_listed_facilities,WRI Aqueduct 4.0 baseline_annual
31017,2024,NE,Brown County,321.0,11.3,63089.0,0,peeringdb_us_facilities_20261006T160916Z.json,2024,11.53,eia_residential_electricity_price_2024_by_state.csv,state,0,,,0,no_listed_facilities,WRI Aqueduct 4.0 baseline_annual
31019,2024,NE,Buffalo County,4255.0,8.7,75364.0,0,peeringdb_us_facilities_20261006T160916Z.json,2024,11.53,eia_residential_electricity_price_2024_by_state.csv,state,0,,,0,no_listed_facilities,WRI Aqueduct 4.0 baseline_annual
31021,2024,NE,Burt County,663.0,10.0,71088.0,0,peeringdb_us_facilities_20261006T160916Z.json,2024,11.53,eia_residential_electricity_price_2024_by_state.csv,state,0,,,0,no_listed_facilities,WRI Aqueduct 4.0 baseline_annual
31023,2024,NE,Butler County,784.0,9.5,80401.0,0,peeringdb_us_facilities_20261006T160916Z.json,2024,11.53,eia_residential_electricity_price_2024_by_state.csv,state,0,,,0,no_listed_facilities,WRI Aqueduct 4.0 baseline_annual
31025,2024,NE,Cass County,1690.0,6.2,92296.0,0,peeringdb_us_facilities_20261006T160916Z.json,2024,11.53,eia_residential_electricity_price_2024_by_state.csv,state,0,,,0,no_listed_facilities,WRI Aqueduct 4.0 baseline_annual
31027,2024,NE,Cedar County,713.0,8.7,77048.0,0,peeringdb_us_facilities_20261006T160916Z.json,2024,11.53,eia_residential_electricity_price_2024_by_state.csv,state,0,,,0,no_listed_facilities,WRI Aqueduct 4.0 baseline_annual
31029,2024,NE,Chase County,370.0,10.1,72801.0,0,peeringdb_us_facilities_20261006T160916Z.json,2024,11.53,eia_residential_electricity_price_2024_by_state.csv,state,0,,,0,no_listed_facilities,WRI Aqueduct 4.0 baseline_annual
31031,2024,NE,Cherry County,562.0,10.2,65705.0,0,peeringdb_us_facilities_20261006T160916Z.json,2024,11.53,eia_residential_electricity_price_2024_by_state.csv,state,0,,,0,no_listed_facilities,WRI Aqueduct 4.0 baseline_annual
31033,2024,NE,Cheyenne County,1117.0,11.8,63179.0,0,peeringdb_us_facilities_20261006T160916Z.json,2024,11.53,eia_residential_electricity_price_2024_by_state.csv,state,0,,,0,no_listed_facilities,WRI Aqueduct 4.0 baseline_annual
31035,2024,NE,Clay County,578.0,9.6,83266.0,0,peeringdb_us_facilities_20261006T160916Z.json,2024,11.53,eia_residential_electricity_price_2024_by_state.csv,state,0,,,0,no_listed_facilities,WRI Aqueduct 4.0 baseline_annual
31037,2024,NE,Colfax County,900.0,8.4,74226.0,0,peeringdb_us_facilities_20261006T160916Z.json,2024,11.53,eia_residential_electricity_price_2024_by_state.csv,state,0,,,0,no_listed_facilities,WRI Aqueduct 4.0 baseline_annual
31039,2024,NE,Cuming County,757.0,8.6,74666.0,0,peeringdb_us_facilities_20261006T160916Z.json,2024,11.53,eia_residential_electricity_price_2024_by_state.csv,state,0,,,0,no_listed_facilities,WRI Aqueduct 4.0 baseline_annual
31041,2024,NE,Custer County,1189.0,11.5,63524.0,0,peeringdb_us_facilities_20261006T160916Z.json,2024,11.53,eia_residential_electricity_price_2024_by_state.csv,state,0,,,0,no_listed_facilities,WRI Aqueduct 4.0 baseline_annual
31043,2024,NE,Dakota County,2353.0,11.2,75195.0,0,peeringdb_us_facilities_20261006T160916Z.json,2024,11.53,eia_residential_electricity_price_2024_by_state.csv,state,0,,,0,no_listed_facilities,WRI Aqueduct 4.0 baseline_annual
31045,2024,NE,Dawes County,1163.0,15.9,58219.0,0,peeringdb_us_facilities_20261006T160916Z.json,2024,11.53,eia_residential_electricity_price_2024_by_state.csv,state,0,,,0,no_listed_facilities,WRI Aqueduct 4.0 baseline_annual
31047,2024,NE,Dawson County,2458.0,10.1,73090.0,0,peeringdb_us_facilities_20261006T160916Z.json,2024,11.53,eia_residential_electricity_price_2024_by_state.csv,state,0,,,0,no_listed_facilities,WRI Aqueduct 4.0 baseline_annual
31049,2024,NE,Deuel County,224.0,11.9,59028.0,0,peeringdb_us_facilities_20261006T160916Z.json,2024,11.53,eia_residential_electricity_price_2024_by_state.csv,state,0,,,0,no_listed_facilities,WRI Aqueduct 4.0 baseline_annual
31051,2024,NE,Dixon County,481.0,8.9,76265.0,0,peeringdb_us_facilities_20261006T160916Z.json,2024,11.53,eia_residential_electricity_price_2024_by_state.csv,state,0,,,0,no_listed_facilities,WRI Aqueduct 4.0 baseline_annual
31053,2024,NE,Dodge County,4842.0,13.1,70530.0,0,peeringdb_us_facilities_20261006T160916Z.json,2024,11.53,eia_residential_electricity_price_2024_by_state.csv,state,0,,,0,no_listed_facilities,WRI Aqueduct 4.0 baseline_annual
31055,2024,NE,Douglas County,69272.0,11.8,80742.0,3,peeringdb_us_facilities_20261006T160916Z.json,2024,11.53,eia_residential_electricity_price_2024_by_state.csv,state,3,0.1278995263148407,100.0,0,complete_coverage,WRI Aqueduct 4.0 baseline_annual
31057,2024,NE,Dundy County,200.0,12.9,61146.0,0,peeringdb_us_facilities_20261006T160916Z.json,2024,11.53,eia_residential_electricity_price_2024_by_state.csv,state,0,,,0,no_listed_facilities,WRI Aqueduct 4.0 baseline_annual
31059,2024,NE,Fillmore County,458.0,8.5,76307.0,0,peeringdb_us_facilities_20261006T160916Z.json,2024,11.53,eia_residential_electricity_price_2024_by_state.csv,state,0,,,0,no_listed_facilities,WRI Aqueduct 4.0 baseline_annual
31061,2024,NE,Franklin County,338.0,12.1,63738.0,0,peeringdb_us_facilities_20261006T160916Z.json,2024,11.53,eia_residential_electricity_price_2024_by_state.csv,state,0,,,0,no_listed_facilities,WRI Aqueduct 4.0 baseline_annual
31063,2024,NE,Frontier County,271.0,11.3,66591.0,0,peeringdb_us_facilities_20261006T160916Z.json,2024,11.53,eia_residential_electricity_price_2024_by_state.csv,state,0,,,0,no_listed_facilities,WRI Aqueduct 4.0 baseline_annual
31065,2024,NE,Furnas County,585.0,13.2,62039.0,0,peeringdb_us_facilities_20261006T160916Z.json,2024,11.53,eia_residential_electricity_price_2024_by_state.csv,state,0,,,0,no_listed_facilities,WRI Aqueduct 4.0 baseline_annual
31067,2024,NE,Gage County,2284.0,10.7,74705.0,0,peeringdb_us_facilities_20261006T160916Z.json,2024,11.53,eia_residential_electricity_price_2024_by_state.csv,state,0,,,0,no_listed_facilities,WRI Aqueduct 4.0 baseline_annual
31069,2024,NE,Garden County,300.0,16.9,50767.0,0,peeringdb_us_facilities_20261006T160916Z.json,2024,11.53,eia_residential_electricity_price_2024_by_state.csv,state,0,,,0,no_listed_facilities,WRI Aqueduct 4.0 baseline_annual
31071,2024,NE,Garfield County,193.0,11.8,57062.0,0,peeringdb_us_facilities_20261006T160916Z.json,2024,11.53,eia_residential_electricity_price_2024_by_state.csv,state,0,,,0,no_listed_facilities,WRI Aqueduct 4.0 baseline_annual
31073,2024,NE,Gosper County,158.0,8.9,76403.0,0,peeringdb_us_facilities_20261006T160916Z.json,2024,11.53,eia_residential_electricity_price_2024_by_state.csv,state,0,,,0,no_listed_facilities,WRI Aqueduct 4.0 baseline_annual
31075,2024,NE,Grant County,64.0,11.2,70112.0,0,peeringdb_us_facilities_20261006T160916Z.json,2024,11.53,eia_residential_electricity_price_2024_by_state.csv,state,0,,,0,no_listed_facilities,WRI Aqueduct 4.0 baseline_annual
31077,2024,NE,Greeley County,231.0,10.7,67393.0,0,peeringdb_us_facilities_20261006T160916Z.json,2024,11.53,eia_residential_electricity_price_2024_by_state.csv,state,0,,,0,no_listed_facilities,WRI Aqueduct 4.0 baseline_annual
31079,2024,NE,Hall County,9333.0,15.1,71025.0,0,peeringdb_us_facilities_20261006T160916Z.json,2024,11.53,eia_residential_electricity_price_2024_by_state.csv,state,0,,,0,no_listed_facilities,WRI Aqueduct 4.0 baseline_annual
31081,2024,NE,Hamilton County,627.0,6.6,85288.0,0,peeringdb_us_facilities_20261006T160916Z.json,2024,11.53,eia_residential_electricity_price_2024_by_state.csv,state,0,,,0,no_listed_facilities,WRI Aqueduct 4.0 baseline_annual
31083,2024,NE,Harlan County,306.0,10.3,66017.0,0,peeringdb_us_facilities_20261006T160916Z.json,2024,11.53,eia_residential_electricity_price_2024_by_state.csv,state,0,,,0,no_listed_facilities,WRI Aqueduct 4.0 baseline_annual
31085,2024,NE,Hayes County,109.0,12.9,71367.0,0,peeringdb_us_facilities_20261006T160916Z.json,2024,11.53,eia_residential_electricity_price_2024_by_state.csv,state,0,,,0,no_listed_facilities,WRI Aqueduct 4.0 baseline_annual
31087,2024,NE,Hitchcock County,327.0,13.4,60179.0,0,peeringdb_us_facilities_20261006T160916Z.json,2024,11.53,eia_residential_electricity_price_2024_by_state.csv,state,0,,,0,no_listed_facilities,WRI Aqueduct 4.0 baseline_annual
31089,2024,NE,Holt County,1111.0,11.1,69781.0,0,peeringdb_us_facilities_20261006T160916Z.json,2024,11.53,eia_residential_electricity_price_2024_by_state.csv,state,0,,,0,no_listed_facilities,WRI Aqueduct 4.0 baseline_annual
31091,2024,NE,Hooker County,54.0,7.8,66174.0,0,peeringdb_us_facilities_20261006T160916Z.json,2024,11.53,eia_residential_electricity_price_2024_by_state.csv,state,0,,,0,no_listed_facilities,WRI Aqueduct 4.0 baseline_annual
31093,2024,NE,Howard County,612.0,9.5,73933.0,0,peeringdb_us_facilities_20261006T160916Z.json,2024,11.53,eia_residential_electricity_price_2024_by_state.csv,state,0,,,0,no_listed_facilities,WRI Aqueduct 4.0 baseline_annual
31095,2024,NE,Jefferson County,688.0,9.8,63621.0,0,peeringdb_us_facilities_20261006T160916Z.json,2024,11.53,eia_residential_electricity_price_2024_by_state.csv,state,0,,,0,no_listed_facilities,WRI Aqueduct 4.0 baseline_annual
31097,2024,NE,Johnson County,561.0,13.7,67442.0,0,peeringdb_us_facilities_20261006T160916Z.json,2024,11.53,eia_residential_electricity_price_2024_by_state.csv,state,0,,,0,no_listed_facilities,WRI Aqueduct 4.0 baseline_annual
31099,2024,NE,Kearney County,517.0,7.8,82540.0,0,peeringdb_us_facilities_20261006T160916Z.json,2024,11.53,eia_residential_electricity_price_2024_by_state.csv,state,0,,,0,no_listed_facilities,WRI Aqueduct 4.0 baseline_annual
31101,2024,NE,Keith County,852.0,10.6,63394.0,0,peeringdb_us_facilities_20261006T160916Z.json,2024,11.53,eia_residential_electricity_price_2024_by_state.csv,state,0,,,0,no_listed_facilities,WRI Aqueduct 4.0 baseline_annual
31103,2024,NE,Keya Paha County,131.0,16.0,62133.0,0,peeringdb_us_facilities_20261006T160916Z.json,2024,11.53,eia_residential_electricity_price_2024_by_state.csv,state,0,,,0,no_listed_facilities,WRI Aqueduct 4.0 baseline_annual
31105,2024,NE,Kimball County,417.0,12.9,60362.0,0,peeringdb_us_facilities_20261006T160916Z.json,2024,11.53,eia_residential_electricity_price_2024_by_state.csv,state,0,,,0,no_listed_facilities,WRI Aqueduct 4.0 baseline_annual
31107,2024,NE,Knox County,984.0,12.1,60681.0,0,peeringdb_us_facilities_20261006T160916Z.json,2024,11.53,eia_residential_electricity_price_2024_by_state.csv,state,0,,,0,no_listed_facilities,WRI Aqueduct 4.0 baseline_annual
31109,2024,NE,Lancaster County,37861.0,11.8,76062.0,2,peeringdb_us_facilities_20261006T160916Z.json,2024,11.53,eia_residential_electricity_price_2024_by_state.csv,state,2,0.7478789874496858,100.0,0,complete_coverage,WRI Aqueduct 4.0 baseline_annual
31111,2024,NE,Lincoln County,3596.0,11.0,69128.0,0,peeringdb_us_facilities_20261006T160916Z.json,2024,11.53,eia_residential_electricity_price_2024_by_state.csv,state,0,,,0,no_listed_facilities,WRI Aqueduct 4.0 baseline_annual
31113,2024,NE,Logan County,62.0,9.0,72126.0,0,peeringdb_us_facilities_20261006T160916Z.json,2024,11.53,eia_residential_electricity_price_2024_by_state.csv,state,0,,,0,no_listed_facilities,WRI Aqueduct 4.0 baseline_annual
31115,2024,NE,Loup County,86.0,14.9,66693.0,0,peeringdb_us_facilities_20261006T160916Z.json,2024,11.53,eia_residential_electricity_price_2024_by_state.csv,state,0,,,0,no_listed_facilities,WRI Aqueduct 4.0 baseline_annual
31117,2024,NE,McPherson County,44.0,11.7,67039.0,0,peeringdb_us_facilities_20261006T160916Z.json,2024,11.53,eia_residential_electricity_price_2024_by_state.csv,state,0,,,0,no_listed_facilities,WRI Aqueduct 4.0 baseline_annual
31119,2024,NE,Madison County,4223.0,12.3,69056.0,0,peeringdb_us_facilities_20261006T160916Z.json,2024,11.53,eia_residential_electricity_price_2024_by_state.csv,state,0,,,0,no_listed_facilities,WRI Aqueduct 4.0 baseline_annual
31121,2024,NE,Merrick County,755.0,9.8,73291.0,0,peeringdb_us_facilities_20261006T160916Z.json,2024,11.53,eia_residential_electricity_price_2024_by_state.csv,state,0,,,0,no_listed_facilities,WRI Aqueduct 4.0 baseline_annual
31123,2024,NE,Morrill County,588.0,13.4,67099.0,0,peeringdb_us_facilities_20261006T160916Z.json,2024,11.53,eia_residential_electricity_price_2024_by_state.csv,state,0,,,0,no_listed_facilities,WRI Aqueduct 4.0 baseline_annual
31125,2024,NE,Nance County,347.0,10.9,69105.0,0,peeringdb_us_facilities_20261006T160916Z.json,2024,11.53,eia_residential_electricity_price_2024_by_state.csv,state,0,,,0,no_listed_facilities,WRI Aqueduct 4.0 baseline_annual
31127,2024,NE,Nemaha County,765.0,11.7,66996.0,0,peeringdb_us_facilities_20261006T160916Z.json,2024,11.53,eia_residential_electricity_price_2024_by_state.csv,state,0,,,0,no_listed_facilities,WRI Aqueduct 4.0 baseline_annual
31129,2024,NE,Nuckolls County,432.0,10.7,67032.0,0,peeringdb_us_facilities_20261006T160916Z.json,2024,11.53,eia_residential_electricity_price_2024_by_state.csv,state,0,,,0,no_listed_facilities,WRI Aqueduct 4.0 baseline_annual
31131,2024,NE,Otoe County,1301.0,8.0,81191.0,0,peeringdb_us_facilities_20261006T160916Z.json,2024,11.53,eia_residential_electricity_price_2024_by_state.csv,state,0,,,0,no_listed_facilities,WRI Aqueduct 4.0 baseline_annual
31133,2024,NE,Pawnee County,321.0,12.9,62600.0,0,peeringdb_us_facilities_20261006T160916Z.json,2024,11.53,eia_residential_electricity_price_2024_by_state.csv,state,0,,,0,no_listed_facilities,WRI Aqueduct 4.0 baseline_annual
31135,2024,NE,Perkins County,257.0,9.3,78023.0,0,peeringdb_us_facilities_20261006T160916Z.json,2024,11.53,eia_residential_electricity_price_2024_by_state.csv,state,0,,,0,no_listed_facilities,WRI Aqueduct 4.0 baseline_annual
31137,2024,NE,Phelps County,737.0,8.4,78735.0,0,peeringdb_us_facilities_20261006T160916Z.json,2024,11.53,eia_residential_electricity_price_2024_by_state.csv,state,0,,,0,no_listed_facilities,WRI Aqueduct 4.0 baseline_annual
31139,2024,NE,Pierce County,653.0,9.0,85583.0,0,peeringdb_us_facilities_20261006T160916Z.json,2024,11.53,eia_residential_electricity_price_2024_by_state.csv,state,0,,,0,no_listed_facilities,WRI Aqueduct 4.0 baseline_annual
31141,2024,NE,Platte County,2980.0,8.5,74367.0,0,peeringdb_us_facilities_20261006T160916Z.json,2024,11.53,eia_residential_electricity_price_2024_by_state.csv,state,0,,,0,no_listed_facilities,WRI Aqueduct 4.0 baseline_annual
31143,2024,NE,Polk County,413.0,8.0,76692.0,0,peeringdb_us_facilities_20261006T160916Z.json,2024,11.53,eia_residential_electricity_price_2024_by_state.csv,state,0,,,0,no_listed_facilities,WRI Aqueduct 4.0 baseline_annual
31145,2024,NE,Red Willow County,1132.0,11.2,66951.0,0,peeringdb_us_facilities_20261006T160916Z.json,2024,11.53,eia_residential_electricity_price_2024_by_state.csv,state,0,,,0,no_listed_facilities,WRI Aqueduct 4.0 baseline_annual
31147,2024,NE,Richardson County,856.0,11.4,65056.0,0,peeringdb_us_facilities_20261006T160916Z.json,2024,11.53,eia_residential_electricity_price_2024_by_state.csv,state,0,,,0,no_listed_facilities,WRI Aqueduct 4.0 baseline_annual
31149,2024,NE,Rock County,159.0,13.1,65811.0,0,peeringdb_us_facilities_20261006T160916Z.json,2024,11.53,eia_residential_electricity_price_2024_by_state.csv,state,0,,,0,no_listed_facilities,WRI Aqueduct 4.0 baseline_annual
31151,2024,NE,Saline County,1057.0,7.6,80352.0,0,peeringdb_us_facilities_20261006T160916Z.json,2024,11.53,eia_residential_electricity_price_2024_by_state.csv,state,0,,,0,no_listed_facilities,WRI Aqueduct 4.0 baseline_annual
31153,2024,NE,Sarpy County,11707.0,5.8,102043.0,5,peeringdb_us_facilities_20261006T160916Z.json,2024,11.53,eia_residential_electricity_price_2024_by_state.csv,state,5,0.1278995263148407,100.0,0,complete_coverage,WRI Aqueduct 4.0 baseline_annual
31155,2024,NE,Saunders County,1385.0,6.0,90988.0,0,peeringdb_us_facilities_20261006T160916Z.json,2024,11.53,eia_residential_electricity_price_2024_by_state.csv,state,0,,,0,no_listed_facilities,WRI Aqueduct 4.0 baseline_annual
31157,2024,NE,Scotts Bluff County,3813.0,11.0,64569.0,0,peeringdb_us_facilities_20261006T160916Z.json,2024,11.53,eia_residential_electricity_price_2024_by_state.csv,state,0,,,0,no_listed_facilities,WRI Aqueduct 4.0 baseline_annual
31159,2024,NE,Seward County,1298.0,7.9,82422.0,0,peeringdb_us_facilities_20261006T160916Z.json,2024,11.53,eia_residential_electricity_price_2024_by_state.csv,state,0,,,0,no_listed_facilities,WRI Aqueduct 4.0 baseline_annual
31161,2024,NE,Sheridan County,674.0,14.1,59796.0,0,peeringdb_us_facilities_20261006T160916Z.json,2024,11.53,eia_residential_electricity_price_2024_by_state.csv,state,0,,,0,no_listed_facilities,WRI Aqueduct 4.0 baseline_annual
31163,2024,NE,Sherman County,335.0,11.6,61724.0,0,peeringdb_us_facilities_20261006T160916Z.json,2024,11.53,eia_residential_electricity_price_2024_by_state.csv,state,0,,,0,no_listed_facilities,WRI Aqueduct 4.0 baseline_annual
31165,2024,NE,Sioux County,163.0,14.9,67434.0,0,peeringdb_us_facilities_20261006T160916Z.json,2024,11.53,eia_residential_electricity_price_2024_by_state.csv,state,0,,,0,no_listed_facilities,WRI Aqueduct 4.0 baseline_annual
31167,2024,NE,Stanton County,442.0,7.8,78313.0,0,peeringdb_us_facilities_20261006T160916Z.json,2024,11.53,eia_residential_electricity_price_2024_by_state.csv,state,0,,,0,no_listed_facilities,WRI Aqueduct 4.0 baseline_annual
31169,2024,NE,Thayer County,517.0,10.8,67526.0,0,peeringdb_us_facilities_20261006T160916Z.json,2024,11.53,eia_residential_electricity_price_2024_by_state.csv,state,0,,,0,no_listed_facilities,WRI Aqueduct 4.0 baseline_annual
31171,2024,NE,Thomas County,85.0,13.4,60299.0,0,peeringdb_us_facilities_20261006T160916Z.json,2024,11.53,eia_residential_electricity_price_2024_by_state.csv,state,0,,,0,no_listed_facilities,WRI Aqueduct 4.0 baseline_annual
31173,2024,NE,Thurston County,1100.0,16.9,65125.0,0,peeringdb_us_facilities_20261006T160916Z.json,2024,11.53,eia_residential_electricity_price_2024_by_state.csv,state,0,,,0,no_listed_facilities,WRI Aqueduct 4.0 baseline_annual
31175,2024,NE,Valley County,431.0,10.8,67775.0,0,peeringdb_us_facilities_20261006T160916Z.json,2024,11.53,eia_residential_electricity_price_2024_by_state.csv,state,0,,,0,no_listed_facilities,WRI Aqueduct 4.0 baseline_annual
31177,2024,NE,Washington County,1363.0,6.5,97167.0,0,peeringdb_us_facilities_20261006T160916Z.json,2024,11.53,eia_residential_electricity_price_2024_by_state.csv,state,0,,,0,no_listed_facilities,WRI Aqueduct 4.0 baseline_annual
31179,2024,NE,Wayne County,1077.0,12.5,70905.0,0,peeringdb_us_facilities_20261006T160916Z.json,2024,11.53,eia_residential_electricity_price_2024_by_state.csv,state,0,,,0,no_listed_facilities,WRI Aqueduct 4.0 baseline_annual
31181,2024,NE,Webster County,352.0,10.8,61235.0,0,peeringdb_us_facilities_20261006T160916Z.json,2024,11.53,eia_residential_electricity_price_2024_by_state.csv,state,0,,,0,no_listed_facilities,WRI Aqueduct 4.0 baseline_annual
31183,2024,NE,Wheeler County,92.0,11.4,67058.0,0,peeringdb_us_facilities_20261006T160916Z.json,2024,11.53,eia_residential_electricity_price_2024_by_state.csv,state,0,,,0,no_listed_facilities,WRI Aqueduct 4.0 baseline_annual
31185,2024,NE,York County,1222.0,9.1,74591.0,0,peeringdb_us_facilities_20261006T160916Z.json,2024,11.53,eia_residential_electricity_price_2024_by_state.csv,state,0,,,0,no_listed_facilities,WRI Aqueduct 4.0 baseline_annual
32001,2024,NV,Churchill County,2533.0,9.9,75479.0,0,peeringdb_us_facilities_20261006T160916Z.json,2024,15.0,eia_residential_electricity_price_2024_by_state.csv,state,0,,,0,no_listed_facilities,WRI Aqueduct 4.0 baseline_annual
32003,2024,NV,Clark County,296097.0,12.5,80047.0,7,peeringdb_us_facilities_20261006T160916Z.json,2024,15.0,eia_residential_electricity_price_2024_by_state.csv,state,7,0.6701146863701558,100.0,0,complete_coverage,WRI Aqueduct 4.0 baseline_annual
32005,2024,NV,Douglas County,4069.0,8.2,101862.0,0,peeringdb_us_facilities_20261006T160916Z.json,2024,15.0,eia_residential_electricity_price_2024_by_state.csv,state,0,,,0,no_listed_facilities,WRI Aqueduct 4.0 baseline_annual
32007,2024,NV,Elko County,5093.0,9.5,91128.0,0,peeringdb_us_facilities_20261006T160916Z.json,2024,15.0,eia_residential_electricity_price_2024_by_state.csv,state,0,,,0,no_listed_facilities,WRI Aqueduct 4.0 baseline_annual
32009,2024,NV,Esmeralda County,106.0,14.8,66369.0,0,peeringdb_us_facilities_20261006T160916Z.json,2024,15.0,eia_residential_electricity_price_2024_by_state.csv,state,0,,,0,no_listed_facilities,WRI Aqueduct 4.0 baseline_annual
32011,2024,NV,Eureka County,208.0,11.1,82162.0,0,peeringdb_us_facilities_20261006T160916Z.json,2024,15.0,eia_residential_electricity_price_2024_by_state.csv,state,0,,,0,no_listed_facilities,WRI Aqueduct 4.0 baseline_annual
32013,2024,NV,Humboldt County,1800.0,10.6,85433.0,0,peeringdb_us_facilities_20261006T160916Z.json,2024,15.0,eia_residential_electricity_price_2024_by_state.csv,state,0,,,0,no_listed_facilities,WRI Aqueduct 4.0 baseline_annual
32015,2024,NV,Lander County,625.0,10.9,92510.0,0,peeringdb_us_facilities_20261006T160916Z.json,2024,15.0,eia_residential_electricity_price_2024_by_state.csv,state,0,,,0,no_listed_facilities,WRI Aqueduct 4.0 baseline_annual
32017,2024,NV,Lincoln County,552.0,13.2,72249.0,0,peeringdb_us_facilities_20261006T160916Z.json,2024,15.0,eia_residential_electricity_price_2024_by_state.csv,state,0,,,0,no_listed_facilities,WRI Aqueduct 4.0 baseline_annual
32019,2024,NV,Lyon County,7254.0,11.4,77802.0,0,peeringdb_us_facilities_20261006T160916Z.json,2024,15.0,eia_residential_electricity_price_2024_by_state.csv,state,0,,,0,no_listed_facilities,WRI Aqueduct 4.0 baseline_annual
32021,2024,NV,Mineral County,778.0,17.6,58610.0,0,peeringdb_us_facilities_20261006T160916Z.json,2024,15.0,eia_residential_electricity_price_2024_by_state.csv,state,0,,,0,no_listed_facilities,WRI Aqueduct 4.0 baseline_annual
32023,2024,NV,Nye County,7576.0,13.8,65910.0,0,peeringdb_us_facilities_20261006T160916Z.json,2024,15.0,eia_residential_electricity_price_2024_by_state.csv,state,0,,,0,no_listed_facilities,WRI Aqueduct 4.0 baseline_annual
32027,2024,NV,Pershing County,909.0,18.3,68559.0,0,peeringdb_us_facilities_20261006T160916Z.json,2024,15.0,eia_residential_electricity_price_2024_by_state.csv,state,0,,,0,no_listed_facilities,WRI Aqueduct 4.0 baseline_annual
32029,2024,NV,Storey County,294.0,7.2,92548.0,2,peeringdb_us_facilities_20261006T160916Z.json,2024,15.0,eia_residential_electricity_price_2024_by_state.csv,state,2,3.082519184213296,100.0,0,complete_coverage,WRI Aqueduct 4.0 baseline_annual
32031,2024,NV,Washoe County,47251.0,9.4,91178.0,3,peeringdb_us_facilities_20261006T160916Z.json,2024,15.0,eia_residential_electricity_price_2024_by_state.csv,state,3,3.082519184213296,100.0,0,complete_coverage,WRI Aqueduct 4.0 baseline_annual
32033,2024,NV,White Pine County,999.0,12.6,71474.0,0,peeringdb_us_facilities_20261006T160916Z.json,2024,15.0,eia_residential_electricity_price_2024_by_state.csv,state,0,,,0,no_listed_facilities,WRI Aqueduct 4.0 baseline_annual
32510,2024,NV,Carson City,6467.0,11.7,72143.0,0,peeringdb_us_facilities_20261006T160916Z.json,2024,15.0,eia_residential_electricity_price_2024_by_state.csv,state,0,,,0,no_listed_facilities,WRI Aqueduct 4.0 baseline_annual
33001,2024,NH,Belknap County,5466.0,8.5,88870.0,0,peeringdb_us_facilities_20261006T160916Z.json,2024,23.4,eia_residential_electricity_price_2024_by_state.csv,state,0,,,0,no_listed_facilities,WRI Aqueduct 4.0 baseline_annual
33003,2024,NH,Carroll County,4092.0,7.9,90255.0,0,peeringdb_us_facilities_20261006T160916Z.json,2024,23.4,eia_residential_electricity_price_2024_by_state.csv,state,0,,,0,no_listed_facilities,WRI Aqueduct 4.0 baseline_annual
33005,2024,NH,Cheshire County,6159.0,8.2,81728.0,0,peeringdb_us_facilities_20261006T160916Z.json,2024,23.4,eia_residential_electricity_price_2024_by_state.csv,state,0,,,0,no_listed_facilities,WRI Aqueduct 4.0 baseline_annual
33007,2024,NH,Coos County,4118.0,13.8,59499.0,0,peeringdb_us_facilities_20261006T160916Z.json,2024,23.4,eia_residential_electricity_price_2024_by_state.csv,state,0,,,0,no_listed_facilities,WRI Aqueduct 4.0 baseline_annual
33009,2024,NH,Grafton County,8212.0,9.6,85260.0,0,peeringdb_us_facilities_20261006T160916Z.json,2024,23.4,eia_residential_electricity_price_2024_by_state.csv,state,0,,,0,no_listed_facilities,WRI Aqueduct 4.0 baseline_annual
33011,2024,NH,Hillsborough County,29420.0,7.0,105060.0,4,peeringdb_us_facilities_20261006T160916Z.json,2024,23.4,eia_residential_electricity_price_2024_by_state.csv,state,4,1.9021495322317088,100.0,0,complete_coverage,WRI Aqueduct 4.0 baseline_annual
33013,2024,NH,Merrimack County,11346.0,7.5,95305.0,0,peeringdb_us_facilities_20261006T160916Z.json,2024,23.4,eia_residential_electricity_price_2024_by_state.csv,state,0,,,0,no_listed_facilities,WRI Aqueduct 4.0 baseline_annual
33015,2024,NH,Rockingham County,16873.0,5.3,119559.0,0,peeringdb_us_facilities_20261006T160916Z.json,2024,23.4,eia_residential_electricity_price_2024_by_state.csv,state,0,,,0,no_listed_facilities,WRI Aqueduct 4.0 baseline_annual
33017,2024,NH,Strafford County,10803.0,8.6,82816.0,0,peeringdb_us_facilities_20261006T160916Z.json,2024,23.4,eia_residential_electricity_price_2024_by_state.csv,state,0,,,0,no_listed_facilities,WRI Aqueduct 4.0 baseline_annual
33019,2024,NH,Sullivan County,3768.0,8.7,88661.0,0,peeringdb_us_facilities_20261006T160916Z.json,2024,23.4,eia_residential_electricity_price_2024_by_state.csv,state,0,,,0,no_listed_facilities,WRI Aqueduct 4.0 baseline_annual
34001,2024,NJ,Atlantic County,30287.0,11.1,74693.0,0,peeringdb_us_facilities_20261006T160916Z.json,2024,19.34,eia_residential_electricity_price_2024_by_state.csv,state,0,,,0,no_listed_facilities,WRI Aqueduct 4.0 baseline_annual
34003,2024,NJ,Bergen County,65171.0,6.7,121894.0,3,peeringdb_us_facilities_20261006T160916Z.json,2024,19.34,eia_residential_electricity_price_2024_by_state.csv,state,3,2.0221632633994706,100.0,0,complete_coverage,WRI Aqueduct 4.0 baseline_annual
34005,2024,NJ,Burlington County,25492.0,5.5,106525.0,0,peeringdb_us_facilities_20261006T160916Z.json,2024,19.34,eia_residential_electricity_price_2024_by_state.csv,state,0,,,0,no_listed_facilities,WRI Aqueduct 4.0 baseline_annual
34007,2024,NJ,Camden County,60444.0,11.4,91411.0,0,peeringdb_us_facilities_20261006T160916Z.json,2024,19.34,eia_residential_electricity_price_2024_by_state.csv,state,0,,,0,no_listed_facilities,WRI Aqueduct 4.0 baseline_annual
34009,2024,NJ,Cape May County,9067.0,9.8,91758.0,0,peeringdb_us_facilities_20261006T160916Z.json,2024,19.34,eia_residential_electricity_price_2024_by_state.csv,state,0,,,0,no_listed_facilities,WRI Aqueduct 4.0 baseline_annual
34011,2024,NJ,Cumberland County,20754.0,14.2,66986.0,0,peeringdb_us_facilities_20261006T160916Z.json,2024,19.34,eia_residential_electricity_price_2024_by_state.csv,state,0,,,0,no_listed_facilities,WRI Aqueduct 4.0 baseline_annual
34013,2024,NJ,Essex County,115332.0,13.4,84900.0,6,peeringdb_us_facilities_20261006T160916Z.json,2024,19.34,eia_residential_electricity_price_2024_by_state.csv,state,6,0.4312756005460976,100.0,0,complete_coverage,WRI Aqueduct 4.0 baseline_annual
34015,2024,NJ,Gloucester County,21467.0,7.1,104403.0,0,peeringdb_us_facilities_20261006T160916Z.json,2024,19.34,eia_residential_electricity_price_2024_by_state.csv,state,0,,,0,no_listed_facilities,WRI Aqueduct 4.0 baseline_annual
34017,2024,NJ,Hudson County,107427.0,14.7,93468.0,18,peeringdb_us_facilities_20261006T160916Z.json,2024,19.34,eia_residential_electricity_price_2024_by_state.csv,state,18,1.6851360528328923,100.0,0,complete_coverage,WRI Aqueduct 4.0 baseline_annual
34019,2024,NJ,Hunterdon County,5797.0,4.5,136956.0,0,peeringdb_us_facilities_20261006T160916Z.json,2024,19.34,eia_residential_electricity_price_2024_by_state.csv,state,0,,,0,no_listed_facilities,WRI Aqueduct 4.0 baseline_annual
34021,2024,NJ,Mercer County,37686.0,10.0,102760.0,1,peeringdb_us_facilities_20261006T160916Z.json,2024,19.34,eia_residential_electricity_price_2024_by_state.csv,state,1,3.874238684022204,100.0,0,complete_coverage,WRI Aqueduct 4.0 baseline_annual
34023,2024,NJ,Middlesex County,71867.0,8.3,113828.0,8,peeringdb_us_facilities_20261006T160916Z.json,2024,19.34,eia_residential_electricity_price_2024_by_state.csv,state,8,3.874238684022204,100.0,0,complete_coverage,WRI Aqueduct 4.0 baseline_annual
34025,2024,NJ,Monmouth County,44218.0,6.9,121051.0,1,peeringdb_us_facilities_20261006T160916Z.json,2024,19.34,eia_residential_electricity_price_2024_by_state.csv,state,1,2.5645057914615954,100.0,0,complete_coverage,WRI Aqueduct 4.0 baseline_annual
34027,2024,NJ,Morris County,24128.0,4.7,137213.0,2,peeringdb_us_facilities_20261006T160916Z.json,2024,19.34,eia_residential_electricity_price_2024_by_state.csv,state,2,0.4312756005460976,100.0,0,complete_coverage,WRI Aqueduct 4.0 baseline_annual
34029,2024,NJ,Ocean County,59660.0,9.1,94954.0,0,peeringdb_us_facilities_20261006T160916Z.json,2024,19.34,eia_residential_electricity_price_2024_by_state.csv,state,0,,,0,no_listed_facilities,WRI Aqueduct 4.0 baseline_annual
34031,2024,NJ,Passaic County,62823.0,12.1,85224.0,4,peeringdb_us_facilities_20261006T160916Z.json,2024,19.34,eia_residential_electricity_price_2024_by_state.csv,state,4,0.4312756005460976,100.0,0,complete_coverage,WRI Aqueduct 4.0 baseline_annual
34033,2024,NJ,Salem County,8080.0,12.4,81009.0,0,peeringdb_us_facilities_20261006T160916Z.json,2024,19.34,eia_residential_electricity_price_2024_by_state.csv,state,0,,,0,no_listed_facilities,WRI Aqueduct 4.0 baseline_annual
34035,2024,NJ,Somerset County,20378.0,5.8,134499.0,3,peeringdb_us_facilities_20261006T160916Z.json,2024,19.34,eia_residential_electricity_price_2024_by_state.csv,state,3,3.874238684022204,100.0,0,complete_coverage,WRI Aqueduct 4.0 baseline_annual
34037,2024,NJ,Sussex County,7699.0,5.2,114993.0,1,peeringdb_us_facilities_20261006T160916Z.json,2024,19.34,eia_residential_electricity_price_2024_by_state.csv,state,1,2.830392351967968,100.0,0,complete_coverage,WRI Aqueduct 4.0 baseline_annual
34039,2024,NJ,Union County,57098.0,9.7,101023.0,0,peeringdb_us_facilities_20261006T160916Z.json,2024,19.34,eia_residential_electricity_price_2024_by_state.csv,state,0,,,0,no_listed_facilities,WRI Aqueduct 4.0 baseline_annual
34041,2024,NJ,Warren County,9138.0,8.2,94865.0,0,peeringdb_us_facilities_20261006T160916Z.json,2024,19.34,eia_residential_electricity_price_2024_by_state.csv,state,0,,,0,no_listed_facilities,WRI Aqueduct 4.0 baseline_annual
35001,2024,NM,Bernalillo County,90877.0,13.7,72986.0,7,peeringdb_us_facilities_20261006T160916Z.json,2024,14.2,eia_residential_electricity_price_2024_by_state.csv,state,7,3.577024152651049,100.0,0,complete_coverage,WRI Aqueduct 4.0 baseline_annual
35003,2024,NM,Catron County,718.0,19.0,48654.0,0,peeringdb_us_facilities_20261006T160916Z.json,2024,14.2,eia_residential_electricity_price_2024_by_state.csv,state,0,,,0,no_listed_facilities,WRI Aqueduct 4.0 baseline_annual
35005,2024,NM,Chaves County,13363.0,21.6,55258.0,0,peeringdb_us_facilities_20261006T160916Z.json,2024,14.2,eia_residential_electricity_price_2024_by_state.csv,state,0,,,0,no_listed_facilities,WRI Aqueduct 4.0 baseline_annual
35006,2024,NM,Cibola County,6359.0,25.9,49500.0,0,peeringdb_us_facilities_20261006T160916Z.json,2024,14.2,eia_residential_electricity_price_2024_by_state.csv,state,0,,,0,no_listed_facilities,WRI Aqueduct 4.0 baseline_annual
35007,2024,NM,Colfax County,2093.0,17.9,55466.0,0,peeringdb_us_facilities_20261006T160916Z.json,2024,14.2,eia_residential_electricity_price_2024_by_state.csv,state,0,,,0,no_listed_facilities,WRI Aqueduct 4.0 baseline_annual
35009,2024,NM,Curry County,7747.0,16.8,57333.0,0,peeringdb_us_facilities_20261006T160916Z.json,2024,14.2,eia_residential_electricity_price_2024_by_state.csv,state,0,,,0,no_listed_facilities,WRI Aqueduct 4.0 baseline_annual
35011,2024,NM,DeBaca County,279.0,16.9,48169.0,0,peeringdb_us_facilities_20261006T160916Z.json,2024,14.2,eia_residential_electricity_price_2024_by_state.csv,state,0,,,0,no_listed_facilities,WRI Aqueduct 4.0 baseline_annual
35013,2024,NM,Dona Ana County,40196.0,17.9,60154.0,0,peeringdb_us_facilities_20261006T160916Z.json,2024,14.2,eia_residential_electricity_price_2024_by_state.csv,state,0,,,0,no_listed_facilities,WRI Aqueduct 4.0 baseline_annual
35015,2024,NM,Eddy County,9151.0,15.1,75342.0,0,peeringdb_us_facilities_20261006T160916Z.json,2024,14.2,eia_residential_electricity_price_2024_by_state.csv,state,0,,,0,no_listed_facilities,WRI Aqueduct 4.0 baseline_annual
35017,2024,NM,Grant County,4663.0,17.3,49111.0,0,peeringdb_us_facilities_20261006T160916Z.json,2024,14.2,eia_residential_electricity_price_2024_by_state.csv,state,0,,,0,no_listed_facilities,WRI Aqueduct 4.0 baseline_annual
35019,2024,NM,Guadalupe County,841.0,22.3,47579.0,0,peeringdb_us_facilities_20261006T160916Z.json,2024,14.2,eia_residential_electricity_price_2024_by_state.csv,state,0,,,0,no_listed_facilities,WRI Aqueduct 4.0 baseline_annual
35021,2024,NM,Harding County,91.0,14.4,51842.0,0,peeringdb_us_facilities_20261006T160916Z.json,2024,14.2,eia_residential_electricity_price_2024_by_state.csv,state,0,,,0,no_listed_facilities,WRI Aqueduct 4.0 baseline_annual
35023,2024,NM,Hidalgo County,931.0,24.0,48112.0,0,peeringdb_us_facilities_20261006T160916Z.json,2024,14.2,eia_residential_electricity_price_2024_by_state.csv,state,0,,,0,no_listed_facilities,WRI Aqueduct 4.0 baseline_annual
35025,2024,NM,Lea County,11421.0,15.7,73147.0,0,peeringdb_us_facilities_20261006T160916Z.json,2024,14.2,eia_residential_electricity_price_2024_by_state.csv,state,0,,,0,no_listed_facilities,WRI Aqueduct 4.0 baseline_annual
35027,2024,NM,Lincoln County,3091.0,15.5,61803.0,0,peeringdb_us_facilities_20261006T160916Z.json,2024,14.2,eia_residential_electricity_price_2024_by_state.csv,state,0,,,0,no_listed_facilities,WRI Aqueduct 4.0 baseline_annual
35028,2024,NM,Los Alamos County,738.0,3.8,149062.0,0,peeringdb_us_facilities_20261006T160916Z.json,2024,14.2,eia_residential_electricity_price_2024_by_state.csv,state,0,,,0,no_listed_facilities,WRI Aqueduct 4.0 baseline_annual
35029,2024,NM,Luna County,5997.0,23.9,41456.0,0,peeringdb_us_facilities_20261006T160916Z.json,2024,14.2,eia_residential_electricity_price_2024_by_state.csv,state,0,,,0,no_listed_facilities,WRI Aqueduct 4.0 baseline_annual
35031,2024,NM,McKinley County,17951.0,26.2,45517.0,0,peeringdb_us_facilities_20261006T160916Z.json,2024,14.2,eia_residential_electricity_price_2024_by_state.csv,state,0,,,0,no_listed_facilities,WRI Aqueduct 4.0 baseline_annual
35033,2024,NM,Mora County,786.0,19.2,50842.0,0,peeringdb_us_facilities_20261006T160916Z.json,2024,14.2,eia_residential_electricity_price_2024_by_state.csv,state,0,,,0,no_listed_facilities,WRI Aqueduct 4.0 baseline_annual
35035,2024,NM,Otero County,12758.0,19.3,56152.0,0,peeringdb_us_facilities_20261006T160916Z.json,2024,14.2,eia_residential_electricity_price_2024_by_state.csv,state,0,,,0,no_listed_facilities,WRI Aqueduct 4.0 baseline_annual
35037,2024,NM,Quay County,1719.0,20.6,47346.0,0,peeringdb_us_facilities_20261006T160916Z.json,2024,14.2,eia_residential_electricity_price_2024_by_state.csv,state,0,,,0,no_listed_facilities,WRI Aqueduct 4.0 baseline_annual
35039,2024,NM,Rio Arriba County,6791.0,17.1,62153.0,0,peeringdb_us_facilities_20261006T160916Z.json,2024,14.2,eia_residential_electricity_price_2024_by_state.csv,state,0,,,0,no_listed_facilities,WRI Aqueduct 4.0 baseline_annual
35041,2024,NM,Roosevelt County,3549.0,20.1,53508.0,0,peeringdb_us_facilities_20261006T160916Z.json,2024,14.2,eia_residential_electricity_price_2024_by_state.csv,state,0,,,0,no_listed_facilities,WRI Aqueduct 4.0 baseline_annual
35043,2024,NM,Sandoval County,14810.0,9.4,90023.0,0,peeringdb_us_facilities_20261006T160916Z.json,2024,14.2,eia_residential_electricity_price_2024_by_state.csv,state,0,,,0,no_listed_facilities,WRI Aqueduct 4.0 baseline_annual
35045,2024,NM,San Juan County,21774.0,18.2,64999.0,0,peeringdb_us_facilities_20261006T160916Z.json,2024,14.2,eia_residential_electricity_price_2024_by_state.csv,state,0,,,0,no_listed_facilities,WRI Aqueduct 4.0 baseline_annual
35047,2024,NM,San Miguel County,6618.0,26.0,49553.0,0,peeringdb_us_facilities_20261006T160916Z.json,2024,14.2,eia_residential_electricity_price_2024_by_state.csv,state,0,,,0,no_listed_facilities,WRI Aqueduct 4.0 baseline_annual
35049,2024,NM,Santa Fe County,16912.0,10.9,85540.0,0,peeringdb_us_facilities_20261006T160916Z.json,2024,14.2,eia_residential_electricity_price_2024_by_state.csv,state,0,,,0,no_listed_facilities,WRI Aqueduct 4.0 baseline_annual
35051,2024,NM,Sierra County,2312.0,20.6,41829.0,0,peeringdb_us_facilities_20261006T160916Z.json,2024,14.2,eia_residential_electricity_price_2024_by_state.csv,state,0,,,0,no_listed_facilities,WRI Aqueduct 4.0 baseline_annual
35053,2024,NM,Socorro County,4305.0,28.5,47105.0,0,peeringdb_us_facilities_20261006T160916Z.json,2024,14.2,eia_residential_electricity_price_2024_by_state.csv,state,0,,,0,no_listed_facilities,WRI Aqueduct 4.0 baseline_annual
35055,2024,NM,Taos County,5889.0,17.2,52728.0,0,peeringdb_us_facilities_20261006T160916Z.json,2024,14.2,eia_residential_electricity_price_2024_by_state.csv,state,0,,,0,no_listed_facilities,WRI Aqueduct 4.0 baseline_annual
35057,2024,NM,Torrance County,3166.0,20.2,56736.0,0,peeringdb_us_facilities_20261006T160916Z.json,2024,14.2,eia_residential_electricity_price_2024_by_state.csv,state,0,,,0,no_listed_facilities,WRI Aqueduct 4.0 baseline_annual
35059,2024,NM,Union County,633.0,18.3,49814.0,0,peeringdb_us_facilities_20261006T160916Z.json,2024,14.2,eia_residential_electricity_price_2024_by_state.csv,state,0,,,0,no_listed_facilities,WRI Aqueduct 4.0 baseline_annual
35061,2024,NM,Valencia County,11924.0,15.0,69309.0,0,peeringdb_us_facilities_20261006T160916Z.json,2024,14.2,eia_residential_electricity_price_2024_by_state.csv,state,0,,,0,no_listed_facilities,WRI Aqueduct 4.0 baseline_annual
36001,2024,NY,Albany County,38076.0,12.6,81237.0,6,peeringdb_us_facilities_20261006T160916Z.json,2024,24.43,eia_residential_electricity_price_2024_by_state.csv,state,6,0.0,100.0,0,complete_coverage,WRI Aqueduct 4.0 baseline_annual
36003,2024,NY,Allegany County,6786.0,16.4,61154.0,0,peeringdb_us_facilities_20261006T160916Z.json,2024,24.43,eia_residential_electricity_price_2024_by_state.csv,state,0,,,0,no_listed_facilities,WRI Aqueduct 4.0 baseline_annual
36005,2024,NY,Bronx County,388640.0,28.7,46486.0,0,peeringdb_us_facilities_20261006T160916Z.json,2024,24.43,eia_residential_electricity_price_2024_by_state.csv,state,0,,,0,no_listed_facilities,WRI Aqueduct 4.0 baseline_annual
36007,2024,NY,Broome County,29198.0,15.9,64727.0,1,peeringdb_us_facilities_20261006T160916Z.json,2024,24.43,eia_residential_electricity_price_2024_by_state.csv,state,1,1.0812628364475687,100.0,0,complete_coverage,WRI Aqueduct 4.0 baseline_annual
36009,2024,NY,Cattaraugus County,13699.0,18.7,61376.0,0,peeringdb_us_facilities_20261006T160916Z.json,2024,24.43,eia_residential_electricity_price_2024_by_state.csv,state,0,,,0,no_listed_facilities,WRI Aqueduct 4.0 baseline_annual
36011,2024,NY,Cayuga County,9655.0,13.5,67774.0,0,peeringdb_us_facilities_20261006T160916Z.json,2024,24.43,eia_residential_electricity_price_2024_by_state.csv,state,0,,,0,no_listed_facilities,WRI Aqueduct 4.0 baseline_annual
36013,2024,NY,Chautauqua County,22564.0,18.7,60051.0,0,peeringdb_us_facilities_20261006T160916Z.json,2024,24.43,eia_residential_electricity_price_2024_by_state.csv,state,0,,,0,no_listed_facilities,WRI Aqueduct 4.0 baseline_annual
36015,2024,NY,Chemung County,11033.0,14.2,66441.0,0,peeringdb_us_facilities_20261006T160916Z.json,2024,24.43,eia_residential_electricity_price_2024_by_state.csv,state,0,,,0,no_listed_facilities,WRI Aqueduct 4.0 baseline_annual
36017,2024,NY,Chenango County,5444.0,12.1,63204.0,0,peeringdb_us_facilities_20261006T160916Z.json,2024,24.43,eia_residential_electricity_price_2024_by_state.csv,state,0,,,0,no_listed_facilities,WRI Aqueduct 4.0 baseline_annual
36019,2024,NY,Clinton County,9670.0,13.2,69302.0,1,peeringdb_us_facilities_20261006T160916Z.json,2024,24.43,eia_residential_electricity_price_2024_by_state.csv,state,1,0.0,100.0,0,complete_coverage,WRI Aqueduct 4.0 baseline_annual
36021,2024,NY,Columbia County,6560.0,11.1,80397.0,0,peeringdb_us_facilities_20261006T160916Z.json,2024,24.43,eia_residential_electricity_price_2024_by_state.csv,state,0,,,0,no_listed_facilities,WRI Aqueduct 4.0 baseline_annual
36023,2024,NY,Cortland County,6161.0,14.7,71551.0,0,peeringdb_us_facilities_20261006T160916Z.json,2024,24.43,eia_residential_electricity_price_2024_by_state.csv,state,0,,,0,no_listed_facilities,WRI Aqueduct 4.0 baseline_annual
36025,2024,NY,Delaware County,5274.0,12.7,63958.0,0,peeringdb_us_facilities_20261006T160916Z.json,2024,24.43,eia_residential_electricity_price_2024_by_state.csv,state,0,,,0,no_listed_facilities,WRI Aqueduct 4.0 baseline_annual
36027,2024,NY,Dutchess County,23870.0,8.4,94933.0,1,peeringdb_us_facilities_20261006T160916Z.json,2024,24.43,eia_residential_electricity_price_2024_by_state.csv,state,1,0.0,100.0,0,complete_coverage,WRI Aqueduct 4.0 baseline_annual
36029,2024,NY,Erie County,117980.0,12.8,73040.0,8,peeringdb_us_facilities_20261006T160916Z.json,2024,24.43,eia_residential_electricity_price_2024_by_state.csv,state,8,0.0,100.0,0,complete_coverage,WRI Aqueduct 4.0 baseline_annual
36031,2024,NY,Essex County,4082.0,11.6,67881.0,0,peeringdb_us_facilities_20261006T160916Z.json,2024,24.43,eia_residential_electricity_price_2024_by_state.csv,state,0,,,0,no_listed_facilities,WRI Aqueduct 4.0 baseline_annual
36033,2024,NY,Franklin County,7838.0,18.0,63460.0,1,peeringdb_us_facilities_20261006T160916Z.json,2024,24.43,eia_residential_electricity_price_2024_by_state.csv,state,1,0.0,100.0,0,complete_coverage,WRI Aqueduct 4.0 baseline_annual
36035,2024,NY,Fulton County,6508.0,12.7,66757.0,0,peeringdb_us_facilities_20261006T160916Z.json,2024,24.43,eia_residential_electricity_price_2024_by_state.csv,state,0,,,0,no_listed_facilities,WRI Aqueduct 4.0 baseline_annual
36037,2024,NY,Genesee County,5552.0,9.9,72993.0,0,peeringdb_us_facilities_20261006T160916Z.json,2024,24.43,eia_residential_electricity_price_2024_by_state.csv,state,0,,,0,no_listed_facilities,WRI Aqueduct 4.0 baseline_annual
36039,2024,NY,Greene County,5045.0,11.3,79124.0,0,peeringdb_us_facilities_20261006T160916Z.json,2024,24.43,eia_residential_electricity_price_2024_by_state.csv,state,0,,,0,no_listed_facilities,WRI Aqueduct 4.0 baseline_annual
36041,2024,NY,Hamilton County,540.0,10.7,69045.0,0,peeringdb_us_facilities_20261006T160916Z.json,2024,24.43,eia_residential_electricity_price_2024_by_state.csv,state,0,,,0,no_listed_facilities,WRI Aqueduct 4.0 baseline_annual
36043,2024,NY,Herkimer County,8546.0,14.6,64913.0,0,peeringdb_us_facilities_20261006T160916Z.json,2024,24.43,eia_residential_electricity_price_2024_by_state.csv,state,0,,,0,no_listed_facilities,WRI Aqueduct 4.0 baseline_annual
36045,2024,NY,Jefferson County,14559.0,13.5,69193.0,1,peeringdb_us_facilities_20261006T160916Z.json,2024,24.43,eia_residential_electricity_price_2024_by_state.csv,state,1,0.1572145460948789,100.0,0,complete_coverage,WRI Aqueduct 4.0 baseline_annual
36047,2024,NY,Kings County,497973.0,19.2,80696.0,2,peeringdb_us_facilities_20261006T160916Z.json,2024,24.43,eia_residential_electricity_price_2024_by_state.csv,state,2,4.302375283829,100.0,0,complete_coverage,WRI Aqueduct 4.0 baseline_annual
36049,2024,NY,Lewis County,3301.0,12.6,70954.0,0,peeringdb_us_facilities_20261006T160916Z.json,2024,24.43,eia_residential_electricity_price_2024_by_state.csv,state,0,,,0,no_listed_facilities,WRI Aqueduct 4.0 baseline_annual
36051,2024,NY,Livingston County,5639.0,9.9,77486.0,0,peeringdb_us_facilities_20261006T160916Z.json,2024,24.43,eia_residential_electricity_price_2024_by_state.csv,state,0,,,0,no_listed_facilities,WRI Aqueduct 4.0 baseline_annual
36053,2024,NY,Madison County,6635.0,10.7,73747.0,0,peeringdb_us_facilities_20261006T160916Z.json,2024,24.43,eia_residential_electricity_price_2024_by_state.csv,state,0,,,0,no_listed_facilities,WRI Aqueduct 4.0 baseline_annual
36055,2024,NY,Monroe County,102195.0,14.1,76594.0,3,peeringdb_us_facilities_20261006T160916Z.json,2024,24.43,eia_residential_electricity_price_2024_by_state.csv,state,3,0.0,100.0,0,complete_coverage,WRI Aqueduct 4.0 baseline_annual
36057,2024,NY,Montgomery County,7529.0,15.5,61581.0,0,peeringdb_us_facilities_20261006T160916Z.json,2024,24.43,eia_residential_electricity_price_2024_by_state.csv,state,0,,,0,no_listed_facilities,WRI Aqueduct 4.0 baseline_annual
36059,2024,NY,Nassau County,81127.0,5.9,141824.0,3,peeringdb_us_facilities_20261006T160916Z.json,2024,24.43,eia_residential_electricity_price_2024_by_state.csv,state,3,4.302375283829,100.0,0,complete_coverage,WRI Aqueduct 4.0 baseline_annual
36061,2024,NY,New York County,250718.0,15.5,105713.0,38,peeringdb_us_facilities_20261006T160916Z.json,2024,24.43,eia_residential_electricity_price_2024_by_state.csv,state,38,0.13337900441688624,100.0,0,complete_coverage,WRI Aqueduct 4.0 baseline_annual
36063,2024,NY,Niagara County,27102.0,13.2,70329.0,2,peeringdb_us_facilities_20261006T160916Z.json,2024,24.43,eia_residential_electricity_price_2024_by_state.csv,state,2,3.400944162891712,100.0,0,complete_coverage,WRI Aqueduct 4.0 baseline_annual
36065,2024,NY,Oneida County,36318.0,16.7,72137.0,1,peeringdb_us_facilities_20261006T160916Z.json,2024,24.43,eia_residential_electricity_price_2024_by_state.csv,state,1,0.7541422726588023,100.0,0,complete_coverage,WRI Aqueduct 4.0 baseline_annual
36067,2024,NY,Onondaga County,56380.0,12.5,78198.0,2,peeringdb_us_facilities_20261006T160916Z.json,2024,24.43,eia_residential_electricity_price_2024_by_state.csv,state,2,0.0,100.0,0,complete_coverage,WRI Aqueduct 4.0 baseline_annual
36069,2024,NY,Ontario County,9863.0,9.0,83661.0,0,peeringdb_us_facilities_20261006T160916Z.json,2024,24.43,eia_residential_electricity_price_2024_by_state.csv,state,0,,,0,no_listed_facilities,WRI Aqueduct 4.0 baseline_annual
36071,2024,NY,Orange County,48077.0,12.0,94789.0,0,peeringdb_us_facilities_20261006T160916Z.json,2024,24.43,eia_residential_electricity_price_2024_by_state.csv,state,0,,,0,no_listed_facilities,WRI Aqueduct 4.0 baseline_annual
36073,2024,NY,Orleans County,4131.0,10.8,68338.0,0,peeringdb_us_facilities_20261006T160916Z.json,2024,24.43,eia_residential_electricity_price_2024_by_state.csv,state,0,,,0,no_listed_facilities,WRI Aqueduct 4.0 baseline_annual
36075,2024,NY,Oswego County,17740.0,15.7,68379.0,0,peeringdb_us_facilities_20261006T160916Z.json,2024,24.43,eia_residential_electricity_price_2024_by_state.csv,state,0,,,0,no_listed_facilities,WRI Aqueduct 4.0 baseline_annual
36077,2024,NY,Otsego County,7234.0,13.7,67404.0,0,peeringdb_us_facilities_20261006T160916Z.json,2024,24.43,eia_residential_electricity_price_2024_by_state.csv,state,0,,,0,no_listed_facilities,WRI Aqueduct 4.0 baseline_annual
36079,2024,NY,Putnam County,6557.0,6.8,120898.0,0,peeringdb_us_facilities_20261006T160916Z.json,2024,24.43,eia_residential_electricity_price_2024_by_state.csv,state,0,,,0,no_listed_facilities,WRI Aqueduct 4.0 baseline_annual
36081,2024,NY,Queens County,307900.0,13.4,84684.0,0,peeringdb_us_facilities_20261006T160916Z.json,2024,24.43,eia_residential_electricity_price_2024_by_state.csv,state,0,,,0,no_listed_facilities,WRI Aqueduct 4.0 baseline_annual
36083,2024,NY,Rensselaer County,17182.0,11.2,83097.0,0,peeringdb_us_facilities_20261006T160916Z.json,2024,24.43,eia_residential_electricity_price_2024_by_state.csv,state,0,,,0,no_listed_facilities,WRI Aqueduct 4.0 baseline_annual
36085,2024,NY,Richmond County,56518.0,11.5,96437.0,2,peeringdb_us_facilities_20261006T160916Z.json,2024,24.43,eia_residential_electricity_price_2024_by_state.csv,state,2,4.010866507955395,100.0,0,complete_coverage,WRI Aqueduct 4.0 baseline_annual
36087,2024,NY,Rockland County,51956.0,15.2,103771.0,3,peeringdb_us_facilities_20261006T160916Z.json,2024,24.43,eia_residential_electricity_price_2024_by_state.csv,state,3,2.0221632633994706,100.0,0,complete_coverage,WRI Aqueduct 4.0 baseline_annual
36089,2024,NY,St. Lawrence County,16181.0,16.8,62800.0,0,peeringdb_us_facilities_20261006T160916Z.json,2024,24.43,eia_residential_electricity_price_2024_by_state.csv,state,0,,,0,no_listed_facilities,WRI Aqueduct 4.0 baseline_annual
36091,2024,NY,Saratoga County,16901.0,7.1,101168.0,0,peeringdb_us_facilities_20261006T160916Z.json,2024,24.43,eia_residential_electricity_price_2024_by_state.csv,state,0,,,0,no_listed_facilities,WRI Aqueduct 4.0 baseline_annual
36093,2024,NY,Schenectady County,19742.0,12.6,79899.0,0,peeringdb_us_facilities_20261006T160916Z.json,2024,24.43,eia_residential_electricity_price_2024_by_state.csv,state,0,,,0,no_listed_facilities,WRI Aqueduct 4.0 baseline_annual
36095,2024,NY,Schoharie County,3788.0,13.2,69107.0,0,peeringdb_us_facilities_20261006T160916Z.json,2024,24.43,eia_residential_electricity_price_2024_by_state.csv,state,0,,,0,no_listed_facilities,WRI Aqueduct 4.0 baseline_annual
36097,2024,NY,Schuyler County,2599.0,15.3,64202.0,0,peeringdb_us_facilities_20261006T160916Z.json,2024,24.43,eia_residential_electricity_price_2024_by_state.csv,state,0,,,0,no_listed_facilities,WRI Aqueduct 4.0 baseline_annual
36099,2024,NY,Seneca County,4192.0,13.4,68055.0,0,peeringdb_us_facilities_20261006T160916Z.json,2024,24.43,eia_residential_electricity_price_2024_by_state.csv,state,0,,,0,no_listed_facilities,WRI Aqueduct 4.0 baseline_annual
36101,2024,NY,Steuben County,13110.0,14.5,68152.0,0,peeringdb_us_facilities_20261006T160916Z.json,2024,24.43,eia_residential_electricity_price_2024_by_state.csv,state,0,,,0,no_listed_facilities,WRI Aqueduct 4.0 baseline_annual
36103,2024,NY,Suffolk County,101095.0,6.7,125969.0,3,peeringdb_us_facilities_20261006T160916Z.json,2024,24.43,eia_residential_electricity_price_2024_by_state.csv,state,3,4.302375283829,100.0,0,complete_coverage,WRI Aqueduct 4.0 baseline_annual
36105,2024,NY,Sullivan County,14452.0,18.7,66973.0,0,peeringdb_us_facilities_20261006T160916Z.json,2024,24.43,eia_residential_electricity_price_2024_by_state.csv,state,0,,,0,no_listed_facilities,WRI Aqueduct 4.0 baseline_annual
36107,2024,NY,Tioga County,5074.0,10.8,72102.0,0,peeringdb_us_facilities_20261006T160916Z.json,2024,24.43,eia_residential_electricity_price_2024_by_state.csv,state,0,,,0,no_listed_facilities,WRI Aqueduct 4.0 baseline_annual
36109,2024,NY,Tompkins County,15633.0,17.3,72326.0,0,peeringdb_us_facilities_20261006T160916Z.json,2024,24.43,eia_residential_electricity_price_2024_by_state.csv,state,0,,,0,no_listed_facilities,WRI Aqueduct 4.0 baseline_annual
36111,2024,NY,Ulster County,22211.0,12.7,85977.0,0,peeringdb_us_facilities_20261006T160916Z.json,2024,24.43,eia_residential_electricity_price_2024_by_state.csv,state,0,,,0,no_listed_facilities,WRI Aqueduct 4.0 baseline_annual
36113,2024,NY,Warren County,7970.0,12.4,72604.0,0,peeringdb_us_facilities_20261006T160916Z.json,2024,24.43,eia_residential_electricity_price_2024_by_state.csv,state,0,,,0,no_listed_facilities,WRI Aqueduct 4.0 baseline_annual
36115,2024,NY,Washington County,6711.0,11.6,71254.0,0,peeringdb_us_facilities_20261006T160916Z.json,2024,24.43,eia_residential_electricity_price_2024_by_state.csv,state,0,,,0,no_listed_facilities,WRI Aqueduct 4.0 baseline_annual
36117,2024,NY,Wayne County,10470.0,11.7,70826.0,0,peeringdb_us_facilities_20261006T160916Z.json,2024,24.43,eia_residential_electricity_price_2024_by_state.csv,state,0,,,0,no_listed_facilities,WRI Aqueduct 4.0 baseline_annual
36119,2024,NY,Westchester County,85474.0,8.7,117896.0,4,peeringdb_us_facilities_20261006T160916Z.json,2024,24.43,eia_residential_electricity_price_2024_by_state.csv,state,4,0.055091327911322575,100.0,0,complete_coverage,WRI Aqueduct 4.0 baseline_annual
36121,2024,NY,Wyoming County,4197.0,11.4,69751.0,0,peeringdb_us_facilities_20261006T160916Z.json,2024,24.43,eia_residential_electricity_price_2024_by_state.csv,state,0,,,0,no_listed_facilities,WRI Aqueduct 4.0 baseline_annual
36123,2024,NY,Yates County,2927.0,12.6,70635.0,0,peeringdb_us_facilities_20261006T160916Z.json,2024,24.43,eia_residential_electricity_price_2024_by_state.csv,state,0,,,0,no_listed_facilities,WRI Aqueduct 4.0 baseline_annual
37001,2024,NC,Alamance County,24501.0,13.8,66652.0,0,peeringdb_us_facilities_20261006T160916Z.json,2024,14.13,eia_residential_electricity_price_2024_by_state.csv,state,0,,,0,no_listed_facilities,WRI Aqueduct 4.0 baseline_annual
37003,2024,NC,Alexander County,4323.0,12.2,66198.0,0,peeringdb_us_facilities_20261006T160916Z.json,2024,14.13,eia_residential_electricity_price_2024_by_state.csv,state,0,,,0,no_listed_facilities,WRI Aqueduct 4.0 baseline_annual
37005,2024,NC,Alleghany County,1695.0,15.1,53354.0,0,peeringdb_us_facilities_20261006T160916Z.json,2024,14.13,eia_residential_electricity_price_2024_by_state.csv,state,0,,,0,no_listed_facilities,WRI Aqueduct 4.0 baseline_annual
37007,2024,NC,Anson County,4311.0,21.3,57324.0,0,peeringdb_us_facilities_20261006T160916Z.json,2024,14.13,eia_residential_electricity_price_2024_by_state.csv,state,0,,,0,no_listed_facilities,WRI Aqueduct 4.0 baseline_annual
37009,2024,NC,Ashe County,4170.0,15.5,57567.0,0,peeringdb_us_facilities_20261006T160916Z.json,2024,14.13,eia_residential_electricity_price_2024_by_state.csv,state,0,,,0,no_listed_facilities,WRI Aqueduct 4.0 baseline_annual
37011,2024,NC,Avery County,2491.0,15.8,58017.0,0,peeringdb_us_facilities_20261006T160916Z.json,2024,14.13,eia_residential_electricity_price_2024_by_state.csv,state,0,,,0,no_listed_facilities,WRI Aqueduct 4.0 baseline_annual
37013,2024,NC,Beaufort County,7113.0,16.1,58625.0,0,peeringdb_us_facilities_20261006T160916Z.json,2024,14.13,eia_residential_electricity_price_2024_by_state.csv,state,0,,,0,no_listed_facilities,WRI Aqueduct 4.0 baseline_annual
37015,2024,NC,Bertie County,3136.0,20.1,47587.0,0,peeringdb_us_facilities_20261006T160916Z.json,2024,14.13,eia_residential_electricity_price_2024_by_state.csv,state,0,,,0,no_listed_facilities,WRI Aqueduct 4.0 baseline_annual
37017,2024,NC,Bladen County,6052.0,20.6,49547.0,0,peeringdb_us_facilities_20261006T160916Z.json,2024,14.13,eia_residential_electricity_price_2024_by_state.csv,state,0,,,0,no_listed_facilities,WRI Aqueduct 4.0 baseline_annual
37019,2024,NC,Brunswick County,14902.0,9.0,81361.0,0,peeringdb_us_facilities_20261006T160916Z.json,2024,14.13,eia_residential_electricity_price_2024_by_state.csv,state,0,,,0,no_listed_facilities,WRI Aqueduct 4.0 baseline_annual
37021,2024,NC,Buncombe County,33839.0,12.4,78993.0,3,peeringdb_us_facilities_20261006T160916Z.json,2024,14.13,eia_residential_electricity_price_2024_by_state.csv,state,3,1.566427368005458,100.0,0,complete_coverage,WRI Aqueduct 4.0 baseline_annual
37023,2024,NC,Burke County,12077.0,14.0,61006.0,0,peeringdb_us_facilities_20261006T160916Z.json,2024,14.13,eia_residential_electricity_price_2024_by_state.csv,state,0,,,0,no_listed_facilities,WRI Aqueduct 4.0 baseline_annual
37025,2024,NC,Cabarrus County,20663.0,8.5,87867.0,1,peeringdb_us_facilities_20261006T160916Z.json,2024,14.13,eia_residential_electricity_price_2024_by_state.csv,state,1,5.0,100.0,0,complete_coverage,WRI Aqueduct 4.0 baseline_annual
37027,2024,NC,Caldwell County,11181.0,14.0,59968.0,1,peeringdb_us_facilities_20261006T160916Z.json,2024,14.13,eia_residential_electricity_price_2024_by_state.csv,state,1,2.942697498431475,100.0,0,complete_coverage,WRI Aqueduct 4.0 baseline_annual
37029,2024,NC,Camden County,837.0,7.5,89509.0,0,peeringdb_us_facilities_20261006T160916Z.json,2024,14.13,eia_residential_electricity_price_2024_by_state.csv,state,0,,,0,no_listed_facilities,WRI Aqueduct 4.0 baseline_annual
37031,2024,NC,Carteret County,6605.0,9.5,76739.0,0,peeringdb_us_facilities_20261006T160916Z.json,2024,14.13,eia_residential_electricity_price_2024_by_state.csv,state,0,,,0,no_listed_facilities,WRI Aqueduct 4.0 baseline_annual
37033,2024,NC,Caswell County,3608.0,16.8,60453.0,0,peeringdb_us_facilities_20261006T160916Z.json,2024,14.13,eia_residential_electricity_price_2024_by_state.csv,state,0,,,0,no_listed_facilities,WRI Aqueduct 4.0 baseline_annual
37035,2024,NC,Catawba County,21305.0,13.0,70879.0,0,peeringdb_us_facilities_20261006T160916Z.json,2024,14.13,eia_residential_electricity_price_2024_by_state.csv,state,0,,,0,no_listed_facilities,WRI Aqueduct 4.0 baseline_annual
37037,2024,NC,Chatham County,7229.0,8.7,100222.0,0,peeringdb_us_facilities_20261006T160916Z.json,2024,14.13,eia_residential_electricity_price_2024_by_state.csv,state,0,,,0,no_listed_facilities,WRI Aqueduct 4.0 baseline_annual
37039,2024,NC,Cherokee County,4615.0,15.4,55351.0,0,peeringdb_us_facilities_20261006T160916Z.json,2024,14.13,eia_residential_electricity_price_2024_by_state.csv,state,0,,,0,no_listed_facilities,WRI Aqueduct 4.0 baseline_annual
37041,2024,NC,Chowan County,2166.0,15.9,57780.0,0,peeringdb_us_facilities_20261006T160916Z.json,2024,14.13,eia_residential_electricity_price_2024_by_state.csv,state,0,,,0,no_listed_facilities,WRI Aqueduct 4.0 baseline_annual
37043,2024,NC,Clay County,1368.0,11.5,64569.0,0,peeringdb_us_facilities_20261006T160916Z.json,2024,14.13,eia_residential_electricity_price_2024_by_state.csv,state,0,,,0,no_listed_facilities,WRI Aqueduct 4.0 baseline_annual
37045,2024,NC,Cleveland County,16311.0,16.3,61392.0,1,peeringdb_us_facilities_20261006T160916Z.json,2024,14.13,eia_residential_electricity_price_2024_by_state.csv,state,1,3.7482736276700175,100.0,0,complete_coverage,WRI Aqueduct 4.0 baseline_annual
37047,2024,NC,Columbus County,9139.0,19.3,50741.0,0,peeringdb_us_facilities_20261006T160916Z.json,2024,14.13,eia_residential_electricity_price_2024_by_state.csv,state,0,,,0,no_listed_facilities,WRI Aqueduct 4.0 baseline_annual
37049,2024,NC,Craven County,12699.0,12.7,65661.0,0,peeringdb_us_facilities_20261006T160916Z.json,2024,14.13,eia_residential_electricity_price_2024_by_state.csv,state,0,,,0,no_listed_facilities,WRI Aqueduct 4.0 baseline_annual
37051,2024,NC,Cumberland County,53000.0,16.5,60831.0,0,peeringdb_us_facilities_20261006T160916Z.json,2024,14.13,eia_residential_electricity_price_2024_by_state.csv,state,0,,,0,no_listed_facilities,WRI Aqueduct 4.0 baseline_annual
37053,2024,NC,Currituck County,2615.0,8.1,94709.0,0,peeringdb_us_facilities_20261006T160916Z.json,2024,14.13,eia_residential_electricity_price_2024_by_state.csv,state,0,,,0,no_listed_facilities,WRI Aqueduct 4.0 baseline_annual
37055,2024,NC,Dare County,3189.0,8.4,87321.0,0,peeringdb_us_facilities_20261006T160916Z.json,2024,14.13,eia_residential_electricity_price_2024_by_state.csv,state,0,,,0,no_listed_facilities,WRI Aqueduct 4.0 baseline_annual
37057,2024,NC,Davidson County,19703.0,11.2,65644.0,0,peeringdb_us_facilities_20261006T160916Z.json,2024,14.13,eia_residential_electricity_price_2024_by_state.csv,state,0,,,0,no_listed_facilities,WRI Aqueduct 4.0 baseline_annual
37059,2024,NC,Davie County,4664.0,10.4,77417.0,0,peeringdb_us_facilities_20261006T160916Z.json,2024,14.13,eia_residential_electricity_price_2024_by_state.csv,state,0,,,0,no_listed_facilities,WRI Aqueduct 4.0 baseline_annual
37061,2024,NC,Duplin County,10555.0,21.1,56729.0,0,peeringdb_us_facilities_20261006T160916Z.json,2024,14.13,eia_residential_electricity_price_2024_by_state.csv,state,0,,,0,no_listed_facilities,WRI Aqueduct 4.0 baseline_annual
37063,2024,NC,Durham County,37319.0,11.3,84375.0,4,peeringdb_us_facilities_20261006T160916Z.json,2024,14.13,eia_residential_electricity_price_2024_by_state.csv,state,4,3.796177150148311,100.0,0,complete_coverage,WRI Aqueduct 4.0 baseline_annual
37065,2024,NC,Edgecombe County,10243.0,21.1,49283.0,0,peeringdb_us_facilities_20261006T160916Z.json,2024,14.13,eia_residential_electricity_price_2024_by_state.csv,state,0,,,0,no_listed_facilities,WRI Aqueduct 4.0 baseline_annual
37067,2024,NC,Forsyth County,51293.0,13.3,67638.0,0,peeringdb_us_facilities_20261006T160916Z.json,2024,14.13,eia_residential_electricity_price_2024_by_state.csv,state,0,,,0,no_listed_facilities,WRI Aqueduct 4.0 baseline_annual
37069,2024,NC,Franklin County,9913.0,12.6,72026.0,0,peeringdb_us_facilities_20261006T160916Z.json,2024,14.13,eia_residential_electricity_price_2024_by_state.csv,state,0,,,0,no_listed_facilities,WRI Aqueduct 4.0 baseline_annual
37071,2024,NC,Gaston County,29437.0,12.4,70318.0,0,peeringdb_us_facilities_20261006T160916Z.json,2024,14.13,eia_residential_electricity_price_2024_by_state.csv,state,0,,,0,no_listed_facilities,WRI Aqueduct 4.0 baseline_annual
37073,2024,NC,Gates County,1451.0,14.3,68522.0,0,peeringdb_us_facilities_20261006T160916Z.json,2024,14.13,eia_residential_electricity_price_2024_by_state.csv,state,0,,,0,no_listed_facilities,WRI Aqueduct 4.0 baseline_annual
37075,2024,NC,Graham County,1325.0,16.4,55006.0,0,peeringdb_us_facilities_20261006T160916Z.json,2024,14.13,eia_residential_electricity_price_2024_by_state.csv,state,0,,,0,no_listed_facilities,WRI Aqueduct 4.0 baseline_annual
37077,2024,NC,Granville County,7925.0,13.5,70353.0,0,peeringdb_us_facilities_20261006T160916Z.json,2024,14.13,eia_residential_electricity_price_2024_by_state.csv,state,0,,,0,no_listed_facilities,WRI Aqueduct 4.0 baseline_annual
37079,2024,NC,Greene County,3433.0,19.9,57307.0,0,peeringdb_us_facilities_20261006T160916Z.json,2024,14.13,eia_residential_electricity_price_2024_by_state.csv,state,0,,,0,no_listed_facilities,WRI Aqueduct 4.0 baseline_annual
37081,2024,NC,Guilford County,71916.0,13.5,70304.0,0,peeringdb_us_facilities_20261006T160916Z.json,2024,14.13,eia_residential_electricity_price_2024_by_state.csv,state,0,,,0,no_listed_facilities,WRI Aqueduct 4.0 baseline_annual
37083,2024,NC,Halifax County,8630.0,18.8,47318.0,0,peeringdb_us_facilities_20261006T160916Z.json,2024,14.13,eia_residential_electricity_price_2024_by_state.csv,state,0,,,0,no_listed_facilities,WRI Aqueduct 4.0 baseline_annual
37085,2024,NC,Harnett County,18817.0,13.2,72961.0,0,peeringdb_us_facilities_20261006T160916Z.json,2024,14.13,eia_residential_electricity_price_2024_by_state.csv,state,0,,,0,no_listed_facilities,WRI Aqueduct 4.0 baseline_annual
37087,2024,NC,Haywood County,8467.0,13.6,65113.0,0,peeringdb_us_facilities_20261006T160916Z.json,2024,14.13,eia_residential_electricity_price_2024_by_state.csv,state,0,,,0,no_listed_facilities,WRI Aqueduct 4.0 baseline_annual
37089,2024,NC,Henderson County,11756.0,9.8,72820.0,0,peeringdb_us_facilities_20261006T160916Z.json,2024,14.13,eia_residential_electricity_price_2024_by_state.csv,state,0,,,0,no_listed_facilities,WRI Aqueduct 4.0 baseline_annual
37091,2024,NC,Hertford County,4127.0,22.9,48051.0,0,peeringdb_us_facilities_20261006T160916Z.json,2024,14.13,eia_residential_electricity_price_2024_by_state.csv,state,0,,,0,no_listed_facilities,WRI Aqueduct 4.0 baseline_annual
37093,2024,NC,Hoke County,8861.0,16.2,68243.0,0,peeringdb_us_facilities_20261006T160916Z.json,2024,14.13,eia_residential_electricity_price_2024_by_state.csv,state,0,,,0,no_listed_facilities,WRI Aqueduct 4.0 baseline_annual
37095,2024,NC,Hyde County,793.0,20.7,53386.0,0,peeringdb_us_facilities_20261006T160916Z.json,2024,14.13,eia_residential_electricity_price_2024_by_state.csv,state,0,,,0,no_listed_facilities,WRI Aqueduct 4.0 baseline_annual
37097,2024,NC,Iredell County,19662.0,9.6,85180.0,0,peeringdb_us_facilities_20261006T160916Z.json,2024,14.13,eia_residential_electricity_price_2024_by_state.csv,state,0,,,0,no_listed_facilities,WRI Aqueduct 4.0 baseline_annual
37099,2024,NC,Jackson County,6811.0,16.9,62044.0,1,peeringdb_us_facilities_20261006T160916Z.json,2024,14.13,eia_residential_electricity_price_2024_by_state.csv,state,1,0.0,100.0,0,complete_coverage,WRI Aqueduct 4.0 baseline_annual
37101,2024,NC,Johnston County,23783.0,9.6,88688.0,0,peeringdb_us_facilities_20261006T160916Z.json,2024,14.13,eia_residential_electricity_price_2024_by_state.csv,state,0,,,0,no_listed_facilities,WRI Aqueduct 4.0 baseline_annual
37103,2024,NC,Jones County,1623.0,17.3,56456.0,0,peeringdb_us_facilities_20261006T160916Z.json,2024,14.13,eia_residential_electricity_price_2024_by_state.csv,state,0,,,0,no_listed_facilities,WRI Aqueduct 4.0 baseline_annual
37105,2024,NC,Lee County,9108.0,13.5,71876.0,0,peeringdb_us_facilities_20261006T160916Z.json,2024,14.13,eia_residential_electricity_price_2024_by_state.csv,state,0,,,0,no_listed_facilities,WRI Aqueduct 4.0 baseline_annual
37107,2024,NC,Lenoir County,10360.0,19.1,52084.0,0,peeringdb_us_facilities_20261006T160916Z.json,2024,14.13,eia_residential_electricity_price_2024_by_state.csv,state,0,,,0,no_listed_facilities,WRI Aqueduct 4.0 baseline_annual
37109,2024,NC,Lincoln County,9353.0,9.7,83859.0,0,peeringdb_us_facilities_20261006T160916Z.json,2024,14.13,eia_residential_electricity_price_2024_by_state.csv,state,0,,,0,no_listed_facilities,WRI Aqueduct 4.0 baseline_annual
37111,2024,NC,McDowell County,6803.0,15.5,57124.0,0,peeringdb_us_facilities_20261006T160916Z.json,2024,14.13,eia_residential_electricity_price_2024_by_state.csv,state,0,,,0,no_listed_facilities,WRI Aqueduct 4.0 baseline_annual
37113,2024,NC,Macon County,4691.0,12.2,58888.0,0,peeringdb_us_facilities_20261006T160916Z.json,2024,14.13,eia_residential_electricity_price_2024_by_state.csv,state,0,,,0,no_listed_facilities,WRI Aqueduct 4.0 baseline_annual
37115,2024,NC,Madison County,3188.0,14.9,61754.0,0,peeringdb_us_facilities_20261006T160916Z.json,2024,14.13,eia_residential_electricity_price_2024_by_state.csv,state,0,,,0,no_listed_facilities,WRI Aqueduct 4.0 baseline_annual
37117,2024,NC,Martin County,4198.0,19.7,52295.0,0,peeringdb_us_facilities_20261006T160916Z.json,2024,14.13,eia_residential_electricity_price_2024_by_state.csv,state,0,,,0,no_listed_facilities,WRI Aqueduct 4.0 baseline_annual
37119,2024,NC,Mecklenburg County,125805.0,10.6,90698.0,16,peeringdb_us_facilities_20261006T160916Z.json,2024,14.13,eia_residential_electricity_price_2024_by_state.csv,state,16,3.932582927817604,100.0,0,complete_coverage,WRI Aqueduct 4.0 baseline_annual
37121,2024,NC,Mitchell County,2019.0,13.5,58182.0,0,peeringdb_us_facilities_20261006T160916Z.json,2024,14.13,eia_residential_electricity_price_2024_by_state.csv,state,0,,,0,no_listed_facilities,WRI Aqueduct 4.0 baseline_annual
37123,2024,NC,Montgomery County,4099.0,16.0,57356.0,0,peeringdb_us_facilities_20261006T160916Z.json,2024,14.13,eia_residential_electricity_price_2024_by_state.csv,state,0,,,0,no_listed_facilities,WRI Aqueduct 4.0 baseline_annual
37125,2024,NC,Moore County,11660.0,10.9,85211.0,0,peeringdb_us_facilities_20261006T160916Z.json,2024,14.13,eia_residential_electricity_price_2024_by_state.csv,state,0,,,0,no_listed_facilities,WRI Aqueduct 4.0 baseline_annual
37127,2024,NC,Nash County,12023.0,12.5,66531.0,0,peeringdb_us_facilities_20261006T160916Z.json,2024,14.13,eia_residential_electricity_price_2024_by_state.csv,state,0,,,0,no_listed_facilities,WRI Aqueduct 4.0 baseline_annual
37129,2024,NC,New Hanover County,27704.0,11.7,77098.0,0,peeringdb_us_facilities_20261006T160916Z.json,2024,14.13,eia_residential_electricity_price_2024_by_state.csv,state,0,,,0,no_listed_facilities,WRI Aqueduct 4.0 baseline_annual
37131,2024,NC,Northampton County,3646.0,22.5,51986.0,0,peeringdb_us_facilities_20261006T160916Z.json,2024,14.13,eia_residential_electricity_price_2024_by_state.csv,state,0,,,0,no_listed_facilities,WRI Aqueduct 4.0 baseline_annual
37133,2024,NC,Onslow County,21954.0,11.5,71800.0,0,peeringdb_us_facilities_20261006T160916Z.json,2024,14.13,eia_residential_electricity_price_2024_by_state.csv,state,0,,,0,no_listed_facilities,WRI Aqueduct 4.0 baseline_annual
37135,2024,NC,Orange County,17654.0,12.4,83872.0,0,peeringdb_us_facilities_20261006T160916Z.json,2024,14.13,eia_residential_electricity_price_2024_by_state.csv,state,0,,,0,no_listed_facilities,WRI Aqueduct 4.0 baseline_annual
37137,2024,NC,Pamlico County,2083.0,17.6,63059.0,0,peeringdb_us_facilities_20261006T160916Z.json,2024,14.13,eia_residential_electricity_price_2024_by_state.csv,state,0,,,0,no_listed_facilities,WRI Aqueduct 4.0 baseline_annual
37139,2024,NC,Pasquotank County,5976.0,15.3,64384.0,0,peeringdb_us_facilities_20261006T160916Z.json,2024,14.13,eia_residential_electricity_price_2024_by_state.csv,state,0,,,0,no_listed_facilities,WRI Aqueduct 4.0 baseline_annual
37141,2024,NC,Pender County,7188.0,10.4,79480.0,0,peeringdb_us_facilities_20261006T160916Z.json,2024,14.13,eia_residential_electricity_price_2024_by_state.csv,state,0,,,0,no_listed_facilities,WRI Aqueduct 4.0 baseline_annual
37143,2024,NC,Perquimans County,1842.0,13.8,71446.0,0,peeringdb_us_facilities_20261006T160916Z.json,2024,14.13,eia_residential_electricity_price_2024_by_state.csv,state,0,,,0,no_listed_facilities,WRI Aqueduct 4.0 baseline_annual
37145,2024,NC,Person County,5685.0,14.3,60520.0,0,peeringdb_us_facilities_20261006T160916Z.json,2024,14.13,eia_residential_electricity_price_2024_by_state.csv,state,0,,,0,no_listed_facilities,WRI Aqueduct 4.0 baseline_annual
37147,2024,NC,Pitt County,34027.0,19.8,59430.0,0,peeringdb_us_facilities_20261006T160916Z.json,2024,14.13,eia_residential_electricity_price_2024_by_state.csv,state,0,,,0,no_listed_facilities,WRI Aqueduct 4.0 baseline_annual
37149,2024,NC,Polk County,2434.0,12.3,74525.0,1,peeringdb_us_facilities_20261006T160916Z.json,2024,14.13,eia_residential_electricity_price_2024_by_state.csv,state,1,3.7482736276700175,100.0,0,complete_coverage,WRI Aqueduct 4.0 baseline_annual
37151,2024,NC,Randolph County,18340.0,12.5,63374.0,0,peeringdb_us_facilities_20261006T160916Z.json,2024,14.13,eia_residential_electricity_price_2024_by_state.csv,state,0,,,0,no_listed_facilities,WRI Aqueduct 4.0 baseline_annual
37153,2024,NC,Richmond County,8878.0,21.5,50515.0,0,peeringdb_us_facilities_20261006T160916Z.json,2024,14.13,eia_residential_electricity_price_2024_by_state.csv,state,0,,,0,no_listed_facilities,WRI Aqueduct 4.0 baseline_annual
37155,2024,NC,Robeson County,27291.0,23.7,46927.0,0,peeringdb_us_facilities_20261006T160916Z.json,2024,14.13,eia_residential_electricity_price_2024_by_state.csv,state,0,,,0,no_listed_facilities,WRI Aqueduct 4.0 baseline_annual
37157,2024,NC,Rockingham County,15944.0,17.2,56141.0,0,peeringdb_us_facilities_20261006T160916Z.json,2024,14.13,eia_residential_electricity_price_2024_by_state.csv,state,0,,,0,no_listed_facilities,WRI Aqueduct 4.0 baseline_annual
37159,2024,NC,Rowan County,20976.0,14.1,65555.0,0,peeringdb_us_facilities_20261006T160916Z.json,2024,14.13,eia_residential_electricity_price_2024_by_state.csv,state,0,,,0,no_listed_facilities,WRI Aqueduct 4.0 baseline_annual
37161,2024,NC,Rutherford County,9525.0,14.8,57208.0,0,peeringdb_us_facilities_20261006T160916Z.json,2024,14.13,eia_residential_electricity_price_2024_by_state.csv,state,0,,,0,no_listed_facilities,WRI Aqueduct 4.0 baseline_annual
37163,2024,NC,Sampson County,11372.0,19.1,55628.0,0,peeringdb_us_facilities_20261006T160916Z.json,2024,14.13,eia_residential_electricity_price_2024_by_state.csv,state,0,,,0,no_listed_facilities,WRI Aqueduct 4.0 baseline_annual
37165,2024,NC,Scotland County,7116.0,22.9,55335.0,0,peeringdb_us_facilities_20261006T160916Z.json,2024,14.13,eia_residential_electricity_price_2024_by_state.csv,state,0,,,0,no_listed_facilities,WRI Aqueduct 4.0 baseline_annual
37167,2024,NC,Stanly County,8305.0,12.6,64791.0,0,peeringdb_us_facilities_20261006T160916Z.json,2024,14.13,eia_residential_electricity_price_2024_by_state.csv,state,0,,,0,no_listed_facilities,WRI Aqueduct 4.0 baseline_annual
37169,2024,NC,Stokes County,5341.0,11.8,67343.0,0,peeringdb_us_facilities_20261006T160916Z.json,2024,14.13,eia_residential_electricity_price_2024_by_state.csv,state,0,,,0,no_listed_facilities,WRI Aqueduct 4.0 baseline_annual
37171,2024,NC,Surry County,11805.0,16.7,55191.0,0,peeringdb_us_facilities_20261006T160916Z.json,2024,14.13,eia_residential_electricity_price_2024_by_state.csv,state,0,,,0,no_listed_facilities,WRI Aqueduct 4.0 baseline_annual
37173,2024,NC,Swain County,2116.0,15.6,53257.0,0,peeringdb_us_facilities_20261006T160916Z.json,2024,14.13,eia_residential_electricity_price_2024_by_state.csv,state,0,,,0,no_listed_facilities,WRI Aqueduct 4.0 baseline_annual
37175,2024,NC,Transylvania County,3991.0,12.0,71679.0,0,peeringdb_us_facilities_20261006T160916Z.json,2024,14.13,eia_residential_electricity_price_2024_by_state.csv,state,0,,,0,no_listed_facilities,WRI Aqueduct 4.0 baseline_annual
37177,2024,NC,Tyrrell County,633.0,19.5,49846.0,0,peeringdb_us_facilities_20261006T160916Z.json,2024,14.13,eia_residential_electricity_price_2024_by_state.csv,state,0,,,0,no_listed_facilities,WRI Aqueduct 4.0 baseline_annual
37179,2024,NC,Union County,19794.0,7.6,107681.0,0,peeringdb_us_facilities_20261006T160916Z.json,2024,14.13,eia_residential_electricity_price_2024_by_state.csv,state,0,,,0,no_listed_facilities,WRI Aqueduct 4.0 baseline_annual
37181,2024,NC,Vance County,7568.0,18.1,54441.0,0,peeringdb_us_facilities_20261006T160916Z.json,2024,14.13,eia_residential_electricity_price_2024_by_state.csv,state,0,,,0,no_listed_facilities,WRI Aqueduct 4.0 baseline_annual
37183,2024,NC,Wake County,103558.0,8.6,107083.0,4,peeringdb_us_facilities_20261006T160916Z.json,2024,14.13,eia_residential_electricity_price_2024_by_state.csv,state,4,4.015390802742177,100.0,0,complete_coverage,WRI Aqueduct 4.0 baseline_annual
37185,2024,NC,Warren County,3695.0,20.1,55287.0,0,peeringdb_us_facilities_20261006T160916Z.json,2024,14.13,eia_residential_electricity_price_2024_by_state.csv,state,0,,,0,no_listed_facilities,WRI Aqueduct 4.0 baseline_annual
37187,2024,NC,Washington County,2080.0,19.9,51253.0,0,peeringdb_us_facilities_20261006T160916Z.json,2024,14.13,eia_residential_electricity_price_2024_by_state.csv,state,0,,,0,no_listed_facilities,WRI Aqueduct 4.0 baseline_annual
37189,2024,NC,Watauga County,9804.0,20.8,58832.0,0,peeringdb_us_facilities_20261006T160916Z.json,2024,14.13,eia_residential_electricity_price_2024_by_state.csv,state,0,,,0,no_listed_facilities,WRI Aqueduct 4.0 baseline_annual
37191,2024,NC,Wayne County,22419.0,19.3,59786.0,0,peeringdb_us_facilities_20261006T160916Z.json,2024,14.13,eia_residential_electricity_price_2024_by_state.csv,state,0,,,0,no_listed_facilities,WRI Aqueduct 4.0 baseline_annual
37193,2024,NC,Wilkes County,9931.0,15.3,56053.0,0,peeringdb_us_facilities_20261006T160916Z.json,2024,14.13,eia_residential_electricity_price_2024_by_state.csv,state,0,,,0,no_listed_facilities,WRI Aqueduct 4.0 baseline_annual
37195,2024,NC,Wilson County,13820.0,17.6,62252.0,0,peeringdb_us_facilities_20261006T160916Z.json,2024,14.13,eia_residential_electricity_price_2024_by_state.csv,state,0,,,0,no_listed_facilities,WRI Aqueduct 4.0 baseline_annual
37197,2024,NC,Yadkin County,5440.0,14.5,66012.0,0,peeringdb_us_facilities_20261006T160916Z.json,2024,14.13,eia_residential_electricity_price_2024_by_state.csv,state,0,,,0,no_listed_facilities,WRI Aqueduct 4.0 baseline_annual
37199,2024,NC,Yancey County,2737.0,14.5,62198.0,0,peeringdb_us_facilities_20261006T160916Z.json,2024,14.13,eia_residential_electricity_price_2024_by_state.csv,state,0,,,0,no_listed_facilities,WRI Aqueduct 4.0 baseline_annual
38001,2024,ND,Adams County,254.0,12.2,62028.0,0,peeringdb_us_facilities_20261006T160916Z.json,2024,11.51,eia_residential_electricity_price_2024_by_state.csv,state,0,,,0,no_listed_facilities,WRI Aqueduct 4.0 baseline_annual
38003,2024,ND,Barnes County,1073.0,10.4,72486.0,0,peeringdb_us_facilities_20261006T160916Z.json,2024,11.51,eia_residential_electricity_price_2024_by_state.csv,state,0,,,0,no_listed_facilities,WRI Aqueduct 4.0 baseline_annual
38005,2024,ND,Benson County,1375.0,24.2,57730.0,0,peeringdb_us_facilities_20261006T160916Z.json,2024,11.51,eia_residential_electricity_price_2024_by_state.csv,state,0,,,0,no_listed_facilities,WRI Aqueduct 4.0 baseline_annual
38007,2024,ND,Billings County,96.0,9.0,92448.0,0,peeringdb_us_facilities_20261006T160916Z.json,2024,11.51,eia_residential_electricity_price_2024_by_state.csv,state,0,,,0,no_listed_facilities,WRI Aqueduct 4.0 baseline_annual
38009,2024,ND,Bottineau County,617.0,10.0,73589.0,0,peeringdb_us_facilities_20261006T160916Z.json,2024,11.51,eia_residential_electricity_price_2024_by_state.csv,state,0,,,0,no_listed_facilities,WRI Aqueduct 4.0 baseline_annual
38011,2024,ND,Bowman County,284.0,10.0,73734.0,0,peeringdb_us_facilities_20261006T160916Z.json,2024,11.51,eia_residential_electricity_price_2024_by_state.csv,state,0,,,0,no_listed_facilities,WRI Aqueduct 4.0 baseline_annual
38013,2024,ND,Burke County,208.0,9.7,80825.0,0,peeringdb_us_facilities_20261006T160916Z.json,2024,11.51,eia_residential_electricity_price_2024_by_state.csv,state,0,,,0,no_listed_facilities,WRI Aqueduct 4.0 baseline_annual
38015,2024,ND,Burleigh County,7952.0,8.1,91254.0,1,peeringdb_us_facilities_20261006T160916Z.json,2024,11.51,eia_residential_electricity_price_2024_by_state.csv,state,1,0.0,100.0,0,complete_coverage,WRI Aqueduct 4.0 baseline_annual
38017,2024,ND,Cass County,21131.0,11.0,77791.0,3,peeringdb_us_facilities_20261006T160916Z.json,2024,11.51,eia_residential_electricity_price_2024_by_state.csv,state,3,1.4497826111319572,100.0,0,complete_coverage,WRI Aqueduct 4.0 baseline_annual
38019,2024,ND,Cavalier County,341.0,9.7,81012.0,0,peeringdb_us_facilities_20261006T160916Z.json,2024,11.51,eia_residential_electricity_price_2024_by_state.csv,state,0,,,0,no_listed_facilities,WRI Aqueduct 4.0 baseline_annual
38021,2024,ND,Dickey County,593.0,12.5,79692.0,1,peeringdb_us_facilities_20261006T160916Z.json,2024,11.51,eia_residential_electricity_price_2024_by_state.csv,state,1,0.0,100.0,0,complete_coverage,WRI Aqueduct 4.0 baseline_annual
38023,2024,ND,Divide County,241.0,11.6,75544.0,0,peeringdb_us_facilities_20261006T160916Z.json,2024,11.51,eia_residential_electricity_price_2024_by_state.csv,state,0,,,0,no_listed_facilities,WRI Aqueduct 4.0 baseline_annual
38025,2024,ND,Dunn County,376.0,9.5,94726.0,0,peeringdb_us_facilities_20261006T160916Z.json,2024,11.51,eia_residential_electricity_price_2024_by_state.csv,state,0,,,0,no_listed_facilities,WRI Aqueduct 4.0 baseline_annual
38027,2024,ND,Eddy County,278.0,12.4,70413.0,0,peeringdb_us_facilities_20261006T160916Z.json,2024,11.51,eia_residential_electricity_price_2024_by_state.csv,state,0,,,0,no_listed_facilities,WRI Aqueduct 4.0 baseline_annual
38029,2024,ND,Emmons County,443.0,14.0,67994.0,0,peeringdb_us_facilities_20261006T160916Z.json,2024,11.51,eia_residential_electricity_price_2024_by_state.csv,state,0,,,0,no_listed_facilities,WRI Aqueduct 4.0 baseline_annual
38031,2024,ND,Foster County,274.0,8.4,81256.0,0,peeringdb_us_facilities_20261006T160916Z.json,2024,11.51,eia_residential_electricity_price_2024_by_state.csv,state,0,,,0,no_listed_facilities,WRI Aqueduct 4.0 baseline_annual
38033,2024,ND,Golden Valley County,195.0,11.1,68890.0,0,peeringdb_us_facilities_20261006T160916Z.json,2024,11.51,eia_residential_electricity_price_2024_by_state.csv,state,0,,,0,no_listed_facilities,WRI Aqueduct 4.0 baseline_annual
38035,2024,ND,Grand Forks County,8630.0,12.4,70919.0,1,peeringdb_us_facilities_20261006T160916Z.json,2024,11.51,eia_residential_electricity_price_2024_by_state.csv,state,1,1.5261630059587752,100.0,0,complete_coverage,WRI Aqueduct 4.0 baseline_annual
38037,2024,ND,Grant County,373.0,16.9,51175.0,0,peeringdb_us_facilities_20261006T160916Z.json,2024,11.51,eia_residential_electricity_price_2024_by_state.csv,state,0,,,0,no_listed_facilities,WRI Aqueduct 4.0 baseline_annual
38039,2024,ND,Griggs County,250.0,11.7,68986.0,0,peeringdb_us_facilities_20261006T160916Z.json,2024,11.51,eia_residential_electricity_price_2024_by_state.csv,state,0,,,0,no_listed_facilities,WRI Aqueduct 4.0 baseline_annual
38041,2024,ND,Hettinger County,296.0,13.0,66824.0,0,peeringdb_us_facilities_20261006T160916Z.json,2024,11.51,eia_residential_electricity_price_2024_by_state.csv,state,0,,,0,no_listed_facilities,WRI Aqueduct 4.0 baseline_annual
38043,2024,ND,Kidder County,328.0,13.9,78009.0,0,peeringdb_us_facilities_20261006T160916Z.json,2024,11.51,eia_residential_electricity_price_2024_by_state.csv,state,0,,,0,no_listed_facilities,WRI Aqueduct 4.0 baseline_annual
38045,2024,ND,LaMoure County,438.0,10.9,87326.0,0,peeringdb_us_facilities_20261006T160916Z.json,2024,11.51,eia_residential_electricity_price_2024_by_state.csv,state,0,,,0,no_listed_facilities,WRI Aqueduct 4.0 baseline_annual
38047,2024,ND,Logan County,234.0,12.9,66995.0,0,peeringdb_us_facilities_20261006T160916Z.json,2024,11.51,eia_residential_electricity_price_2024_by_state.csv,state,0,,,0,no_listed_facilities,WRI Aqueduct 4.0 baseline_annual
38049,2024,ND,McHenry County,596.0,11.7,77267.0,0,peeringdb_us_facilities_20261006T160916Z.json,2024,11.51,eia_residential_electricity_price_2024_by_state.csv,state,0,,,0,no_listed_facilities,WRI Aqueduct 4.0 baseline_annual
38051,2024,ND,McIntosh County,290.0,12.3,62513.0,0,peeringdb_us_facilities_20261006T160916Z.json,2024,11.51,eia_residential_electricity_price_2024_by_state.csv,state,0,,,0,no_listed_facilities,WRI Aqueduct 4.0 baseline_annual
38053,2024,ND,McKenzie County,1198.0,8.2,110682.0,0,peeringdb_us_facilities_20261006T160916Z.json,2024,11.51,eia_residential_electricity_price_2024_by_state.csv,state,0,,,0,no_listed_facilities,WRI Aqueduct 4.0 baseline_annual
38055,2024,ND,McLean County,1039.0,10.8,81639.0,0,peeringdb_us_facilities_20261006T160916Z.json,2024,11.51,eia_residential_electricity_price_2024_by_state.csv,state,0,,,0,no_listed_facilities,WRI Aqueduct 4.0 baseline_annual
38057,2024,ND,Mercer County,670.0,8.1,93154.0,0,peeringdb_us_facilities_20261006T160916Z.json,2024,11.51,eia_residential_electricity_price_2024_by_state.csv,state,0,,,0,no_listed_facilities,WRI Aqueduct 4.0 baseline_annual
38059,2024,ND,Morton County,3070.0,9.2,83323.0,0,peeringdb_us_facilities_20261006T160916Z.json,2024,11.51,eia_residential_electricity_price_2024_by_state.csv,state,0,,,0,no_listed_facilities,WRI Aqueduct 4.0 baseline_annual
38061,2024,ND,Mountrail County,1098.0,11.7,77966.0,0,peeringdb_us_facilities_20261006T160916Z.json,2024,11.51,eia_residential_electricity_price_2024_by_state.csv,state,0,,,0,no_listed_facilities,WRI Aqueduct 4.0 baseline_annual
38063,2024,ND,Nelson County,318.0,11.0,69654.0,0,peeringdb_us_facilities_20261006T160916Z.json,2024,11.51,eia_residential_electricity_price_2024_by_state.csv,state,0,,,0,no_listed_facilities,WRI Aqueduct 4.0 baseline_annual
38065,2024,ND,Oliver County,221.0,11.8,84193.0,0,peeringdb_us_facilities_20261006T160916Z.json,2024,11.51,eia_residential_electricity_price_2024_by_state.csv,state,0,,,0,no_listed_facilities,WRI Aqueduct 4.0 baseline_annual
38067,2024,ND,Pembina County,615.0,9.5,77534.0,0,peeringdb_us_facilities_20261006T160916Z.json,2024,11.51,eia_residential_electricity_price_2024_by_state.csv,state,0,,,0,no_listed_facilities,WRI Aqueduct 4.0 baseline_annual
38069,2024,ND,Pierce County,436.0,11.7,65205.0,0,peeringdb_us_facilities_20261006T160916Z.json,2024,11.51,eia_residential_electricity_price_2024_by_state.csv,state,0,,,0,no_listed_facilities,WRI Aqueduct 4.0 baseline_annual
38071,2024,ND,Ramsey County,1281.0,11.6,74421.0,0,peeringdb_us_facilities_20261006T160916Z.json,2024,11.51,eia_residential_electricity_price_2024_by_state.csv,state,0,,,0,no_listed_facilities,WRI Aqueduct 4.0 baseline_annual
38073,2024,ND,Ransom County,466.0,8.7,81543.0,0,peeringdb_us_facilities_20261006T160916Z.json,2024,11.51,eia_residential_electricity_price_2024_by_state.csv,state,0,,,0,no_listed_facilities,WRI Aqueduct 4.0 baseline_annual
38075,2024,ND,Renville County,224.0,9.6,83417.0,0,peeringdb_us_facilities_20261006T160916Z.json,2024,11.51,eia_residential_electricity_price_2024_by_state.csv,state,0,,,0,no_listed_facilities,WRI Aqueduct 4.0 baseline_annual
38077,2024,ND,Richland County,1620.0,10.4,80180.0,0,peeringdb_us_facilities_20261006T160916Z.json,2024,11.51,eia_residential_electricity_price_2024_by_state.csv,state,0,,,0,no_listed_facilities,WRI Aqueduct 4.0 baseline_annual
38079,2024,ND,Rolette County,2706.0,23.4,59505.0,0,peeringdb_us_facilities_20261006T160916Z.json,2024,11.51,eia_residential_electricity_price_2024_by_state.csv,state,0,,,0,no_listed_facilities,WRI Aqueduct 4.0 baseline_annual
38081,2024,ND,Sargent County,297.0,8.1,79922.0,0,peeringdb_us_facilities_20261006T160916Z.json,2024,11.51,eia_residential_electricity_price_2024_by_state.csv,state,0,,,0,no_listed_facilities,WRI Aqueduct 4.0 baseline_annual
38083,2024,ND,Sheridan County,195.0,15.5,60820.0,0,peeringdb_us_facilities_20261006T160916Z.json,2024,11.51,eia_residential_electricity_price_2024_by_state.csv,state,0,,,0,no_listed_facilities,WRI Aqueduct 4.0 baseline_annual
38085,2024,ND,Sioux County,1088.0,29.9,48187.0,0,peeringdb_us_facilities_20261006T160916Z.json,2024,11.51,eia_residential_electricity_price_2024_by_state.csv,state,0,,,0,no_listed_facilities,WRI Aqueduct 4.0 baseline_annual
38087,2024,ND,Slope County,90.0,13.6,62887.0,0,peeringdb_us_facilities_20261006T160916Z.json,2024,11.51,eia_residential_electricity_price_2024_by_state.csv,state,0,,,0,no_listed_facilities,WRI Aqueduct 4.0 baseline_annual
38089,2024,ND,Stark County,3355.0,10.1,88681.0,0,peeringdb_us_facilities_20261006T160916Z.json,2024,11.51,eia_residential_electricity_price_2024_by_state.csv,state,0,,,0,no_listed_facilities,WRI Aqueduct 4.0 baseline_annual
38091,2024,ND,Steele County,130.0,7.4,89815.0,0,peeringdb_us_facilities_20261006T160916Z.json,2024,11.51,eia_residential_electricity_price_2024_by_state.csv,state,0,,,0,no_listed_facilities,WRI Aqueduct 4.0 baseline_annual
38093,2024,ND,Stutsman County,2335.0,11.7,75277.0,0,peeringdb_us_facilities_20261006T160916Z.json,2024,11.51,eia_residential_electricity_price_2024_by_state.csv,state,0,,,0,no_listed_facilities,WRI Aqueduct 4.0 baseline_annual
38095,2024,ND,Towner County,202.0,10.0,76383.0,0,peeringdb_us_facilities_20261006T160916Z.json,2024,11.51,eia_residential_electricity_price_2024_by_state.csv,state,0,,,0,no_listed_facilities,WRI Aqueduct 4.0 baseline_annual
38097,2024,ND,Traill County,793.0,10.4,85101.0,0,peeringdb_us_facilities_20261006T160916Z.json,2024,11.51,eia_residential_electricity_price_2024_by_state.csv,state,0,,,0,no_listed_facilities,WRI Aqueduct 4.0 baseline_annual
38099,2024,ND,Walsh County,1177.0,11.7,73571.0,0,peeringdb_us_facilities_20261006T160916Z.json,2024,11.51,eia_residential_electricity_price_2024_by_state.csv,state,0,,,0,no_listed_facilities,WRI Aqueduct 4.0 baseline_annual
38101,2024,ND,Ward County,7131.0,10.7,73522.0,0,peeringdb_us_facilities_20261006T160916Z.json,2024,11.51,eia_residential_electricity_price_2024_by_state.csv,state,0,,,0,no_listed_facilities,WRI Aqueduct 4.0 baseline_annual
38103,2024,ND,Wells County,478.0,12.8,74565.0,0,peeringdb_us_facilities_20261006T160916Z.json,2024,11.51,eia_residential_electricity_price_2024_by_state.csv,state,0,,,0,no_listed_facilities,WRI Aqueduct 4.0 baseline_annual
38105,2024,ND,Williams County,3194.0,7.9,98038.0,0,peeringdb_us_facilities_20261006T160916Z.json,2024,11.51,eia_residential_electricity_price_2024_by_state.csv,state,0,,,0,no_listed_facilities,WRI Aqueduct 4.0 baseline_annual
39001,2024,OH,Adams County,4755.0,17.4,55832.0,0,peeringdb_us_facilities_20261006T160916Z.json,2024,15.99,eia_residential_electricity_price_2024_by_state.csv,state,0,,,0,no_listed_facilities,WRI Aqueduct 4.0 baseline_annual
39003,2024,OH,Allen County,14364.0,14.8,67677.0,0,peeringdb_us_facilities_20261006T160916Z.json,2024,15.99,eia_residential_electricity_price_2024_by_state.csv,state,0,,,0,no_listed_facilities,WRI Aqueduct 4.0 baseline_annual
39005,2024,OH,Ashland County,5971.0,11.6,73005.0,0,peeringdb_us_facilities_20261006T160916Z.json,2024,15.99,eia_residential_electricity_price_2024_by_state.csv,state,0,,,0,no_listed_facilities,WRI Aqueduct 4.0 baseline_annual
39007,2024,OH,Ashtabula County,14237.0,15.2,60480.0,0,peeringdb_us_facilities_20261006T160916Z.json,2024,15.99,eia_residential_electricity_price_2024_by_state.csv,state,0,,,0,no_listed_facilities,WRI Aqueduct 4.0 baseline_annual
39009,2024,OH,Athens County,13748.0,25.3,54806.0,0,peeringdb_us_facilities_20261006T160916Z.json,2024,15.99,eia_residential_electricity_price_2024_by_state.csv,state,0,,,0,no_listed_facilities,WRI Aqueduct 4.0 baseline_annual
39011,2024,OH,Auglaize County,3177.0,7.0,82460.0,0,peeringdb_us_facilities_20261006T160916Z.json,2024,15.99,eia_residential_electricity_price_2024_by_state.csv,state,0,,,0,no_listed_facilities,WRI Aqueduct 4.0 baseline_annual
39013,2024,OH,Belmont County,9183.0,15.1,58332.0,0,peeringdb_us_facilities_20261006T160916Z.json,2024,15.99,eia_residential_electricity_price_2024_by_state.csv,state,0,,,0,no_listed_facilities,WRI Aqueduct 4.0 baseline_annual
39015,2024,OH,Brown County,6652.0,15.2,68663.0,0,peeringdb_us_facilities_20261006T160916Z.json,2024,15.99,eia_residential_electricity_price_2024_by_state.csv,state,0,,,0,no_listed_facilities,WRI Aqueduct 4.0 baseline_annual
39017,2024,OH,Butler County,50112.0,13.0,80560.0,2,peeringdb_us_facilities_20261006T160916Z.json,2024,15.99,eia_residential_electricity_price_2024_by_state.csv,state,2,1.4141956998711316,100.0,0,complete_coverage,WRI Aqueduct 4.0 baseline_annual
39019,2024,OH,Carroll County,3024.0,11.6,70614.0,0,peeringdb_us_facilities_20261006T160916Z.json,2024,15.99,eia_residential_electricity_price_2024_by_state.csv,state,0,,,0,no_listed_facilities,WRI Aqueduct 4.0 baseline_annual
39021,2024,OH,Champaign County,3155.0,8.2,73034.0,0,peeringdb_us_facilities_20261006T160916Z.json,2024,15.99,eia_residential_electricity_price_2024_by_state.csv,state,0,,,0,no_listed_facilities,WRI Aqueduct 4.0 baseline_annual
39023,2024,OH,Clark County,18704.0,14.1,65529.0,0,peeringdb_us_facilities_20261006T160916Z.json,2024,15.99,eia_residential_electricity_price_2024_by_state.csv,state,0,,,0,no_listed_facilities,WRI Aqueduct 4.0 baseline_annual
39025,2024,OH,Clermont County,18312.0,8.6,87991.0,0,peeringdb_us_facilities_20261006T160916Z.json,2024,15.99,eia_residential_electricity_price_2024_by_state.csv,state,0,,,0,no_listed_facilities,WRI Aqueduct 4.0 baseline_annual
39027,2024,OH,Clinton County,4849.0,11.9,67463.0,0,peeringdb_us_facilities_20261006T160916Z.json,2024,15.99,eia_residential_electricity_price_2024_by_state.csv,state,0,,,0,no_listed_facilities,WRI Aqueduct 4.0 baseline_annual
39029,2024,OH,Columbiana County,14068.0,14.7,59141.0,0,peeringdb_us_facilities_20261006T160916Z.json,2024,15.99,eia_residential_electricity_price_2024_by_state.csv,state,0,,,0,no_listed_facilities,WRI Aqueduct 4.0 baseline_annual
39031,2024,OH,Coshocton County,4255.0,11.6,61297.0,0,peeringdb_us_facilities_20261006T160916Z.json,2024,15.99,eia_residential_electricity_price_2024_by_state.csv,state,0,,,0,no_listed_facilities,WRI Aqueduct 4.0 baseline_annual
39033,2024,OH,Crawford County,4598.0,11.2,59571.0,0,peeringdb_us_facilities_20261006T160916Z.json,2024,15.99,eia_residential_electricity_price_2024_by_state.csv,state,0,,,0,no_listed_facilities,WRI Aqueduct 4.0 baseline_annual
39035,2024,OH,Cuyahoga County,181129.0,14.9,66081.0,14,peeringdb_us_facilities_20261006T160916Z.json,2024,15.99,eia_residential_electricity_price_2024_by_state.csv,state,14,1.988155925903617,100.0,0,complete_coverage,WRI Aqueduct 4.0 baseline_annual
39037,2024,OH,Darke County,5872.0,11.6,70987.0,0,peeringdb_us_facilities_20261006T160916Z.json,2024,15.99,eia_residential_electricity_price_2024_by_state.csv,state,0,,,0,no_listed_facilities,WRI Aqueduct 4.0 baseline_annual
39039,2024,OH,Defiance County,3366.0,8.9,71913.0,0,peeringdb_us_facilities_20261006T160916Z.json,2024,15.99,eia_residential_electricity_price_2024_by_state.csv,state,0,,,0,no_listed_facilities,WRI Aqueduct 4.0 baseline_annual
39041,2024,OH,Delaware County,10212.0,4.3,136215.0,1,peeringdb_us_facilities_20261006T160916Z.json,2024,15.99,eia_residential_electricity_price_2024_by_state.csv,state,1,2.8343255504112053,100.0,0,complete_coverage,WRI Aqueduct 4.0 baseline_annual
39043,2024,OH,Erie County,9487.0,13.1,72400.0,0,peeringdb_us_facilities_20261006T160916Z.json,2024,15.99,eia_residential_electricity_price_2024_by_state.csv,state,0,,,0,no_listed_facilities,WRI Aqueduct 4.0 baseline_annual
39045,2024,OH,Fairfield County,13303.0,8.1,90728.0,0,peeringdb_us_facilities_20261006T160916Z.json,2024,15.99,eia_residential_electricity_price_2024_by_state.csv,state,0,,,0,no_listed_facilities,WRI Aqueduct 4.0 baseline_annual
39047,2024,OH,Fayette County,3423.0,12.1,68224.0,0,peeringdb_us_facilities_20261006T160916Z.json,2024,15.99,eia_residential_electricity_price_2024_by_state.csv,state,0,,,0,no_listed_facilities,WRI Aqueduct 4.0 baseline_annual
39049,2024,OH,Franklin County,184028.0,13.9,76578.0,20,peeringdb_us_facilities_20261006T160916Z.json,2024,15.99,eia_residential_electricity_price_2024_by_state.csv,state,20,2.8343255504112053,100.0,0,complete_coverage,WRI Aqueduct 4.0 baseline_annual
39051,2024,OH,Fulton County,3462.0,8.3,75421.0,0,peeringdb_us_facilities_20261006T160916Z.json,2024,15.99,eia_residential_electricity_price_2024_by_state.csv,state,0,,,0,no_listed_facilities,WRI Aqueduct 4.0 baseline_annual
39053,2024,OH,Gallia County,5661.0,20.1,54723.0,0,peeringdb_us_facilities_20261006T160916Z.json,2024,15.99,eia_residential_electricity_price_2024_by_state.csv,state,0,,,0,no_listed_facilities,WRI Aqueduct 4.0 baseline_annual
39055,2024,OH,Geauga County,5411.0,5.7,110508.0,0,peeringdb_us_facilities_20261006T160916Z.json,2024,15.99,eia_residential_electricity_price_2024_by_state.csv,state,0,,,0,no_listed_facilities,WRI Aqueduct 4.0 baseline_annual
39057,2024,OH,Greene County,16306.0,9.9,87684.0,0,peeringdb_us_facilities_20261006T160916Z.json,2024,15.99,eia_residential_electricity_price_2024_by_state.csv,state,0,,,0,no_listed_facilities,WRI Aqueduct 4.0 baseline_annual
39059,2024,OH,Guernsey County,5228.0,13.8,62931.0,0,peeringdb_us_facilities_20261006T160916Z.json,2024,15.99,eia_residential_electricity_price_2024_by_state.csv,state,0,,,0,no_listed_facilities,WRI Aqueduct 4.0 baseline_annual
39061,2024,OH,Hamilton County,115791.0,14.2,73166.0,9,peeringdb_us_facilities_20261006T160916Z.json,2024,15.99,eia_residential_electricity_price_2024_by_state.csv,state,9,0.0,100.0,0,complete_coverage,WRI Aqueduct 4.0 baseline_annual
39063,2024,OH,Hancock County,6565.0,9.0,80864.0,0,peeringdb_us_facilities_20261006T160916Z.json,2024,15.99,eia_residential_electricity_price_2024_by_state.csv,state,0,,,0,no_listed_facilities,WRI Aqueduct 4.0 baseline_annual
39065,2024,OH,Hardin County,4060.0,14.3,68612.0,0,peeringdb_us_facilities_20261006T160916Z.json,2024,15.99,eia_residential_electricity_price_2024_by_state.csv,state,0,,,0,no_listed_facilities,WRI Aqueduct 4.0 baseline_annual
39067,2024,OH,Harrison County,1908.0,13.8,60099.0,0,peeringdb_us_facilities_20261006T160916Z.json,2024,15.99,eia_residential_electricity_price_2024_by_state.csv,state,0,,,0,no_listed_facilities,WRI Aqueduct 4.0 baseline_annual
39069,2024,OH,Henry County,2132.0,7.9,69439.0,0,peeringdb_us_facilities_20261006T160916Z.json,2024,15.99,eia_residential_electricity_price_2024_by_state.csv,state,0,,,0,no_listed_facilities,WRI Aqueduct 4.0 baseline_annual
39071,2024,OH,Highland County,6335.0,14.6,62366.0,0,peeringdb_us_facilities_20261006T160916Z.json,2024,15.99,eia_residential_electricity_price_2024_by_state.csv,state,0,,,0,no_listed_facilities,WRI Aqueduct 4.0 baseline_annual
39073,2024,OH,Hocking County,3585.0,13.2,63690.0,0,peeringdb_us_facilities_20261006T160916Z.json,2024,15.99,eia_residential_electricity_price_2024_by_state.csv,state,0,,,0,no_listed_facilities,WRI Aqueduct 4.0 baseline_annual
39075,2024,OH,Holmes County,3936.0,9.0,77621.0,0,peeringdb_us_facilities_20261006T160916Z.json,2024,15.99,eia_residential_electricity_price_2024_by_state.csv,state,0,,,0,no_listed_facilities,WRI Aqueduct 4.0 baseline_annual
39077,2024,OH,Huron County,6709.0,11.7,72260.0,0,peeringdb_us_facilities_20261006T160916Z.json,2024,15.99,eia_residential_electricity_price_2024_by_state.csv,state,0,,,0,no_listed_facilities,WRI Aqueduct 4.0 baseline_annual
39079,2024,OH,Jackson County,5018.0,15.5,59581.0,0,peeringdb_us_facilities_20261006T160916Z.json,2024,15.99,eia_residential_electricity_price_2024_by_state.csv,state,0,,,0,no_listed_facilities,WRI Aqueduct 4.0 baseline_annual
39081,2024,OH,Jefferson County,10861.0,17.7,60327.0,0,peeringdb_us_facilities_20261006T160916Z.json,2024,15.99,eia_residential_electricity_price_2024_by_state.csv,state,0,,,0,no_listed_facilities,WRI Aqueduct 4.0 baseline_annual
39083,2024,OH,Knox County,6447.0,10.7,72305.0,0,peeringdb_us_facilities_20261006T160916Z.json,2024,15.99,eia_residential_electricity_price_2024_by_state.csv,state,0,,,0,no_listed_facilities,WRI Aqueduct 4.0 baseline_annual
39085,2024,OH,Lake County,17162.0,7.5,84484.0,0,peeringdb_us_facilities_20261006T160916Z.json,2024,15.99,eia_residential_electricity_price_2024_by_state.csv,state,0,,,0,no_listed_facilities,WRI Aqueduct 4.0 baseline_annual
39087,2024,OH,Lawrence County,8267.0,15.0,61638.0,0,peeringdb_us_facilities_20261006T160916Z.json,2024,15.99,eia_residential_electricity_price_2024_by_state.csv,state,0,,,0,no_listed_facilities,WRI Aqueduct 4.0 baseline_annual
39089,2024,OH,Licking County,16630.0,9.2,86157.0,0,peeringdb_us_facilities_20261006T160916Z.json,2024,15.99,eia_residential_electricity_price_2024_by_state.csv,state,0,,,0,no_listed_facilities,WRI Aqueduct 4.0 baseline_annual
39091,2024,OH,Logan County,4433.0,9.7,75055.0,0,peeringdb_us_facilities_20261006T160916Z.json,2024,15.99,eia_residential_electricity_price_2024_by_state.csv,state,0,,,0,no_listed_facilities,WRI Aqueduct 4.0 baseline_annual
39093,2024,OH,Lorain County,33931.0,10.8,79139.0,0,peeringdb_us_facilities_20261006T160916Z.json,2024,15.99,eia_residential_electricity_price_2024_by_state.csv,state,0,,,0,no_listed_facilities,WRI Aqueduct 4.0 baseline_annual
39095,2024,OH,Lucas County,70060.0,16.8,63774.0,0,peeringdb_us_facilities_20261006T160916Z.json,2024,15.99,eia_residential_electricity_price_2024_by_state.csv,state,0,,,0,no_listed_facilities,WRI Aqueduct 4.0 baseline_annual
39097,2024,OH,Madison County,3588.0,8.8,84632.0,0,peeringdb_us_facilities_20261006T160916Z.json,2024,15.99,eia_residential_electricity_price_2024_by_state.csv,state,0,,,0,no_listed_facilities,WRI Aqueduct 4.0 baseline_annual
39099,2024,OH,Mahoning County,42306.0,19.3,58133.0,1,peeringdb_us_facilities_20261006T160916Z.json,2024,15.99,eia_residential_electricity_price_2024_by_state.csv,state,1,0.0758346004678294,100.0,0,complete_coverage,WRI Aqueduct 4.0 baseline_annual
39101,2024,OH,Marion County,9520.0,16.0,63276.0,0,peeringdb_us_facilities_20261006T160916Z.json,2024,15.99,eia_residential_electricity_price_2024_by_state.csv,state,0,,,0,no_listed_facilities,WRI Aqueduct 4.0 baseline_annual
39103,2024,OH,Medina County,11083.0,6.1,93471.0,1,peeringdb_us_facilities_20261006T160916Z.json,2024,15.99,eia_residential_electricity_price_2024_by_state.csv,state,1,1.9881559259036168,100.0,0,complete_coverage,WRI Aqueduct 4.0 baseline_annual
39105,2024,OH,Meigs County,3168.0,14.9,54483.0,0,peeringdb_us_facilities_20261006T160916Z.json,2024,15.99,eia_residential_electricity_price_2024_by_state.csv,state,0,,,0,no_listed_facilities,WRI Aqueduct 4.0 baseline_annual
39107,2024,OH,Mercer County,3363.0,8.0,75311.0,0,peeringdb_us_facilities_20261006T160916Z.json,2024,15.99,eia_residential_electricity_price_2024_by_state.csv,state,0,,,0,no_listed_facilities,WRI Aqueduct 4.0 baseline_annual
39109,2024,OH,Miami County,11050.0,10.0,83948.0,0,peeringdb_us_facilities_20261006T160916Z.json,2024,15.99,eia_residential_electricity_price_2024_by_state.csv,state,0,,,0,no_listed_facilities,WRI Aqueduct 4.0 baseline_annual
39111,2024,OH,Monroe County,1783.0,13.8,58813.0,0,peeringdb_us_facilities_20261006T160916Z.json,2024,15.99,eia_residential_electricity_price_2024_by_state.csv,state,0,,,0,no_listed_facilities,WRI Aqueduct 4.0 baseline_annual
39113,2024,OH,Montgomery County,75497.0,14.4,66349.0,2,peeringdb_us_facilities_20261006T160916Z.json,2024,15.99,eia_residential_electricity_price_2024_by_state.csv,state,2,2.828391399742263,100.0,0,complete_coverage,WRI Aqueduct 4.0 baseline_annual
39115,2024,OH,Morgan County,1971.0,14.8,64911.0,0,peeringdb_us_facilities_20261006T160916Z.json,2024,15.99,eia_residential_electricity_price_2024_by_state.csv,state,0,,,0,no_listed_facilities,WRI Aqueduct 4.0 baseline_annual
39117,2024,OH,Morrow County,3699.0,10.4,84191.0,0,peeringdb_us_facilities_20261006T160916Z.json,2024,15.99,eia_residential_electricity_price_2024_by_state.csv,state,0,,,0,no_listed_facilities,WRI Aqueduct 4.0 baseline_annual
39119,2024,OH,Muskingum County,11062.0,13.0,63161.0,0,peeringdb_us_facilities_20261006T160916Z.json,2024,15.99,eia_residential_electricity_price_2024_by_state.csv,state,0,,,0,no_listed_facilities,WRI Aqueduct 4.0 baseline_annual
39121,2024,OH,Noble County,1592.0,13.9,63623.0,0,peeringdb_us_facilities_20261006T160916Z.json,2024,15.99,eia_residential_electricity_price_2024_by_state.csv,state,0,,,0,no_listed_facilities,WRI Aqueduct 4.0 baseline_annual
39123,2024,OH,Ottawa County,3622.0,9.3,76709.0,0,peeringdb_us_facilities_20261006T160916Z.json,2024,15.99,eia_residential_electricity_price_2024_by_state.csv,state,0,,,0,no_listed_facilities,WRI Aqueduct 4.0 baseline_annual
39125,2024,OH,Paulding County,1924.0,10.4,68923.0,0,peeringdb_us_facilities_20261006T160916Z.json,2024,15.99,eia_residential_electricity_price_2024_by_state.csv,state,0,,,0,no_listed_facilities,WRI Aqueduct 4.0 baseline_annual
39127,2024,OH,Perry County,4843.0,13.7,68322.0,0,peeringdb_us_facilities_20261006T160916Z.json,2024,15.99,eia_residential_electricity_price_2024_by_state.csv,state,0,,,0,no_listed_facilities,WRI Aqueduct 4.0 baseline_annual
39129,2024,OH,Pickaway County,5345.0,9.3,81135.0,0,peeringdb_us_facilities_20261006T160916Z.json,2024,15.99,eia_residential_electricity_price_2024_by_state.csv,state,0,,,0,no_listed_facilities,WRI Aqueduct 4.0 baseline_annual
39131,2024,OH,Pike County,5102.0,19.1,59100.0,0,peeringdb_us_facilities_20261006T160916Z.json,2024,15.99,eia_residential_electricity_price_2024_by_state.csv,state,0,,,0,no_listed_facilities,WRI Aqueduct 4.0 baseline_annual
39133,2024,OH,Portage County,18333.0,11.7,79710.0,0,peeringdb_us_facilities_20261006T160916Z.json,2024,15.99,eia_residential_electricity_price_2024_by_state.csv,state,0,,,0,no_listed_facilities,WRI Aqueduct 4.0 baseline_annual
39135,2024,OH,Preble County,4195.0,10.4,71966.0,0,peeringdb_us_facilities_20261006T160916Z.json,2024,15.99,eia_residential_electricity_price_2024_by_state.csv,state,0,,,0,no_listed_facilities,WRI Aqueduct 4.0 baseline_annual
39137,2024,OH,Putnam County,2042.0,6.0,88101.0,1,peeringdb_us_facilities_20261006T160916Z.json,2024,15.99,eia_residential_electricity_price_2024_by_state.csv,state,1,0.0,100.0,0,complete_coverage,WRI Aqueduct 4.0 baseline_annual
39139,2024,OH,Richland County,15821.0,13.5,66025.0,0,peeringdb_us_facilities_20261006T160916Z.json,2024,15.99,eia_residential_electricity_price_2024_by_state.csv,state,0,,,0,no_listed_facilities,WRI Aqueduct 4.0 baseline_annual
39141,2024,OH,Ross County,9446.0,13.4,67519.0,0,peeringdb_us_facilities_20261006T160916Z.json,2024,15.99,eia_residential_electricity_price_2024_by_state.csv,state,0,,,0,no_listed_facilities,WRI Aqueduct 4.0 baseline_annual
39143,2024,OH,Sandusky County,7712.0,13.3,66851.0,0,peeringdb_us_facilities_20261006T160916Z.json,2024,15.99,eia_residential_electricity_price_2024_by_state.csv,state,0,,,0,no_listed_facilities,WRI Aqueduct 4.0 baseline_annual
39145,2024,OH,Scioto County,13126.0,19.1,55235.0,0,peeringdb_us_facilities_20261006T160916Z.json,2024,15.99,eia_residential_electricity_price_2024_by_state.csv,state,0,,,0,no_listed_facilities,WRI Aqueduct 4.0 baseline_annual
39147,2024,OH,Seneca County,6832.0,13.0,65260.0,0,peeringdb_us_facilities_20261006T160916Z.json,2024,15.99,eia_residential_electricity_price_2024_by_state.csv,state,0,,,0,no_listed_facilities,WRI Aqueduct 4.0 baseline_annual
39149,2024,OH,Shelby County,4235.0,8.9,75593.0,0,peeringdb_us_facilities_20261006T160916Z.json,2024,15.99,eia_residential_electricity_price_2024_by_state.csv,state,0,,,0,no_listed_facilities,WRI Aqueduct 4.0 baseline_annual
39151,2024,OH,Stark County,45607.0,12.4,69455.0,3,peeringdb_us_facilities_20261006T160916Z.json,2024,15.99,eia_residential_electricity_price_2024_by_state.csv,state,3,2.50307733375109,100.0,0,complete_coverage,WRI Aqueduct 4.0 baseline_annual
39153,2024,OH,Summit County,70423.0,13.3,70449.0,3,peeringdb_us_facilities_20261006T160916Z.json,2024,15.99,eia_residential_electricity_price_2024_by_state.csv,state,3,2.159796395186108,100.0,0,complete_coverage,WRI Aqueduct 4.0 baseline_annual
39155,2024,OH,Trumbull County,26162.0,13.3,60389.0,0,peeringdb_us_facilities_20261006T160916Z.json,2024,15.99,eia_residential_electricity_price_2024_by_state.csv,state,0,,,0,no_listed_facilities,WRI Aqueduct 4.0 baseline_annual
39157,2024,OH,Tuscarawas County,10251.0,11.3,66524.0,0,peeringdb_us_facilities_20261006T160916Z.json,2024,15.99,eia_residential_electricity_price_2024_by_state.csv,state,0,,,0,no_listed_facilities,WRI Aqueduct 4.0 baseline_annual
39159,2024,OH,Union County,3631.0,5.3,119133.0,0,peeringdb_us_facilities_20261006T160916Z.json,2024,15.99,eia_residential_electricity_price_2024_by_state.csv,state,0,,,0,no_listed_facilities,WRI Aqueduct 4.0 baseline_annual
39161,2024,OH,Van Wert County,2522.0,8.9,72213.0,0,peeringdb_us_facilities_20261006T160916Z.json,2024,15.99,eia_residential_electricity_price_2024_by_state.csv,state,0,,,0,no_listed_facilities,WRI Aqueduct 4.0 baseline_annual
39163,2024,OH,Vinton County,2091.0,16.8,59038.0,0,peeringdb_us_facilities_20261006T160916Z.json,2024,15.99,eia_residential_electricity_price_2024_by_state.csv,state,0,,,0,no_listed_facilities,WRI Aqueduct 4.0 baseline_annual
39165,2024,OH,Warren County,16576.0,6.6,113333.0,2,peeringdb_us_facilities_20261006T160916Z.json,2024,15.99,eia_residential_electricity_price_2024_by_state.csv,state,2,0.0,100.0,0,complete_coverage,WRI Aqueduct 4.0 baseline_annual
39167,2024,OH,Washington County,7877.0,13.8,65321.0,0,peeringdb_us_facilities_20261006T160916Z.json,2024,15.99,eia_residential_electricity_price_2024_by_state.csv,state,0,,,0,no_listed_facilities,WRI Aqueduct 4.0 baseline_annual
39169,2024,OH,Wayne County,12787.0,11.3,72275.0,0,peeringdb_us_facilities_20261006T160916Z.json,2024,15.99,eia_residential_electricity_price_2024_by_state.csv,state,0,,,0,no_listed_facilities,WRI Aqueduct 4.0 baseline_annual
39171,2024,OH,Williams County,3647.0,10.3,63288.0,0,peeringdb_us_facilities_20261006T160916Z.json,2024,15.99,eia_residential_electricity_price_2024_by_state.csv,state,0,,,0,no_listed_facilities,WRI Aqueduct 4.0 baseline_annual
39173,2024,OH,Wood County,14006.0,11.0,77522.0,1,peeringdb_us_facilities_20261006T160916Z.json,2024,15.99,eia_residential_electricity_price_2024_by_state.csv,state,1,0.0,100.0,0,complete_coverage,WRI Aqueduct 4.0 baseline_annual
39175,2024,OH,Wyandot County,1985.0,9.4,63875.0,0,peeringdb_us_facilities_20261006T160916Z.json,2024,15.99,eia_residential_electricity_price_2024_by_state.csv,state,0,,,0,no_listed_facilities,WRI Aqueduct 4.0 baseline_annual
40001,2024,OK,Adair County,4388.0,22.4,48550.0,0,peeringdb_us_facilities_20261006T160916Z.json,2024,12.24,eia_residential_electricity_price_2024_by_state.csv,state,0,,,0,no_listed_facilities,WRI Aqueduct 4.0 baseline_annual
40003,2024,OK,Alfalfa County,819.0,18.1,63241.0,0,peeringdb_us_facilities_20261006T160916Z.json,2024,12.24,eia_residential_electricity_price_2024_by_state.csv,state,0,,,0,no_listed_facilities,WRI Aqueduct 4.0 baseline_annual
40005,2024,OK,Atoka County,2536.0,19.5,52248.0,0,peeringdb_us_facilities_20261006T160916Z.json,2024,12.24,eia_residential_electricity_price_2024_by_state.csv,state,0,,,0,no_listed_facilities,WRI Aqueduct 4.0 baseline_annual
40007,2024,OK,Beaver County,621.0,12.5,70555.0,0,peeringdb_us_facilities_20261006T160916Z.json,2024,12.24,eia_residential_electricity_price_2024_by_state.csv,state,0,,,0,no_listed_facilities,WRI Aqueduct 4.0 baseline_annual
40009,2024,OK,Beckham County,3989.0,20.2,57449.0,0,peeringdb_us_facilities_20261006T160916Z.json,2024,12.24,eia_residential_electricity_price_2024_by_state.csv,state,0,,,0,no_listed_facilities,WRI Aqueduct 4.0 baseline_annual
40011,2024,OK,Blaine County,1524.0,18.1,59556.0,0,peeringdb_us_facilities_20261006T160916Z.json,2024,12.24,eia_residential_electricity_price_2024_by_state.csv,state,0,,,0,no_listed_facilities,WRI Aqueduct 4.0 baseline_annual
40013,2024,OK,Bryan County,6961.0,14.2,60458.0,0,peeringdb_us_facilities_20261006T160916Z.json,2024,12.24,eia_residential_electricity_price_2024_by_state.csv,state,0,,,0,no_listed_facilities,WRI Aqueduct 4.0 baseline_annual
40015,2024,OK,Caddo County,4269.0,18.9,56389.0,0,peeringdb_us_facilities_20261006T160916Z.json,2024,12.24,eia_residential_electricity_price_2024_by_state.csv,state,0,,,0,no_listed_facilities,WRI Aqueduct 4.0 baseline_annual
40017,2024,OK,Canadian County,12381.0,6.9,91636.0,0,peeringdb_us_facilities_20261006T160916Z.json,2024,12.24,eia_residential_electricity_price_2024_by_state.csv,state,0,,,0,no_listed_facilities,WRI Aqueduct 4.0 baseline_annual
40019,2024,OK,Carter County,8163.0,16.8,60179.0,0,peeringdb_us_facilities_20261006T160916Z.json,2024,12.24,eia_residential_electricity_price_2024_by_state.csv,state,0,,,0,no_listed_facilities,WRI Aqueduct 4.0 baseline_annual
40021,2024,OK,Cherokee County,8367.0,17.8,54705.0,1,peeringdb_us_facilities_20261006T160916Z.json,2024,12.24,eia_residential_electricity_price_2024_by_state.csv,state,1,0.0,100.0,0,complete_coverage,WRI Aqueduct 4.0 baseline_annual
40023,2024,OK,Choctaw County,3695.0,26.4,39680.0,0,peeringdb_us_facilities_20261006T160916Z.json,2024,12.24,eia_residential_electricity_price_2024_by_state.csv,state,0,,,0,no_listed_facilities,WRI Aqueduct 4.0 baseline_annual
40025,2024,OK,Cimarron County,366.0,17.2,60094.0,0,peeringdb_us_facilities_20261006T160916Z.json,2024,12.24,eia_residential_electricity_price_2024_by_state.csv,state,0,,,0,no_listed_facilities,WRI Aqueduct 4.0 baseline_annual
40027,2024,OK,Cleveland County,34813.0,12.0,78643.0,0,peeringdb_us_facilities_20261006T160916Z.json,2024,12.24,eia_residential_electricity_price_2024_by_state.csv,state,0,,,0,no_listed_facilities,WRI Aqueduct 4.0 baseline_annual
40029,2024,OK,Coal County,996.0,18.6,50771.0,0,peeringdb_us_facilities_20261006T160916Z.json,2024,12.24,eia_residential_electricity_price_2024_by_state.csv,state,0,,,0,no_listed_facilities,WRI Aqueduct 4.0 baseline_annual
40031,2024,OK,Comanche County,18916.0,16.9,62306.0,0,peeringdb_us_facilities_20261006T160916Z.json,2024,12.24,eia_residential_electricity_price_2024_by_state.csv,state,0,,,0,no_listed_facilities,WRI Aqueduct 4.0 baseline_annual
40033,2024,OK,Cotton County,933.0,17.1,53567.0,0,peeringdb_us_facilities_20261006T160916Z.json,2024,12.24,eia_residential_electricity_price_2024_by_state.csv,state,0,,,0,no_listed_facilities,WRI Aqueduct 4.0 baseline_annual
40035,2024,OK,Craig County,2406.0,17.6,55309.0,0,peeringdb_us_facilities_20261006T160916Z.json,2024,12.24,eia_residential_electricity_price_2024_by_state.csv,state,0,,,0,no_listed_facilities,WRI Aqueduct 4.0 baseline_annual
40037,2024,OK,Creek County,11182.0,15.3,61799.0,0,peeringdb_us_facilities_20261006T160916Z.json,2024,12.24,eia_residential_electricity_price_2024_by_state.csv,state,0,,,0,no_listed_facilities,WRI Aqueduct 4.0 baseline_annual
40039,2024,OK,Custer County,4315.0,16.1,60435.0,0,peeringdb_us_facilities_20261006T160916Z.json,2024,12.24,eia_residential_electricity_price_2024_by_state.csv,state,0,,,0,no_listed_facilities,WRI Aqueduct 4.0 baseline_annual
40041,2024,OK,Delaware County,7553.0,18.3,53179.0,0,peeringdb_us_facilities_20261006T160916Z.json,2024,12.24,eia_residential_electricity_price_2024_by_state.csv,state,0,,,0,no_listed_facilities,WRI Aqueduct 4.0 baseline_annual
40043,2024,OK,Dewey County,540.0,12.9,65276.0,0,peeringdb_us_facilities_20261006T160916Z.json,2024,12.24,eia_residential_electricity_price_2024_by_state.csv,state,0,,,0,no_listed_facilities,WRI Aqueduct 4.0 baseline_annual
40045,2024,OK,Ellis County,453.0,12.8,65593.0,0,peeringdb_us_facilities_20261006T160916Z.json,2024,12.24,eia_residential_electricity_price_2024_by_state.csv,state,0,,,0,no_listed_facilities,WRI Aqueduct 4.0 baseline_annual
40047,2024,OK,Garfield County,7764.0,12.8,65358.0,0,peeringdb_us_facilities_20261006T160916Z.json,2024,12.24,eia_residential_electricity_price_2024_by_state.csv,state,0,,,0,no_listed_facilities,WRI Aqueduct 4.0 baseline_annual
40049,2024,OK,Garvin County,5031.0,19.4,56297.0,0,peeringdb_us_facilities_20261006T160916Z.json,2024,12.24,eia_residential_electricity_price_2024_by_state.csv,state,0,,,0,no_listed_facilities,WRI Aqueduct 4.0 baseline_annual
40051,2024,OK,Grady County,6707.0,11.9,74426.0,0,peeringdb_us_facilities_20261006T160916Z.json,2024,12.24,eia_residential_electricity_price_2024_by_state.csv,state,0,,,0,no_listed_facilities,WRI Aqueduct 4.0 baseline_annual
40053,2024,OK,Grant County,607.0,15.1,61169.0,0,peeringdb_us_facilities_20261006T160916Z.json,2024,12.24,eia_residential_electricity_price_2024_by_state.csv,state,0,,,0,no_listed_facilities,WRI Aqueduct 4.0 baseline_annual
40055,2024,OK,Greer County,1182.0,26.0,47060.0,0,peeringdb_us_facilities_20261006T160916Z.json,2024,12.24,eia_residential_electricity_price_2024_by_state.csv,state,0,,,0,no_listed_facilities,WRI Aqueduct 4.0 baseline_annual
40057,2024,OK,Harmon County,552.0,24.5,44893.0,0,peeringdb_us_facilities_20261006T160916Z.json,2024,12.24,eia_residential_electricity_price_2024_by_state.csv,state,0,,,0,no_listed_facilities,WRI Aqueduct 4.0 baseline_annual
40059,2024,OK,Harper County,355.0,11.2,66682.0,0,peeringdb_us_facilities_20261006T160916Z.json,2024,12.24,eia_residential_electricity_price_2024_by_state.csv,state,0,,,0,no_listed_facilities,WRI Aqueduct 4.0 baseline_annual
40061,2024,OK,Haskell County,2455.0,20.9,50066.0,0,peeringdb_us_facilities_20261006T160916Z.json,2024,12.24,eia_residential_electricity_price_2024_by_state.csv,state,0,,,0,no_listed_facilities,WRI Aqueduct 4.0 baseline_annual
40063,2024,OK,Hughes County,2594.0,22.4,52070.0,0,peeringdb_us_facilities_20261006T160916Z.json,2024,12.24,eia_residential_electricity_price_2024_by_state.csv,state,0,,,0,no_listed_facilities,WRI Aqueduct 4.0 baseline_annual
40065,2024,OK,Jackson County,3896.0,16.4,61097.0,0,peeringdb_us_facilities_20261006T160916Z.json,2024,12.24,eia_residential_electricity_price_2024_by_state.csv,state,0,,,0,no_listed_facilities,WRI Aqueduct 4.0 baseline_annual
40067,2024,OK,Jefferson County,1010.0,19.0,51511.0,0,peeringdb_us_facilities_20261006T160916Z.json,2024,12.24,eia_residential_electricity_price_2024_by_state.csv,state,0,,,0,no_listed_facilities,WRI Aqueduct 4.0 baseline_annual
40069,2024,OK,Johnston County,2124.0,21.5,49529.0,0,peeringdb_us_facilities_20261006T160916Z.json,2024,12.24,eia_residential_electricity_price_2024_by_state.csv,state,0,,,0,no_listed_facilities,WRI Aqueduct 4.0 baseline_annual
40071,2024,OK,Kay County,7117.0,16.8,57006.0,0,peeringdb_us_facilities_20261006T160916Z.json,2024,12.24,eia_residential_electricity_price_2024_by_state.csv,state,0,,,0,no_listed_facilities,WRI Aqueduct 4.0 baseline_annual
40073,2024,OK,Kingfisher County,1694.0,10.9,83475.0,0,peeringdb_us_facilities_20261006T160916Z.json,2024,12.24,eia_residential_electricity_price_2024_by_state.csv,state,0,,,0,no_listed_facilities,WRI Aqueduct 4.0 baseline_annual
40075,2024,OK,Kiowa County,1805.0,22.2,50300.0,0,peeringdb_us_facilities_20261006T160916Z.json,2024,12.24,eia_residential_electricity_price_2024_by_state.csv,state,0,,,0,no_listed_facilities,WRI Aqueduct 4.0 baseline_annual
40077,2024,OK,Latimer County,1944.0,21.1,47142.0,0,peeringdb_us_facilities_20261006T160916Z.json,2024,12.24,eia_residential_electricity_price_2024_by_state.csv,state,0,,,0,no_listed_facilities,WRI Aqueduct 4.0 baseline_annual
40079,2024,OK,Le Flore County,9231.0,19.2,52370.0,0,peeringdb_us_facilities_20261006T160916Z.json,2024,12.24,eia_residential_electricity_price_2024_by_state.csv,state,0,,,0,no_listed_facilities,WRI Aqueduct 4.0 baseline_annual
40081,2024,OK,Lincoln County,5947.0,17.2,63528.0,0,peeringdb_us_facilities_20261006T160916Z.json,2024,12.24,eia_residential_electricity_price_2024_by_state.csv,state,0,,,0,no_listed_facilities,WRI Aqueduct 4.0 baseline_annual
40083,2024,OK,Logan County,4861.0,9.3,81339.0,0,peeringdb_us_facilities_20261006T160916Z.json,2024,12.24,eia_residential_electricity_price_2024_by_state.csv,state,0,,,0,no_listed_facilities,WRI Aqueduct 4.0 baseline_annual
40085,2024,OK,Love County,1563.0,15.1,63781.0,0,peeringdb_us_facilities_20261006T160916Z.json,2024,12.24,eia_residential_electricity_price_2024_by_state.csv,state,0,,,0,no_listed_facilities,WRI Aqueduct 4.0 baseline_annual
40087,2024,OK,McClain County,4273.0,8.9,82649.0,0,peeringdb_us_facilities_20261006T160916Z.json,2024,12.24,eia_residential_electricity_price_2024_by_state.csv,state,0,,,0,no_listed_facilities,WRI Aqueduct 4.0 baseline_annual
40089,2024,OK,McCurtain County,6446.0,21.2,50467.0,0,peeringdb_us_facilities_20261006T160916Z.json,2024,12.24,eia_residential_electricity_price_2024_by_state.csv,state,0,,,0,no_listed_facilities,WRI Aqueduct 4.0 baseline_annual
40091,2024,OK,McIntosh County,3682.0,18.9,51124.0,0,peeringdb_us_facilities_20261006T160916Z.json,2024,12.24,eia_residential_electricity_price_2024_by_state.csv,state,0,,,0,no_listed_facilities,WRI Aqueduct 4.0 baseline_annual
40093,2024,OK,Major County,934.0,12.5,65653.0,0,peeringdb_us_facilities_20261006T160916Z.json,2024,12.24,eia_residential_electricity_price_2024_by_state.csv,state,0,,,0,no_listed_facilities,WRI Aqueduct 4.0 baseline_annual
40095,2024,OK,Marshall County,2319.0,14.6,58563.0,0,peeringdb_us_facilities_20261006T160916Z.json,2024,12.24,eia_residential_electricity_price_2024_by_state.csv,state,0,,,0,no_listed_facilities,WRI Aqueduct 4.0 baseline_annual
40097,2024,OK,Mayes County,5769.0,14.5,65597.0,0,peeringdb_us_facilities_20261006T160916Z.json,2024,12.24,eia_residential_electricity_price_2024_by_state.csv,state,0,,,0,no_listed_facilities,WRI Aqueduct 4.0 baseline_annual
40099,2024,OK,Murray County,1822.0,13.7,65183.0,0,peeringdb_us_facilities_20261006T160916Z.json,2024,12.24,eia_residential_electricity_price_2024_by_state.csv,state,0,,,0,no_listed_facilities,WRI Aqueduct 4.0 baseline_annual
40101,2024,OK,Muskogee County,12395.0,19.6,55536.0,0,peeringdb_us_facilities_20261006T160916Z.json,2024,12.24,eia_residential_electricity_price_2024_by_state.csv,state,0,,,0,no_listed_facilities,WRI Aqueduct 4.0 baseline_annual
40103,2024,OK,Noble County,1394.0,13.1,65288.0,0,peeringdb_us_facilities_20261006T160916Z.json,2024,12.24,eia_residential_electricity_price_2024_by_state.csv,state,0,,,0,no_listed_facilities,WRI Aqueduct 4.0 baseline_annual
40105,2024,OK,Nowata County,1451.0,15.3,55783.0,0,peeringdb_us_facilities_20261006T160916Z.json,2024,12.24,eia_residential_electricity_price_2024_by_state.csv,state,0,,,0,no_listed_facilities,WRI Aqueduct 4.0 baseline_annual
40107,2024,OK,Okfuskee County,2500.0,24.3,49016.0,0,peeringdb_us_facilities_20261006T160916Z.json,2024,12.24,eia_residential_electricity_price_2024_by_state.csv,state,0,,,0,no_listed_facilities,WRI Aqueduct 4.0 baseline_annual
40109,2024,OK,Oklahoma County,129962.0,16.2,68006.0,3,peeringdb_us_facilities_20261006T160916Z.json,2024,12.24,eia_residential_electricity_price_2024_by_state.csv,state,3,2.3917811012650545,100.0,0,complete_coverage,WRI Aqueduct 4.0 baseline_annual
40111,2024,OK,Okmulgee County,6997.0,19.6,52198.0,0,peeringdb_us_facilities_20261006T160916Z.json,2024,12.24,eia_residential_electricity_price_2024_by_state.csv,state,0,,,0,no_listed_facilities,WRI Aqueduct 4.0 baseline_annual
40113,2024,OK,Osage County,6899.0,15.3,68398.0,0,peeringdb_us_facilities_20261006T160916Z.json,2024,12.24,eia_residential_electricity_price_2024_by_state.csv,state,0,,,0,no_listed_facilities,WRI Aqueduct 4.0 baseline_annual
40115,2024,OK,Ottawa County,5637.0,19.2,52587.0,0,peeringdb_us_facilities_20261006T160916Z.json,2024,12.24,eia_residential_electricity_price_2024_by_state.csv,state,0,,,0,no_listed_facilities,WRI Aqueduct 4.0 baseline_annual
40117,2024,OK,Pawnee County,2780.0,17.5,57903.0,0,peeringdb_us_facilities_20261006T160916Z.json,2024,12.24,eia_residential_electricity_price_2024_by_state.csv,state,0,,,0,no_listed_facilities,WRI Aqueduct 4.0 baseline_annual
40119,2024,OK,Payne County,15197.0,20.3,54326.0,0,peeringdb_us_facilities_20261006T160916Z.json,2024,12.24,eia_residential_electricity_price_2024_by_state.csv,state,0,,,0,no_listed_facilities,WRI Aqueduct 4.0 baseline_annual
40121,2024,OK,Pittsburg County,7749.0,18.8,54668.0,0,peeringdb_us_facilities_20261006T160916Z.json,2024,12.24,eia_residential_electricity_price_2024_by_state.csv,state,0,,,0,no_listed_facilities,WRI Aqueduct 4.0 baseline_annual
40123,2024,OK,Pontotoc County,4936.0,13.2,60954.0,0,peeringdb_us_facilities_20261006T160916Z.json,2024,12.24,eia_residential_electricity_price_2024_by_state.csv,state,0,,,0,no_listed_facilities,WRI Aqueduct 4.0 baseline_annual
40125,2024,OK,Pottawatomie County,12006.0,16.9,61709.0,0,peeringdb_us_facilities_20261006T160916Z.json,2024,12.24,eia_residential_electricity_price_2024_by_state.csv,state,0,,,0,no_listed_facilities,WRI Aqueduct 4.0 baseline_annual
40127,2024,OK,Pushmataha County,2005.0,18.8,48392.0,0,peeringdb_us_facilities_20261006T160916Z.json,2024,12.24,eia_residential_electricity_price_2024_by_state.csv,state,0,,,0,no_listed_facilities,WRI Aqueduct 4.0 baseline_annual
40129,2024,OK,Roger Mills County,463.0,14.1,77451.0,0,peeringdb_us_facilities_20261006T160916Z.json,2024,12.24,eia_residential_electricity_price_2024_by_state.csv,state,0,,,0,no_listed_facilities,WRI Aqueduct 4.0 baseline_annual
40131,2024,OK,Rogers County,7896.0,7.9,81443.0,0,peeringdb_us_facilities_20261006T160916Z.json,2024,12.24,eia_residential_electricity_price_2024_by_state.csv,state,0,,,0,no_listed_facilities,WRI Aqueduct 4.0 baseline_annual
40133,2024,OK,Seminole County,4464.0,19.7,50893.0,0,peeringdb_us_facilities_20261006T160916Z.json,2024,12.24,eia_residential_electricity_price_2024_by_state.csv,state,0,,,0,no_listed_facilities,WRI Aqueduct 4.0 baseline_annual
40135,2024,OK,Sequoyah County,7859.0,19.6,52486.0,0,peeringdb_us_facilities_20261006T160916Z.json,2024,12.24,eia_residential_electricity_price_2024_by_state.csv,state,0,,,0,no_listed_facilities,WRI Aqueduct 4.0 baseline_annual
40137,2024,OK,Stephens County,6985.0,16.1,59105.0,0,peeringdb_us_facilities_20261006T160916Z.json,2024,12.24,eia_residential_electricity_price_2024_by_state.csv,state,0,,,0,no_listed_facilities,WRI Aqueduct 4.0 baseline_annual
40139,2024,OK,Texas County,2724.0,13.5,68754.0,0,peeringdb_us_facilities_20261006T160916Z.json,2024,12.24,eia_residential_electricity_price_2024_by_state.csv,state,0,,,0,no_listed_facilities,WRI Aqueduct 4.0 baseline_annual
40141,2024,OK,Tillman County,1472.0,22.2,47148.0,0,peeringdb_us_facilities_20261006T160916Z.json,2024,12.24,eia_residential_electricity_price_2024_by_state.csv,state,0,,,0,no_listed_facilities,WRI Aqueduct 4.0 baseline_annual
40143,2024,OK,Tulsa County,90357.0,13.3,70089.0,7,peeringdb_us_facilities_20261006T160916Z.json,2024,12.24,eia_residential_electricity_price_2024_by_state.csv,state,7,2.0791809120235896,100.0,0,complete_coverage,WRI Aqueduct 4.0 baseline_annual
40145,2024,OK,Wagoner County,7838.0,8.6,82745.0,0,peeringdb_us_facilities_20261006T160916Z.json,2024,12.24,eia_residential_electricity_price_2024_by_state.csv,state,0,,,0,no_listed_facilities,WRI Aqueduct 4.0 baseline_annual
40147,2024,OK,Washington County,7278.0,13.8,67652.0,0,peeringdb_us_facilities_20261006T160916Z.json,2024,12.24,eia_residential_electricity_price_2024_by_state.csv,state,0,,,0,no_listed_facilities,WRI Aqueduct 4.0 baseline_annual
40149,2024,OK,Washita County,1732.0,16.3,59351.0,0,peeringdb_us_facilities_20261006T160916Z.json,2024,12.24,eia_residential_electricity_price_2024_by_state.csv,state,0,,,0,no_listed_facilities,WRI Aqueduct 4.0 baseline_annual
40151,2024,OK,Woods County,1127.0,14.9,65351.0,0,peeringdb_us_facilities_20261006T160916Z.json,2024,12.24,eia_residential_electricity_price_2024_by_state.csv,state,0,,,0,no_listed_facilities,WRI Aqueduct 4.0 baseline_annual
40153,2024,OK,Woodward County,2786.0,15.0,62279.0,0,peeringdb_us_facilities_20261006T160916Z.json,2024,12.24,eia_residential_electricity_price_2024_by_state.csv,state,0,,,0,no_listed_facilities,WRI Aqueduct 4.0 baseline_annual
41001,2024,OR,Baker County,2221.0,13.6,61369.0,0,peeringdb_us_facilities_20261006T160916Z.json,2024,14.7,eia_residential_electricity_price_2024_by_state.csv,state,0,,,0,no_listed_facilities,WRI Aqueduct 4.0 baseline_annual
41003,2024,OR,Benton County,13309.0,14.3,79863.0,1,peeringdb_us_facilities_20261006T160916Z.json,2024,14.7,eia_residential_electricity_price_2024_by_state.csv,state,1,0.0,100.0,0,complete_coverage,WRI Aqueduct 4.0 baseline_annual
41005,2024,OR,Clackamas County,34309.0,8.1,103479.0,2,peeringdb_us_facilities_20261006T160916Z.json,2024,14.7,eia_residential_electricity_price_2024_by_state.csv,state,2,0.0,100.0,0,complete_coverage,WRI Aqueduct 4.0 baseline_annual
41007,2024,OR,Clatsop County,5397.0,13.3,76494.0,0,peeringdb_us_facilities_20261006T160916Z.json,2024,14.7,eia_residential_electricity_price_2024_by_state.csv,state,0,,,0,no_listed_facilities,WRI Aqueduct 4.0 baseline_annual
41009,2024,OR,Columbia County,5267.0,9.8,88138.0,0,peeringdb_us_facilities_20261006T160916Z.json,2024,14.7,eia_residential_electricity_price_2024_by_state.csv,state,0,,,0,no_listed_facilities,WRI Aqueduct 4.0 baseline_annual
41011,2024,OR,Coos County,10565.0,16.8,60914.0,0,peeringdb_us_facilities_20261006T160916Z.json,2024,14.7,eia_residential_electricity_price_2024_by_state.csv,state,0,,,0,no_listed_facilities,WRI Aqueduct 4.0 baseline_annual
41013,2024,OR,Crook County,3080.0,11.3,76704.0,0,peeringdb_us_facilities_20261006T160916Z.json,2024,14.7,eia_residential_electricity_price_2024_by_state.csv,state,0,,,0,no_listed_facilities,WRI Aqueduct 4.0 baseline_annual
41015,2024,OR,Curry County,3718.0,16.4,56805.0,1,peeringdb_us_facilities_20261006T160916Z.json,2024,14.7,eia_residential_electricity_price_2024_by_state.csv,state,1,0.0,100.0,0,complete_coverage,WRI Aqueduct 4.0 baseline_annual
41017,2024,OR,Deschutes County,15728.0,7.5,99705.0,3,peeringdb_us_facilities_20261006T160916Z.json,2024,14.7,eia_residential_electricity_price_2024_by_state.csv,state,3,1.980074898241816,100.0,0,complete_coverage,WRI Aqueduct 4.0 baseline_annual
41019,2024,OR,Douglas County,16334.0,14.7,61341.0,0,peeringdb_us_facilities_20261006T160916Z.json,2024,14.7,eia_residential_electricity_price_2024_by_state.csv,state,0,,,0,no_listed_facilities,WRI Aqueduct 4.0 baseline_annual
41021,2024,OR,Gilliam County,222.0,11.5,76759.0,0,peeringdb_us_facilities_20261006T160916Z.json,2024,14.7,eia_residential_electricity_price_2024_by_state.csv,state,0,,,0,no_listed_facilities,WRI Aqueduct 4.0 baseline_annual
41023,2024,OR,Grant County,938.0,13.4,61302.0,0,peeringdb_us_facilities_20261006T160916Z.json,2024,14.7,eia_residential_electricity_price_2024_by_state.csv,state,0,,,0,no_listed_facilities,WRI Aqueduct 4.0 baseline_annual
41025,2024,OR,Harney County,1040.0,14.3,59576.0,0,peeringdb_us_facilities_20261006T160916Z.json,2024,14.7,eia_residential_electricity_price_2024_by_state.csv,state,0,,,0,no_listed_facilities,WRI Aqueduct 4.0 baseline_annual
41027,2024,OR,Hood River County,2539.0,10.8,85628.0,0,peeringdb_us_facilities_20261006T160916Z.json,2024,14.7,eia_residential_electricity_price_2024_by_state.csv,state,0,,,0,no_listed_facilities,WRI Aqueduct 4.0 baseline_annual
41029,2024,OR,Jackson County,27506.0,12.6,73899.0,1,peeringdb_us_facilities_20261006T160916Z.json,2024,14.7,eia_residential_electricity_price_2024_by_state.csv,state,1,0.3444246396059801,100.0,0,complete_coverage,WRI Aqueduct 4.0 baseline_annual
41031,2024,OR,Jefferson County,3354.0,13.7,69959.0,0,peeringdb_us_facilities_20261006T160916Z.json,2024,14.7,eia_residential_electricity_price_2024_by_state.csv,state,0,,,0,no_listed_facilities,WRI Aqueduct 4.0 baseline_annual
41033,2024,OR,Josephine County,12040.0,13.8,60157.0,0,peeringdb_us_facilities_20261006T160916Z.json,2024,14.7,eia_residential_electricity_price_2024_by_state.csv,state,0,,,0,no_listed_facilities,WRI Aqueduct 4.0 baseline_annual
41035,2024,OR,Klamath County,11479.0,16.6,64076.0,0,peeringdb_us_facilities_20261006T160916Z.json,2024,14.7,eia_residential_electricity_price_2024_by_state.csv,state,0,,,0,no_listed_facilities,WRI Aqueduct 4.0 baseline_annual
41037,2024,OR,Lake County,1363.0,17.8,63181.0,0,peeringdb_us_facilities_20261006T160916Z.json,2024,14.7,eia_residential_electricity_price_2024_by_state.csv,state,0,,,0,no_listed_facilities,WRI Aqueduct 4.0 baseline_annual
41039,2024,OR,Lane County,54647.0,14.6,73137.0,3,peeringdb_us_facilities_20261006T160916Z.json,2024,14.7,eia_residential_electricity_price_2024_by_state.csv,state,3,0.0,100.0,0,complete_coverage,WRI Aqueduct 4.0 baseline_annual
41041,2024,OR,Lincoln County,8177.0,16.3,65436.0,0,peeringdb_us_facilities_20261006T160916Z.json,2024,14.7,eia_residential_electricity_price_2024_by_state.csv,state,0,,,0,no_listed_facilities,WRI Aqueduct 4.0 baseline_annual
41043,2024,OR,Linn County,16759.0,12.8,77936.0,0,peeringdb_us_facilities_20261006T160916Z.json,2024,14.7,eia_residential_electricity_price_2024_by_state.csv,state,0,,,0,no_listed_facilities,WRI Aqueduct 4.0 baseline_annual
41045,2024,OR,Malheur County,5379.0,18.5,60814.0,0,peeringdb_us_facilities_20261006T160916Z.json,2024,14.7,eia_residential_electricity_price_2024_by_state.csv,state,0,,,0,no_listed_facilities,WRI Aqueduct 4.0 baseline_annual
41047,2024,OR,Marion County,40878.0,11.9,80192.0,0,peeringdb_us_facilities_20261006T160916Z.json,2024,14.7,eia_residential_electricity_price_2024_by_state.csv,state,0,,,0,no_listed_facilities,WRI Aqueduct 4.0 baseline_annual
41049,2024,OR,Morrow County,1421.0,11.5,77596.0,0,peeringdb_us_facilities_20261006T160916Z.json,2024,14.7,eia_residential_electricity_price_2024_by_state.csv,state,0,,,0,no_listed_facilities,WRI Aqueduct 4.0 baseline_annual
41051,2024,OR,Multnomah County,99443.0,12.7,90423.0,8,peeringdb_us_facilities_20261006T160916Z.json,2024,14.7,eia_residential_electricity_price_2024_by_state.csv,state,8,0.0,100.0,0,complete_coverage,WRI Aqueduct 4.0 baseline_annual
41053,2024,OR,Polk County,9343.0,10.6,94166.0,0,peeringdb_us_facilities_20261006T160916Z.json,2024,14.7,eia_residential_electricity_price_2024_by_state.csv,state,0,,,0,no_listed_facilities,WRI Aqueduct 4.0 baseline_annual
41055,2024,OR,Sherman County,281.0,14.1,68339.0,0,peeringdb_us_facilities_20261006T160916Z.json,2024,14.7,eia_residential_electricity_price_2024_by_state.csv,state,0,,,0,no_listed_facilities,WRI Aqueduct 4.0 baseline_annual
41057,2024,OR,Tillamook County,4147.0,15.4,66296.0,0,peeringdb_us_facilities_20261006T160916Z.json,2024,14.7,eia_residential_electricity_price_2024_by_state.csv,state,0,,,0,no_listed_facilities,WRI Aqueduct 4.0 baseline_annual
41059,2024,OR,Umatilla County,9472.0,12.4,67908.0,0,peeringdb_us_facilities_20261006T160916Z.json,2024,14.7,eia_residential_electricity_price_2024_by_state.csv,state,0,,,0,no_listed_facilities,WRI Aqueduct 4.0 baseline_annual
41061,2024,OR,Union County,3656.0,14.3,67339.0,0,peeringdb_us_facilities_20261006T160916Z.json,2024,14.7,eia_residential_electricity_price_2024_by_state.csv,state,0,,,0,no_listed_facilities,WRI Aqueduct 4.0 baseline_annual
41063,2024,OR,Wallowa County,873.0,11.7,67150.0,0,peeringdb_us_facilities_20261006T160916Z.json,2024,14.7,eia_residential_electricity_price_2024_by_state.csv,state,0,,,0,no_listed_facilities,WRI Aqueduct 4.0 baseline_annual
41065,2024,OR,Wasco County,3320.0,12.8,63941.0,0,peeringdb_us_facilities_20261006T160916Z.json,2024,14.7,eia_residential_electricity_price_2024_by_state.csv,state,0,,,0,no_listed_facilities,WRI Aqueduct 4.0 baseline_annual
41067,2024,OR,Washington County,50484.0,8.4,107040.0,18,peeringdb_us_facilities_20261006T160916Z.json,2024,14.7,eia_residential_electricity_price_2024_by_state.csv,state,18,0.0,100.0,0,complete_coverage,WRI Aqueduct 4.0 baseline_annual
41069,2024,OR,Wheeler County,246.0,17.1,54011.0,0,peeringdb_us_facilities_20261006T160916Z.json,2024,14.7,eia_residential_electricity_price_2024_by_state.csv,state,0,,,0,no_listed_facilities,WRI Aqueduct 4.0 baseline_annual
41071,2024,OR,Yamhill County,10429.0,9.9,92193.0,0,peeringdb_us_facilities_20261006T160916Z.json,2024,14.7,eia_residential_electricity_price_2024_by_state.csv,state,0,,,0,no_listed_facilities,WRI Aqueduct 4.0 baseline_annual
42001,2024,PA,Adams County,7949.0,7.7,85854.0,0,peeringdb_us_facilities_20261006T160916Z.json,2024,17.77,eia_residential_electricity_price_2024_by_state.csv,state,0,,,0,no_listed_facilities,WRI Aqueduct 4.0 baseline_annual
42003,2024,PA,Allegheny County,139405.0,11.7,80878.0,13,peeringdb_us_facilities_20261006T160916Z.json,2024,17.77,eia_residential_electricity_price_2024_by_state.csv,state,13,1.0469904649328285,100.0,0,complete_coverage,WRI Aqueduct 4.0 baseline_annual
42005,2024,PA,Armstrong County,7836.0,12.4,63472.0,1,peeringdb_us_facilities_20261006T160916Z.json,2024,17.77,eia_residential_electricity_price_2024_by_state.csv,state,1,1.1115572080998946,100.0,0,complete_coverage,WRI Aqueduct 4.0 baseline_annual
42007,2024,PA,Beaver County,18273.0,11.2,73077.0,0,peeringdb_us_facilities_20261006T160916Z.json,2024,17.77,eia_residential_electricity_price_2024_by_state.csv,state,0,,,0,no_listed_facilities,WRI Aqueduct 4.0 baseline_annual
42009,2024,PA,Bedford County,5515.0,11.7,59645.0,0,peeringdb_us_facilities_20261006T160916Z.json,2024,17.77,eia_residential_electricity_price_2024_by_state.csv,state,0,,,0,no_listed_facilities,WRI Aqueduct 4.0 baseline_annual
42011,2024,PA,Berks County,54537.0,12.8,78176.0,2,peeringdb_us_facilities_20261006T160916Z.json,2024,17.77,eia_residential_electricity_price_2024_by_state.csv,state,2,2.830392351967968,100.0,0,complete_coverage,WRI Aqueduct 4.0 baseline_annual
42013,2024,PA,Blair County,13967.0,12.0,65984.0,0,peeringdb_us_facilities_20261006T160916Z.json,2024,17.77,eia_residential_electricity_price_2024_by_state.csv,state,0,,,0,no_listed_facilities,WRI Aqueduct 4.0 baseline_annual
42015,2024,PA,Bradford County,6850.0,11.6,62009.0,0,peeringdb_us_facilities_20261006T160916Z.json,2024,17.77,eia_residential_electricity_price_2024_by_state.csv,state,0,,,0,no_listed_facilities,WRI Aqueduct 4.0 baseline_annual
42017,2024,PA,Bucks County,39278.0,6.1,112331.0,0,peeringdb_us_facilities_20261006T160916Z.json,2024,17.77,eia_residential_electricity_price_2024_by_state.csv,state,0,,,0,no_listed_facilities,WRI Aqueduct 4.0 baseline_annual
42019,2024,PA,Butler County,15200.0,7.9,95450.0,2,peeringdb_us_facilities_20261006T160916Z.json,2024,17.77,eia_residential_electricity_price_2024_by_state.csv,state,2,0.0758346004678294,100.0,0,complete_coverage,WRI Aqueduct 4.0 baseline_annual
42021,2024,PA,Cambria County,18100.0,14.5,61223.0,0,peeringdb_us_facilities_20261006T160916Z.json,2024,17.77,eia_residential_electricity_price_2024_by_state.csv,state,0,,,0,no_listed_facilities,WRI Aqueduct 4.0 baseline_annual
42023,2024,PA,Cameron County,548.0,12.7,56595.0,0,peeringdb_us_facilities_20261006T160916Z.json,2024,17.77,eia_residential_electricity_price_2024_by_state.csv,state,0,,,0,no_listed_facilities,WRI Aqueduct 4.0 baseline_annual
42025,2024,PA,Carbon County,7294.0,11.3,66998.0,0,peeringdb_us_facilities_20261006T160916Z.json,2024,17.77,eia_residential_electricity_price_2024_by_state.csv,state,0,,,0,no_listed_facilities,WRI Aqueduct 4.0 baseline_annual
42027,2024,PA,Centre County,20042.0,14.3,76524.0,0,peeringdb_us_facilities_20261006T160916Z.json,2024,17.77,eia_residential_electricity_price_2024_by_state.csv,state,0,,,0,no_listed_facilities,WRI Aqueduct 4.0 baseline_annual
42029,2024,PA,Chester County,34512.0,6.4,130877.0,0,peeringdb_us_facilities_20261006T160916Z.json,2024,17.77,eia_residential_electricity_price_2024_by_state.csv,state,0,,,0,no_listed_facilities,WRI Aqueduct 4.0 baseline_annual
42031,2024,PA,Clarion County,4119.0,11.8,60755.0,0,peeringdb_us_facilities_20261006T160916Z.json,2024,17.77,eia_residential_electricity_price_2024_by_state.csv,state,0,,,0,no_listed_facilities,WRI Aqueduct 4.0 baseline_annual
42033,2024,PA,Clearfield County,10898.0,14.9,61276.0,0,peeringdb_us_facilities_20261006T160916Z.json,2024,17.77,eia_residential_electricity_price_2024_by_state.csv,state,0,,,0,no_listed_facilities,WRI Aqueduct 4.0 baseline_annual
42035,2024,PA,Clinton County,5298.0,14.8,65983.0,0,peeringdb_us_facilities_20261006T160916Z.json,2024,17.77,eia_residential_electricity_price_2024_by_state.csv,state,0,,,0,no_listed_facilities,WRI Aqueduct 4.0 baseline_annual
42037,2024,PA,Columbia County,8340.0,13.5,65026.0,0,peeringdb_us_facilities_20261006T160916Z.json,2024,17.77,eia_residential_electricity_price_2024_by_state.csv,state,0,,,0,no_listed_facilities,WRI Aqueduct 4.0 baseline_annual
42039,2024,PA,Crawford County,13187.0,16.8,58757.0,0,peeringdb_us_facilities_20261006T160916Z.json,2024,17.77,eia_residential_electricity_price_2024_by_state.csv,state,0,,,0,no_listed_facilities,WRI Aqueduct 4.0 baseline_annual
42041,2024,PA,Cumberland County,21126.0,8.1,90939.0,0,peeringdb_us_facilities_20261006T160916Z.json,2024,17.77,eia_residential_electricity_price_2024_by_state.csv,state,0,,,0,no_listed_facilities,WRI Aqueduct 4.0 baseline_annual
42043,2024,PA,Dauphin County,37159.0,13.0,72875.0,0,peeringdb_us_facilities_20261006T160916Z.json,2024,17.77,eia_residential_electricity_price_2024_by_state.csv,state,0,,,0,no_listed_facilities,WRI Aqueduct 4.0 baseline_annual
42045,2024,PA,Delaware County,59954.0,10.7,90113.0,0,peeringdb_us_facilities_20261006T160916Z.json,2024,17.77,eia_residential_electricity_price_2024_by_state.csv,state,0,,,0,no_listed_facilities,WRI Aqueduct 4.0 baseline_annual
42047,2024,PA,Elk County,2983.0,10.0,66741.0,0,peeringdb_us_facilities_20261006T160916Z.json,2024,17.77,eia_residential_electricity_price_2024_by_state.csv,state,0,,,0,no_listed_facilities,WRI Aqueduct 4.0 baseline_annual
42049,2024,PA,Erie County,37440.0,14.7,63912.0,0,peeringdb_us_facilities_20261006T160916Z.json,2024,17.77,eia_residential_electricity_price_2024_by_state.csv,state,0,,,0,no_listed_facilities,WRI Aqueduct 4.0 baseline_annual
42051,2024,PA,Fayette County,17690.0,14.7,60039.0,0,peeringdb_us_facilities_20261006T160916Z.json,2024,17.77,eia_residential_electricity_price_2024_by_state.csv,state,0,,,0,no_listed_facilities,WRI Aqueduct 4.0 baseline_annual
42053,2024,PA,Forest County,900.0,22.8,55213.0,0,peeringdb_us_facilities_20261006T160916Z.json,2024,17.77,eia_residential_electricity_price_2024_by_state.csv,state,0,,,0,no_listed_facilities,WRI Aqueduct 4.0 baseline_annual
42055,2024,PA,Franklin County,14596.0,9.3,75061.0,0,peeringdb_us_facilities_20261006T160916Z.json,2024,17.77,eia_residential_electricity_price_2024_by_state.csv,state,0,,,0,no_listed_facilities,WRI Aqueduct 4.0 baseline_annual
42057,2024,PA,Fulton County,1521.0,10.7,69381.0,0,peeringdb_us_facilities_20261006T160916Z.json,2024,17.77,eia_residential_electricity_price_2024_by_state.csv,state,0,,,0,no_listed_facilities,WRI Aqueduct 4.0 baseline_annual
42059,2024,PA,Greene County,5516.0,17.7,63608.0,0,peeringdb_us_facilities_20261006T160916Z.json,2024,17.77,eia_residential_electricity_price_2024_by_state.csv,state,0,,,0,no_listed_facilities,WRI Aqueduct 4.0 baseline_annual
42061,2024,PA,Huntingdon County,4131.0,10.7,66355.0,0,peeringdb_us_facilities_20261006T160916Z.json,2024,17.77,eia_residential_electricity_price_2024_by_state.csv,state,0,,,0,no_listed_facilities,WRI Aqueduct 4.0 baseline_annual
42063,2024,PA,Indiana County,12365.0,16.0,61768.0,0,peeringdb_us_facilities_20261006T160916Z.json,2024,17.77,eia_residential_electricity_price_2024_by_state.csv,state,0,,,0,no_listed_facilities,WRI Aqueduct 4.0 baseline_annual
42065,2024,PA,Jefferson County,4932.0,11.6,61167.0,0,peeringdb_us_facilities_20261006T160916Z.json,2024,17.77,eia_residential_electricity_price_2024_by_state.csv,state,0,,,0,no_listed_facilities,WRI Aqueduct 4.0 baseline_annual
42067,2024,PA,Juniata County,2233.0,9.7,71150.0,0,peeringdb_us_facilities_20261006T160916Z.json,2024,17.77,eia_residential_electricity_price_2024_by_state.csv,state,0,,,0,no_listed_facilities,WRI Aqueduct 4.0 baseline_annual
42069,2024,PA,Lackawanna County,31082.0,14.9,67341.0,0,peeringdb_us_facilities_20261006T160916Z.json,2024,17.77,eia_residential_electricity_price_2024_by_state.csv,state,0,,,0,no_listed_facilities,WRI Aqueduct 4.0 baseline_annual
42071,2024,PA,Lancaster County,41846.0,7.7,85829.0,0,peeringdb_us_facilities_20261006T160916Z.json,2024,17.77,eia_residential_electricity_price_2024_by_state.csv,state,0,,,0,no_listed_facilities,WRI Aqueduct 4.0 baseline_annual
42073,2024,PA,Lawrence County,11770.0,14.3,59609.0,0,peeringdb_us_facilities_20261006T160916Z.json,2024,17.77,eia_residential_electricity_price_2024_by_state.csv,state,0,,,0,no_listed_facilities,WRI Aqueduct 4.0 baseline_annual
42075,2024,PA,Lebanon County,13413.0,9.5,74200.0,0,peeringdb_us_facilities_20261006T160916Z.json,2024,17.77,eia_residential_electricity_price_2024_by_state.csv,state,0,,,0,no_listed_facilities,WRI Aqueduct 4.0 baseline_annual
42077,2024,PA,Lehigh County,41820.0,11.1,80820.0,2,peeringdb_us_facilities_20261006T160916Z.json,2024,17.77,eia_residential_electricity_price_2024_by_state.csv,state,2,2.830392351967968,100.0,0,complete_coverage,WRI Aqueduct 4.0 baseline_annual
42079,2024,PA,Luzerne County,42939.0,13.4,66221.0,0,peeringdb_us_facilities_20261006T160916Z.json,2024,17.77,eia_residential_electricity_price_2024_by_state.csv,state,0,,,0,no_listed_facilities,WRI Aqueduct 4.0 baseline_annual
42081,2024,PA,Lycoming County,16235.0,15.1,61034.0,0,peeringdb_us_facilities_20261006T160916Z.json,2024,17.77,eia_residential_electricity_price_2024_by_state.csv,state,0,,,0,no_listed_facilities,WRI Aqueduct 4.0 baseline_annual
42083,2024,PA,Mc Kean County,5234.0,14.3,59147.0,0,peeringdb_us_facilities_20261006T160916Z.json,2024,17.77,eia_residential_electricity_price_2024_by_state.csv,state,0,,,0,no_listed_facilities,WRI Aqueduct 4.0 baseline_annual
42085,2024,PA,Mercer County,13396.0,13.1,61006.0,0,peeringdb_us_facilities_20261006T160916Z.json,2024,17.77,eia_residential_electricity_price_2024_by_state.csv,state,0,,,0,no_listed_facilities,WRI Aqueduct 4.0 baseline_annual
42087,2024,PA,Mifflin County,5671.0,12.5,64972.0,0,peeringdb_us_facilities_20261006T160916Z.json,2024,17.77,eia_residential_electricity_price_2024_by_state.csv,state,0,,,0,no_listed_facilities,WRI Aqueduct 4.0 baseline_annual
42089,2024,PA,Monroe County,17643.0,10.8,76974.0,0,peeringdb_us_facilities_20261006T160916Z.json,2024,17.77,eia_residential_electricity_price_2024_by_state.csv,state,0,,,0,no_listed_facilities,WRI Aqueduct 4.0 baseline_annual
42091,2024,PA,Montgomery County,53246.0,6.2,111915.0,3,peeringdb_us_facilities_20261006T160916Z.json,2024,17.77,eia_residential_electricity_price_2024_by_state.csv,state,3,2.830392351967968,100.0,0,complete_coverage,WRI Aqueduct 4.0 baseline_annual
42093,2024,PA,Montour County,1716.0,9.8,78039.0,0,peeringdb_us_facilities_20261006T160916Z.json,2024,17.77,eia_residential_electricity_price_2024_by_state.csv,state,0,,,0,no_listed_facilities,WRI Aqueduct 4.0 baseline_annual
42095,2024,PA,Northampton County,26940.0,8.8,89712.0,3,peeringdb_us_facilities_20261006T160916Z.json,2024,17.77,eia_residential_electricity_price_2024_by_state.csv,state,3,2.830392351967968,100.0,0,complete_coverage,WRI Aqueduct 4.0 baseline_annual
42097,2024,PA,Northumberland County,12363.0,14.2,61984.0,0,peeringdb_us_facilities_20261006T160916Z.json,2024,17.77,eia_residential_electricity_price_2024_by_state.csv,state,0,,,0,no_listed_facilities,WRI Aqueduct 4.0 baseline_annual
42099,2024,PA,Perry County,3978.0,8.6,77074.0,0,peeringdb_us_facilities_20261006T160916Z.json,2024,17.77,eia_residential_electricity_price_2024_by_state.csv,state,0,,,0,no_listed_facilities,WRI Aqueduct 4.0 baseline_annual
42101,2024,PA,Philadelphia County,299377.0,19.7,60500.0,14,peeringdb_us_facilities_20261006T160916Z.json,2024,17.77,eia_residential_electricity_price_2024_by_state.csv,state,14,2.830392351967968,100.0,0,complete_coverage,WRI Aqueduct 4.0 baseline_annual
42103,2024,PA,Pike County,6100.0,9.9,81717.0,0,peeringdb_us_facilities_20261006T160916Z.json,2024,17.77,eia_residential_electricity_price_2024_by_state.csv,state,0,,,0,no_listed_facilities,WRI Aqueduct 4.0 baseline_annual
42105,2024,PA,Potter County,2193.0,13.9,56229.0,0,peeringdb_us_facilities_20261006T160916Z.json,2024,17.77,eia_residential_electricity_price_2024_by_state.csv,state,0,,,0,no_listed_facilities,WRI Aqueduct 4.0 baseline_annual
42107,2024,PA,Schuylkill County,17197.0,12.5,68552.0,0,peeringdb_us_facilities_20261006T160916Z.json,2024,17.77,eia_residential_electricity_price_2024_by_state.csv,state,0,,,0,no_listed_facilities,WRI Aqueduct 4.0 baseline_annual
42109,2024,PA,Snyder County,4459.0,12.0,65157.0,0,peeringdb_us_facilities_20261006T160916Z.json,2024,17.77,eia_residential_electricity_price_2024_by_state.csv,state,0,,,0,no_listed_facilities,WRI Aqueduct 4.0 baseline_annual
42111,2024,PA,Somerset County,8378.0,12.4,62644.0,0,peeringdb_us_facilities_20261006T160916Z.json,2024,17.77,eia_residential_electricity_price_2024_by_state.csv,state,0,,,0,no_listed_facilities,WRI Aqueduct 4.0 baseline_annual
42113,2024,PA,Sullivan County,732.0,12.8,67001.0,0,peeringdb_us_facilities_20261006T160916Z.json,2024,17.77,eia_residential_electricity_price_2024_by_state.csv,state,0,,,0,no_listed_facilities,WRI Aqueduct 4.0 baseline_annual
42115,2024,PA,Susquehanna County,4550.0,12.1,69771.0,0,peeringdb_us_facilities_20261006T160916Z.json,2024,17.77,eia_residential_electricity_price_2024_by_state.csv,state,0,,,0,no_listed_facilities,WRI Aqueduct 4.0 baseline_annual
42117,2024,PA,Tioga County,4483.0,11.4,63734.0,0,peeringdb_us_facilities_20261006T160916Z.json,2024,17.77,eia_residential_electricity_price_2024_by_state.csv,state,0,,,0,no_listed_facilities,WRI Aqueduct 4.0 baseline_annual
42119,2024,PA,Union County,3824.0,10.8,74727.0,0,peeringdb_us_facilities_20261006T160916Z.json,2024,17.77,eia_residential_electricity_price_2024_by_state.csv,state,0,,,0,no_listed_facilities,WRI Aqueduct 4.0 baseline_annual
42121,2024,PA,Venango County,6426.0,13.2,59729.0,0,peeringdb_us_facilities_20261006T160916Z.json,2024,17.77,eia_residential_electricity_price_2024_by_state.csv,state,0,,,0,no_listed_facilities,WRI Aqueduct 4.0 baseline_annual
42123,2024,PA,Warren County,3702.0,10.1,61919.0,0,peeringdb_us_facilities_20261006T160916Z.json,2024,17.77,eia_residential_electricity_price_2024_by_state.csv,state,0,,,0,no_listed_facilities,WRI Aqueduct 4.0 baseline_annual
42125,2024,PA,Washington County,21104.0,10.3,76961.0,0,peeringdb_us_facilities_20261006T160916Z.json,2024,17.77,eia_residential_electricity_price_2024_by_state.csv,state,0,,,0,no_listed_facilities,WRI Aqueduct 4.0 baseline_annual
42127,2024,PA,Wayne County,6281.0,13.0,67672.0,0,peeringdb_us_facilities_20261006T160916Z.json,2024,17.77,eia_residential_electricity_price_2024_by_state.csv,state,0,,,0,no_listed_facilities,WRI Aqueduct 4.0 baseline_annual
42129,2024,PA,Westmoreland County,36134.0,10.5,75550.0,0,peeringdb_us_facilities_20261006T160916Z.json,2024,17.77,eia_residential_electricity_price_2024_by_state.csv,state,0,,,0,no_listed_facilities,WRI Aqueduct 4.0 baseline_annual
42131,2024,PA,Wyoming County,2435.0,9.7,74590.0,0,peeringdb_us_facilities_20261006T160916Z.json,2024,17.77,eia_residential_electricity_price_2024_by_state.csv,state,0,,,0,no_listed_facilities,WRI Aqueduct 4.0 baseline_annual
42133,2024,PA,York County,42799.0,9.2,81537.0,0,peeringdb_us_facilities_20261006T160916Z.json,2024,17.77,eia_residential_electricity_price_2024_by_state.csv,state,0,,,0,no_listed_facilities,WRI Aqueduct 4.0 baseline_annual
44001,2024,RI,Bristol County,3165.0,6.7,113867.0,0,peeringdb_us_facilities_20261006T160916Z.json,2024,28.65,eia_residential_electricity_price_2024_by_state.csv,state,0,,,0,no_listed_facilities,WRI Aqueduct 4.0 baseline_annual
44003,2024,RI,Kent County,13373.0,7.8,91417.0,0,peeringdb_us_facilities_20261006T160916Z.json,2024,28.65,eia_residential_electricity_price_2024_by_state.csv,state,0,,,0,no_listed_facilities,WRI Aqueduct 4.0 baseline_annual
44005,2024,RI,Newport County,6155.0,7.7,97763.0,0,peeringdb_us_facilities_20261006T160916Z.json,2024,28.65,eia_residential_electricity_price_2024_by_state.csv,state,0,,,0,no_listed_facilities,WRI Aqueduct 4.0 baseline_annual
44007,2024,RI,Providence County,96118.0,14.8,73462.0,5,peeringdb_us_facilities_20261006T160916Z.json,2024,28.65,eia_residential_electricity_price_2024_by_state.csv,state,5,2.188356913706249,100.0,0,complete_coverage,WRI Aqueduct 4.0 baseline_annual
44009,2024,RI,Washington County,9642.0,7.8,105806.0,0,peeringdb_us_facilities_20261006T160916Z.json,2024,28.65,eia_residential_electricity_price_2024_by_state.csv,state,0,,,0,no_listed_facilities,WRI Aqueduct 4.0 baseline_annual
45001,2024,SC,Abbeville County,3982.0,16.7,57365.0,0,peeringdb_us_facilities_20261006T160916Z.json,2024,14.23,eia_residential_electricity_price_2024_by_state.csv,state,0,,,0,no_listed_facilities,WRI Aqueduct 4.0 baseline_annual
45003,2024,SC,Aiken County,24232.0,13.7,71314.0,0,peeringdb_us_facilities_20261006T160916Z.json,2024,14.23,eia_residential_electricity_price_2024_by_state.csv,state,0,,,0,no_listed_facilities,WRI Aqueduct 4.0 baseline_annual
45005,2024,SC,Allendale County,2074.0,31.6,41336.0,1,peeringdb_us_facilities_20261006T160916Z.json,2024,14.23,eia_residential_electricity_price_2024_by_state.csv,state,1,2.8487063545280726,100.0,0,complete_coverage,WRI Aqueduct 4.0 baseline_annual
45007,2024,SC,Anderson County,27881.0,13.1,69775.0,0,peeringdb_us_facilities_20261006T160916Z.json,2024,14.23,eia_residential_electricity_price_2024_by_state.csv,state,0,,,0,no_listed_facilities,WRI Aqueduct 4.0 baseline_annual
45009,2024,SC,Bamberg County,2952.0,24.2,45231.0,0,peeringdb_us_facilities_20261006T160916Z.json,2024,14.23,eia_residential_electricity_price_2024_by_state.csv,state,0,,,0,no_listed_facilities,WRI Aqueduct 4.0 baseline_annual
45011,2024,SC,Barnwell County,4062.0,20.3,50145.0,0,peeringdb_us_facilities_20261006T160916Z.json,2024,14.23,eia_residential_electricity_price_2024_by_state.csv,state,0,,,0,no_listed_facilities,WRI Aqueduct 4.0 baseline_annual
45013,2024,SC,Beaufort County,16395.0,8.4,91129.0,0,peeringdb_us_facilities_20261006T160916Z.json,2024,14.23,eia_residential_electricity_price_2024_by_state.csv,state,0,,,0,no_listed_facilities,WRI Aqueduct 4.0 baseline_annual
45015,2024,SC,Berkeley County,23078.0,8.9,86187.0,0,peeringdb_us_facilities_20261006T160916Z.json,2024,14.23,eia_residential_electricity_price_2024_by_state.csv,state,0,,,0,no_listed_facilities,WRI Aqueduct 4.0 baseline_annual
45017,2024,SC,Calhoun County,2085.0,14.8,61091.0,0,peeringdb_us_facilities_20261006T160916Z.json,2024,14.23,eia_residential_electricity_price_2024_by_state.csv,state,0,,,0,no_listed_facilities,WRI Aqueduct 4.0 baseline_annual
45019,2024,SC,Charleston County,43611.0,10.3,92635.0,1,peeringdb_us_facilities_20261006T160916Z.json,2024,14.23,eia_residential_electricity_price_2024_by_state.csv,state,1,2.8487063545280726,100.0,0,complete_coverage,WRI Aqueduct 4.0 baseline_annual
45021,2024,SC,Cherokee County,9284.0,16.4,57070.0,0,peeringdb_us_facilities_20261006T160916Z.json,2024,14.23,eia_residential_electricity_price_2024_by_state.csv,state,0,,,0,no_listed_facilities,WRI Aqueduct 4.0 baseline_annual
45023,2024,SC,Chester County,5273.0,16.4,55584.0,0,peeringdb_us_facilities_20261006T160916Z.json,2024,14.23,eia_residential_electricity_price_2024_by_state.csv,state,0,,,0,no_listed_facilities,WRI Aqueduct 4.0 baseline_annual
45025,2024,SC,Chesterfield County,8124.0,18.5,53144.0,0,peeringdb_us_facilities_20261006T160916Z.json,2024,14.23,eia_residential_electricity_price_2024_by_state.csv,state,0,,,0,no_listed_facilities,WRI Aqueduct 4.0 baseline_annual
45027,2024,SC,Clarendon County,5171.0,17.4,53106.0,0,peeringdb_us_facilities_20261006T160916Z.json,2024,14.23,eia_residential_electricity_price_2024_by_state.csv,state,0,,,0,no_listed_facilities,WRI Aqueduct 4.0 baseline_annual
45029,2024,SC,Colleton County,8168.0,21.0,55301.0,0,peeringdb_us_facilities_20261006T160916Z.json,2024,14.23,eia_residential_electricity_price_2024_by_state.csv,state,0,,,0,no_listed_facilities,WRI Aqueduct 4.0 baseline_annual
45031,2024,SC,Darlington County,15090.0,24.6,53035.0,0,peeringdb_us_facilities_20261006T160916Z.json,2024,14.23,eia_residential_electricity_price_2024_by_state.csv,state,0,,,0,no_listed_facilities,WRI Aqueduct 4.0 baseline_annual
45033,2024,SC,Dillon County,6457.0,23.8,47478.0,0,peeringdb_us_facilities_20261006T160916Z.json,2024,14.23,eia_residential_electricity_price_2024_by_state.csv,state,0,,,0,no_listed_facilities,WRI Aqueduct 4.0 baseline_annual
45035,2024,SC,Dorchester County,15740.0,9.1,84239.0,0,peeringdb_us_facilities_20261006T160916Z.json,2024,14.23,eia_residential_electricity_price_2024_by_state.csv,state,0,,,0,no_listed_facilities,WRI Aqueduct 4.0 baseline_annual
45037,2024,SC,Edgefield County,4434.0,16.8,75118.0,0,peeringdb_us_facilities_20261006T160916Z.json,2024,14.23,eia_residential_electricity_price_2024_by_state.csv,state,0,,,0,no_listed_facilities,WRI Aqueduct 4.0 baseline_annual
45039,2024,SC,Fairfield County,3397.0,16.9,54536.0,0,peeringdb_us_facilities_20261006T160916Z.json,2024,14.23,eia_residential_electricity_price_2024_by_state.csv,state,0,,,0,no_listed_facilities,WRI Aqueduct 4.0 baseline_annual
45041,2024,SC,Florence County,23592.0,17.5,61320.0,0,peeringdb_us_facilities_20261006T160916Z.json,2024,14.23,eia_residential_electricity_price_2024_by_state.csv,state,0,,,0,no_listed_facilities,WRI Aqueduct 4.0 baseline_annual
45043,2024,SC,Georgetown County,11410.0,17.4,67196.0,0,peeringdb_us_facilities_20261006T160916Z.json,2024,14.23,eia_residential_electricity_price_2024_by_state.csv,state,0,,,0,no_listed_facilities,WRI Aqueduct 4.0 baseline_annual
45045,2024,SC,Greenville County,55410.0,9.9,82531.0,2,peeringdb_us_facilities_20261006T160916Z.json,2024,14.23,eia_residential_electricity_price_2024_by_state.csv,state,2,3.7482736276700175,100.0,0,complete_coverage,WRI Aqueduct 4.0 baseline_annual
45047,2024,SC,Greenwood County,10957.0,16.3,57337.0,0,peeringdb_us_facilities_20261006T160916Z.json,2024,14.23,eia_residential_electricity_price_2024_by_state.csv,state,0,,,0,no_listed_facilities,WRI Aqueduct 4.0 baseline_annual
45049,2024,SC,Hampton County,3445.0,20.5,49822.0,0,peeringdb_us_facilities_20261006T160916Z.json,2024,14.23,eia_residential_electricity_price_2024_by_state.csv,state,0,,,0,no_listed_facilities,WRI Aqueduct 4.0 baseline_annual
45051,2024,SC,Horry County,56632.0,14.0,68932.0,1,peeringdb_us_facilities_20261006T160916Z.json,2024,14.23,eia_residential_electricity_price_2024_by_state.csv,state,1,0.0,100.0,0,complete_coverage,WRI Aqueduct 4.0 baseline_annual
45053,2024,SC,Jasper County,4973.0,14.5,67873.0,0,peeringdb_us_facilities_20261006T160916Z.json,2024,14.23,eia_residential_electricity_price_2024_by_state.csv,state,0,,,0,no_listed_facilities,WRI Aqueduct 4.0 baseline_annual
45055,2024,SC,Kershaw County,8691.0,12.2,73494.0,0,peeringdb_us_facilities_20261006T160916Z.json,2024,14.23,eia_residential_electricity_price_2024_by_state.csv,state,0,,,0,no_listed_facilities,WRI Aqueduct 4.0 baseline_annual
45057,2024,SC,Lancaster County,11162.0,10.2,83171.0,0,peeringdb_us_facilities_20261006T160916Z.json,2024,14.23,eia_residential_electricity_price_2024_by_state.csv,state,0,,,0,no_listed_facilities,WRI Aqueduct 4.0 baseline_annual
45059,2024,SC,Laurens County,11646.0,16.9,60433.0,0,peeringdb_us_facilities_20261006T160916Z.json,2024,14.23,eia_residential_electricity_price_2024_by_state.csv,state,0,,,0,no_listed_facilities,WRI Aqueduct 4.0 baseline_annual
45061,2024,SC,Lee County,3343.0,22.8,48020.0,0,peeringdb_us_facilities_20261006T160916Z.json,2024,14.23,eia_residential_electricity_price_2024_by_state.csv,state,0,,,0,no_listed_facilities,WRI Aqueduct 4.0 baseline_annual
45063,2024,SC,Lexington County,35089.0,11.3,78712.0,0,peeringdb_us_facilities_20261006T160916Z.json,2024,14.23,eia_residential_electricity_price_2024_by_state.csv,state,0,,,0,no_listed_facilities,WRI Aqueduct 4.0 baseline_annual
45065,2024,SC,McCormick County,1256.0,13.4,62222.0,0,peeringdb_us_facilities_20261006T160916Z.json,2024,14.23,eia_residential_electricity_price_2024_by_state.csv,state,0,,,0,no_listed_facilities,WRI Aqueduct 4.0 baseline_annual
45067,2024,SC,Marion County,8672.0,30.8,44214.0,0,peeringdb_us_facilities_20261006T160916Z.json,2024,14.23,eia_residential_electricity_price_2024_by_state.csv,state,0,,,0,no_listed_facilities,WRI Aqueduct 4.0 baseline_annual
45069,2024,SC,Marlboro County,6898.0,30.2,45380.0,0,peeringdb_us_facilities_20261006T160916Z.json,2024,14.23,eia_residential_electricity_price_2024_by_state.csv,state,0,,,0,no_listed_facilities,WRI Aqueduct 4.0 baseline_annual
45071,2024,SC,Newberry County,6529.0,17.3,64521.0,0,peeringdb_us_facilities_20261006T160916Z.json,2024,14.23,eia_residential_electricity_price_2024_by_state.csv,state,0,,,0,no_listed_facilities,WRI Aqueduct 4.0 baseline_annual
45073,2024,SC,Oconee County,13132.0,16.1,69144.0,0,peeringdb_us_facilities_20261006T160916Z.json,2024,14.23,eia_residential_electricity_price_2024_by_state.csv,state,0,,,0,no_listed_facilities,WRI Aqueduct 4.0 baseline_annual
45075,2024,SC,Orangeburg County,16564.0,21.0,52964.0,0,peeringdb_us_facilities_20261006T160916Z.json,2024,14.23,eia_residential_electricity_price_2024_by_state.csv,state,0,,,0,no_listed_facilities,WRI Aqueduct 4.0 baseline_annual
45077,2024,SC,Pickens County,20066.0,15.6,65163.0,0,peeringdb_us_facilities_20261006T160916Z.json,2024,14.23,eia_residential_electricity_price_2024_by_state.csv,state,0,,,0,no_listed_facilities,WRI Aqueduct 4.0 baseline_annual
45079,2024,SC,Richland County,64101.0,15.8,66644.0,1,peeringdb_us_facilities_20261006T160916Z.json,2024,14.23,eia_residential_electricity_price_2024_by_state.csv,state,1,3.7482736276700175,100.0,0,complete_coverage,WRI Aqueduct 4.0 baseline_annual
45081,2024,SC,Saluda County,2913.0,15.1,61432.0,0,peeringdb_us_facilities_20261006T160916Z.json,2024,14.23,eia_residential_electricity_price_2024_by_state.csv,state,0,,,0,no_listed_facilities,WRI Aqueduct 4.0 baseline_annual
45083,2024,SC,Spartanburg County,45036.0,12.5,70103.0,1,peeringdb_us_facilities_20261006T160916Z.json,2024,14.23,eia_residential_electricity_price_2024_by_state.csv,state,1,3.7482736276700175,100.0,0,complete_coverage,WRI Aqueduct 4.0 baseline_annual
45085,2024,SC,Sumter County,17075.0,16.7,57234.0,0,peeringdb_us_facilities_20261006T160916Z.json,2024,14.23,eia_residential_electricity_price_2024_by_state.csv,state,0,,,0,no_listed_facilities,WRI Aqueduct 4.0 baseline_annual
45087,2024,SC,Union County,4909.0,18.7,50730.0,0,peeringdb_us_facilities_20261006T160916Z.json,2024,14.23,eia_residential_electricity_price_2024_by_state.csv,state,0,,,0,no_listed_facilities,WRI Aqueduct 4.0 baseline_annual
45089,2024,SC,Williamsburg County,7198.0,25.5,46174.0,0,peeringdb_us_facilities_20261006T160916Z.json,2024,14.23,eia_residential_electricity_price_2024_by_state.csv,state,0,,,0,no_listed_facilities,WRI Aqueduct 4.0 baseline_annual
45091,2024,SC,York County,26180.0,8.8,94037.0,2,peeringdb_us_facilities_20261006T160916Z.json,2024,14.23,eia_residential_electricity_price_2024_by_state.csv,state,2,1.6055472497178485,100.0,0,complete_coverage,WRI Aqueduct 4.0 baseline_annual
46003,2024,SD,Aurora County,282.0,10.6,68117.0,0,peeringdb_us_facilities_20261006T160916Z.json,2024,12.86,eia_residential_electricity_price_2024_by_state.csv,state,0,,,0,no_listed_facilities,WRI Aqueduct 4.0 baseline_annual
46005,2024,SD,Beadle County,2043.0,10.7,75646.0,0,peeringdb_us_facilities_20261006T160916Z.json,2024,12.86,eia_residential_electricity_price_2024_by_state.csv,state,0,,,0,no_listed_facilities,WRI Aqueduct 4.0 baseline_annual
46007,2024,SD,Bennett County,953.0,29.4,51441.0,0,peeringdb_us_facilities_20261006T160916Z.json,2024,12.86,eia_residential_electricity_price_2024_by_state.csv,state,0,,,0,no_listed_facilities,WRI Aqueduct 4.0 baseline_annual
46009,2024,SD,Bon Homme County,800.0,14.2,67215.0,0,peeringdb_us_facilities_20261006T160916Z.json,2024,12.86,eia_residential_electricity_price_2024_by_state.csv,state,0,,,0,no_listed_facilities,WRI Aqueduct 4.0 baseline_annual
46011,2024,SD,Brookings County,3572.0,10.8,75653.0,0,peeringdb_us_facilities_20261006T160916Z.json,2024,12.86,eia_residential_electricity_price_2024_by_state.csv,state,0,,,0,no_listed_facilities,WRI Aqueduct 4.0 baseline_annual
46013,2024,SD,Brown County,4244.0,11.6,72244.0,0,peeringdb_us_facilities_20261006T160916Z.json,2024,12.86,eia_residential_electricity_price_2024_by_state.csv,state,0,,,0,no_listed_facilities,WRI Aqueduct 4.0 baseline_annual
46015,2024,SD,Brule County,649.0,12.7,71448.0,0,peeringdb_us_facilities_20261006T160916Z.json,2024,12.86,eia_residential_electricity_price_2024_by_state.csv,state,0,,,0,no_listed_facilities,WRI Aqueduct 4.0 baseline_annual
46017,2024,SD,Buffalo County,659.0,36.3,35054.0,0,peeringdb_us_facilities_20261006T160916Z.json,2024,12.86,eia_residential_electricity_price_2024_by_state.csv,state,0,,,0,no_listed_facilities,WRI Aqueduct 4.0 baseline_annual
46019,2024,SD,Butte County,1255.0,11.6,64896.0,0,peeringdb_us_facilities_20261006T160916Z.json,2024,12.86,eia_residential_electricity_price_2024_by_state.csv,state,0,,,0,no_listed_facilities,WRI Aqueduct 4.0 baseline_annual
46021,2024,SD,Campbell County,141.0,10.5,71257.0,0,peeringdb_us_facilities_20261006T160916Z.json,2024,12.86,eia_residential_electricity_price_2024_by_state.csv,state,0,,,0,no_listed_facilities,WRI Aqueduct 4.0 baseline_annual
46023,2024,SD,Charles Mix County,1844.0,20.3,59612.0,0,peeringdb_us_facilities_20261006T160916Z.json,2024,12.86,eia_residential_electricity_price_2024_by_state.csv,state,0,,,0,no_listed_facilities,WRI Aqueduct 4.0 baseline_annual
46025,2024,SD,Clark County,373.0,10.0,79333.0,0,peeringdb_us_facilities_20261006T160916Z.json,2024,12.86,eia_residential_electricity_price_2024_by_state.csv,state,0,,,0,no_listed_facilities,WRI Aqueduct 4.0 baseline_annual
46027,2024,SD,Clay County,2457.0,19.3,59556.0,0,peeringdb_us_facilities_20261006T160916Z.json,2024,12.86,eia_residential_electricity_price_2024_by_state.csv,state,0,,,0,no_listed_facilities,WRI Aqueduct 4.0 baseline_annual
46029,2024,SD,Codington County,2386.0,8.3,78115.0,0,peeringdb_us_facilities_20261006T160916Z.json,2024,12.86,eia_residential_electricity_price_2024_by_state.csv,state,0,,,0,no_listed_facilities,WRI Aqueduct 4.0 baseline_annual
46031,2024,SD,Corson County,1415.0,37.9,42573.0,0,peeringdb_us_facilities_20261006T160916Z.json,2024,12.86,eia_residential_electricity_price_2024_by_state.csv,state,0,,,0,no_listed_facilities,WRI Aqueduct 4.0 baseline_annual
46033,2024,SD,Custer County,883.0,9.6,80312.0,0,peeringdb_us_facilities_20261006T160916Z.json,2024,12.86,eia_residential_electricity_price_2024_by_state.csv,state,0,,,0,no_listed_facilities,WRI Aqueduct 4.0 baseline_annual
46035,2024,SD,Davison County,2101.0,10.8,72516.0,0,peeringdb_us_facilities_20261006T160916Z.json,2024,12.86,eia_residential_electricity_price_2024_by_state.csv,state,0,,,0,no_listed_facilities,WRI Aqueduct 4.0 baseline_annual
46037,2024,SD,Day County,823.0,15.5,66991.0,0,peeringdb_us_facilities_20261006T160916Z.json,2024,12.86,eia_residential_electricity_price_2024_by_state.csv,state,0,,,0,no_listed_facilities,WRI Aqueduct 4.0 baseline_annual
46039,2024,SD,Deuel County,367.0,8.6,83163.0,0,peeringdb_us_facilities_20261006T160916Z.json,2024,12.86,eia_residential_electricity_price_2024_by_state.csv,state,0,,,0,no_listed_facilities,WRI Aqueduct 4.0 baseline_annual
46041,2024,SD,Dewey County,1526.0,28.8,46718.0,0,peeringdb_us_facilities_20261006T160916Z.json,2024,12.86,eia_residential_electricity_price_2024_by_state.csv,state,0,,,0,no_listed_facilities,WRI Aqueduct 4.0 baseline_annual
46043,2024,SD,Douglas County,282.0,10.3,74820.0,0,peeringdb_us_facilities_20261006T160916Z.json,2024,12.86,eia_residential_electricity_price_2024_by_state.csv,state,0,,,0,no_listed_facilities,WRI Aqueduct 4.0 baseline_annual
46045,2024,SD,Edmunds County,425.0,11.0,80423.0,0,peeringdb_us_facilities_20261006T160916Z.json,2024,12.86,eia_residential_electricity_price_2024_by_state.csv,state,0,,,0,no_listed_facilities,WRI Aqueduct 4.0 baseline_annual
46047,2024,SD,Fall River County,835.0,11.7,71364.0,0,peeringdb_us_facilities_20261006T160916Z.json,2024,12.86,eia_residential_electricity_price_2024_by_state.csv,state,0,,,0,no_listed_facilities,WRI Aqueduct 4.0 baseline_annual
46049,2024,SD,Faulk County,267.0,13.7,71926.0,0,peeringdb_us_facilities_20261006T160916Z.json,2024,12.86,eia_residential_electricity_price_2024_by_state.csv,state,0,,,0,no_listed_facilities,WRI Aqueduct 4.0 baseline_annual
46051,2024,SD,Grant County,641.0,8.6,77781.0,0,peeringdb_us_facilities_20261006T160916Z.json,2024,12.86,eia_residential_electricity_price_2024_by_state.csv,state,0,,,0,no_listed_facilities,WRI Aqueduct 4.0 baseline_annual
46053,2024,SD,Gregory County,568.0,14.1,56836.0,0,peeringdb_us_facilities_20261006T160916Z.json,2024,12.86,eia_residential_electricity_price_2024_by_state.csv,state,0,,,0,no_listed_facilities,WRI Aqueduct 4.0 baseline_annual
46055,2024,SD,Haakon County,195.0,10.8,74649.0,0,peeringdb_us_facilities_20261006T160916Z.json,2024,12.86,eia_residential_electricity_price_2024_by_state.csv,state,0,,,0,no_listed_facilities,WRI Aqueduct 4.0 baseline_annual
46057,2024,SD,Hamlin County,527.0,8.2,80325.0,0,peeringdb_us_facilities_20261006T160916Z.json,2024,12.86,eia_residential_electricity_price_2024_by_state.csv,state,0,,,0,no_listed_facilities,WRI Aqueduct 4.0 baseline_annual
46059,2024,SD,Hand County,256.0,8.4,73983.0,0,peeringdb_us_facilities_20261006T160916Z.json,2024,12.86,eia_residential_electricity_price_2024_by_state.csv,state,0,,,0,no_listed_facilities,WRI Aqueduct 4.0 baseline_annual
46061,2024,SD,Hanson County,293.0,8.7,87793.0,0,peeringdb_us_facilities_20261006T160916Z.json,2024,12.86,eia_residential_electricity_price_2024_by_state.csv,state,0,,,0,no_listed_facilities,WRI Aqueduct 4.0 baseline_annual
46063,2024,SD,Harding County,157.0,11.8,65228.0,0,peeringdb_us_facilities_20261006T160916Z.json,2024,12.86,eia_residential_electricity_price_2024_by_state.csv,state,0,,,0,no_listed_facilities,WRI Aqueduct 4.0 baseline_annual
46065,2024,SD,Hughes County,1458.0,8.7,83936.0,0,peeringdb_us_facilities_20261006T160916Z.json,2024,12.86,eia_residential_electricity_price_2024_by_state.csv,state,0,,,0,no_listed_facilities,WRI Aqueduct 4.0 baseline_annual
46067,2024,SD,Hutchinson County,860.0,12.2,73237.0,0,peeringdb_us_facilities_20261006T160916Z.json,2024,12.86,eia_residential_electricity_price_2024_by_state.csv,state,0,,,0,no_listed_facilities,WRI Aqueduct 4.0 baseline_annual
46069,2024,SD,Hyde County,138.0,11.7,62207.0,0,peeringdb_us_facilities_20261006T160916Z.json,2024,12.86,eia_residential_electricity_price_2024_by_state.csv,state,0,,,0,no_listed_facilities,WRI Aqueduct 4.0 baseline_annual
46071,2024,SD,Jackson County,785.0,29.1,50228.0,0,peeringdb_us_facilities_20261006T160916Z.json,2024,12.86,eia_residential_electricity_price_2024_by_state.csv,state,0,,,0,no_listed_facilities,WRI Aqueduct 4.0 baseline_annual
46073,2024,SD,Jerauld County,233.0,14.3,66644.0,0,peeringdb_us_facilities_20261006T160916Z.json,2024,12.86,eia_residential_electricity_price_2024_by_state.csv,state,0,,,0,no_listed_facilities,WRI Aqueduct 4.0 baseline_annual
46075,2024,SD,Jones County,115.0,13.2,62147.0,0,peeringdb_us_facilities_20261006T160916Z.json,2024,12.86,eia_residential_electricity_price_2024_by_state.csv,state,0,,,0,no_listed_facilities,WRI Aqueduct 4.0 baseline_annual
46077,2024,SD,Kingsbury County,462.0,9.0,75613.0,0,peeringdb_us_facilities_20261006T160916Z.json,2024,12.86,eia_residential_electricity_price_2024_by_state.csv,state,0,,,0,no_listed_facilities,WRI Aqueduct 4.0 baseline_annual
46079,2024,SD,Lake County,924.0,8.8,80099.0,0,peeringdb_us_facilities_20261006T160916Z.json,2024,12.86,eia_residential_electricity_price_2024_by_state.csv,state,0,,,0,no_listed_facilities,WRI Aqueduct 4.0 baseline_annual
46081,2024,SD,Lawrence County,3144.0,11.3,78721.0,0,peeringdb_us_facilities_20261006T160916Z.json,2024,12.86,eia_residential_electricity_price_2024_by_state.csv,state,0,,,0,no_listed_facilities,WRI Aqueduct 4.0 baseline_annual
46083,2024,SD,Lincoln County,2825.0,3.8,106557.0,1,peeringdb_us_facilities_20261006T160916Z.json,2024,12.86,eia_residential_electricity_price_2024_by_state.csv,state,1,3.3617732683159995,100.0,0,complete_coverage,WRI Aqueduct 4.0 baseline_annual
46085,2024,SD,Lyman County,785.0,21.4,62598.0,0,peeringdb_us_facilities_20261006T160916Z.json,2024,12.86,eia_residential_electricity_price_2024_by_state.csv,state,0,,,0,no_listed_facilities,WRI Aqueduct 4.0 baseline_annual
46087,2024,SD,McCook County,464.0,8.3,83250.0,0,peeringdb_us_facilities_20261006T160916Z.json,2024,12.86,eia_residential_electricity_price_2024_by_state.csv,state,0,,,0,no_listed_facilities,WRI Aqueduct 4.0 baseline_annual
46089,2024,SD,McPherson County,385.0,17.9,75475.0,0,peeringdb_us_facilities_20261006T160916Z.json,2024,12.86,eia_residential_electricity_price_2024_by_state.csv,state,0,,,0,no_listed_facilities,WRI Aqueduct 4.0 baseline_annual
46091,2024,SD,Marshall County,402.0,9.5,74964.0,0,peeringdb_us_facilities_20261006T160916Z.json,2024,12.86,eia_residential_electricity_price_2024_by_state.csv,state,0,,,0,no_listed_facilities,WRI Aqueduct 4.0 baseline_annual
46093,2024,SD,Meade County,2415.0,8.1,76427.0,0,peeringdb_us_facilities_20261006T160916Z.json,2024,12.86,eia_residential_electricity_price_2024_by_state.csv,state,0,,,0,no_listed_facilities,WRI Aqueduct 4.0 baseline_annual
46095,2024,SD,Mellette County,462.0,25.9,51141.0,0,peeringdb_us_facilities_20261006T160916Z.json,2024,12.86,eia_residential_electricity_price_2024_by_state.csv,state,0,,,0,no_listed_facilities,WRI Aqueduct 4.0 baseline_annual
46097,2024,SD,Miner County,251.0,11.3,74548.0,0,peeringdb_us_facilities_20261006T160916Z.json,2024,12.86,eia_residential_electricity_price_2024_by_state.csv,state,0,,,0,no_listed_facilities,WRI Aqueduct 4.0 baseline_annual
46099,2024,SD,Minnehaha County,15301.0,7.5,80546.0,4,peeringdb_us_facilities_20261006T160916Z.json,2024,12.86,eia_residential_electricity_price_2024_by_state.csv,state,4,3.3617732683159995,100.0,0,complete_coverage,WRI Aqueduct 4.0 baseline_annual
46101,2024,SD,Moody County,649.0,10.1,77922.0,0,peeringdb_us_facilities_20261006T160916Z.json,2024,12.86,eia_residential_electricity_price_2024_by_state.csv,state,0,,,0,no_listed_facilities,WRI Aqueduct 4.0 baseline_annual
46102,2024,SD,Oglala Lakota County,4632.0,35.8,44706.0,0,peeringdb_us_facilities_20261006T160916Z.json,2024,12.86,eia_residential_electricity_price_2024_by_state.csv,state,0,,,0,no_listed_facilities,WRI Aqueduct 4.0 baseline_annual
46103,2024,SD,Pennington County,11021.0,9.8,79338.0,1,peeringdb_us_facilities_20261006T160916Z.json,2024,12.86,eia_residential_electricity_price_2024_by_state.csv,state,1,3.211378739023748,100.0,0,complete_coverage,WRI Aqueduct 4.0 baseline_annual
46105,2024,SD,Perkins County,358.0,12.8,59364.0,0,peeringdb_us_facilities_20261006T160916Z.json,2024,12.86,eia_residential_electricity_price_2024_by_state.csv,state,0,,,0,no_listed_facilities,WRI Aqueduct 4.0 baseline_annual
46107,2024,SD,Potter County,226.0,9.6,70736.0,0,peeringdb_us_facilities_20261006T160916Z.json,2024,12.86,eia_residential_electricity_price_2024_by_state.csv,state,0,,,0,no_listed_facilities,WRI Aqueduct 4.0 baseline_annual
46109,2024,SD,Roberts County,1626.0,16.2,62083.0,0,peeringdb_us_facilities_20261006T160916Z.json,2024,12.86,eia_residential_electricity_price_2024_by_state.csv,state,0,,,0,no_listed_facilities,WRI Aqueduct 4.0 baseline_annual
46111,2024,SD,Sanborn County,293.0,12.7,74310.0,0,peeringdb_us_facilities_20261006T160916Z.json,2024,12.86,eia_residential_electricity_price_2024_by_state.csv,state,0,,,0,no_listed_facilities,WRI Aqueduct 4.0 baseline_annual
46115,2024,SD,Spink County,689.0,11.7,63148.0,0,peeringdb_us_facilities_20261006T160916Z.json,2024,12.86,eia_residential_electricity_price_2024_by_state.csv,state,0,,,0,no_listed_facilities,WRI Aqueduct 4.0 baseline_annual
46117,2024,SD,Stanley County,222.0,7.4,88080.0,0,peeringdb_us_facilities_20261006T160916Z.json,2024,12.86,eia_residential_electricity_price_2024_by_state.csv,state,0,,,0,no_listed_facilities,WRI Aqueduct 4.0 baseline_annual
46119,2024,SD,Sully County,118.0,8.0,80411.0,0,peeringdb_us_facilities_20261006T160916Z.json,2024,12.86,eia_residential_electricity_price_2024_by_state.csv,state,0,,,0,no_listed_facilities,WRI Aqueduct 4.0 baseline_annual
46121,2024,SD,Todd County,2986.0,32.9,45187.0,0,peeringdb_us_facilities_20261006T160916Z.json,2024,12.86,eia_residential_electricity_price_2024_by_state.csv,state,0,,,0,no_listed_facilities,WRI Aqueduct 4.0 baseline_annual
46123,2024,SD,Tripp County,892.0,16.3,63882.0,0,peeringdb_us_facilities_20261006T160916Z.json,2024,12.86,eia_residential_electricity_price_2024_by_state.csv,state,0,,,0,no_listed_facilities,WRI Aqueduct 4.0 baseline_annual
46125,2024,SD,Turner County,852.0,9.5,77615.0,0,peeringdb_us_facilities_20261006T160916Z.json,2024,12.86,eia_residential_electricity_price_2024_by_state.csv,state,0,,,0,no_listed_facilities,WRI Aqueduct 4.0 baseline_annual
46127,2024,SD,Union County,1005.0,5.8,101682.0,0,peeringdb_us_facilities_20261006T160916Z.json,2024,12.86,eia_residential_electricity_price_2024_by_state.csv,state,0,,,0,no_listed_facilities,WRI Aqueduct 4.0 baseline_annual
46129,2024,SD,Walworth County,758.0,14.6,56788.0,0,peeringdb_us_facilities_20261006T160916Z.json,2024,12.86,eia_residential_electricity_price_2024_by_state.csv,state,0,,,0,no_listed_facilities,WRI Aqueduct 4.0 baseline_annual
46135,2024,SD,Yankton County,2386.0,10.9,73710.0,1,peeringdb_us_facilities_20261006T160916Z.json,2024,12.86,eia_residential_electricity_price_2024_by_state.csv,state,1,0.0,100.0,0,complete_coverage,WRI Aqueduct 4.0 baseline_annual
46137,2024,SD,Ziebach County,1108.0,45.8,45049.0,0,peeringdb_us_facilities_20261006T160916Z.json,2024,12.86,eia_residential_electricity_price_2024_by_state.csv,state,0,,,0,no_listed_facilities,WRI Aqueduct 4.0 baseline_annual
47001,2024,TN,Anderson County,9263.0,11.5,72300.0,0,peeringdb_us_facilities_20261006T160916Z.json,2024,12.42,eia_residential_electricity_price_2024_by_state.csv,state,0,,,0,no_listed_facilities,WRI Aqueduct 4.0 baseline_annual
47003,2024,TN,Bedford County,6464.0,12.2,69879.0,0,peeringdb_us_facilities_20261006T160916Z.json,2024,12.42,eia_residential_electricity_price_2024_by_state.csv,state,0,,,0,no_listed_facilities,WRI Aqueduct 4.0 baseline_annual
47005,2024,TN,Benton County,2728.0,17.0,56138.0,0,peeringdb_us_facilities_20261006T160916Z.json,2024,12.42,eia_residential_electricity_price_2024_by_state.csv,state,0,,,0,no_listed_facilities,WRI Aqueduct 4.0 baseline_annual
47007,2024,TN,Bledsoe County,2585.0,19.4,57188.0,0,peeringdb_us_facilities_20261006T160916Z.json,2024,12.42,eia_residential_electricity_price_2024_by_state.csv,state,0,,,0,no_listed_facilities,WRI Aqueduct 4.0 baseline_annual
47009,2024,TN,Blount County,12931.0,9.2,78132.0,0,peeringdb_us_facilities_20261006T160916Z.json,2024,12.42,eia_residential_electricity_price_2024_by_state.csv,state,0,,,0,no_listed_facilities,WRI Aqueduct 4.0 baseline_annual
47011,2024,TN,Bradley County,12925.0,11.6,70651.0,0,peeringdb_us_facilities_20261006T160916Z.json,2024,12.42,eia_residential_electricity_price_2024_by_state.csv,state,0,,,0,no_listed_facilities,WRI Aqueduct 4.0 baseline_annual
47013,2024,TN,Campbell County,7511.0,18.9,54150.0,0,peeringdb_us_facilities_20261006T160916Z.json,2024,12.42,eia_residential_electricity_price_2024_by_state.csv,state,0,,,0,no_listed_facilities,WRI Aqueduct 4.0 baseline_annual
47015,2024,TN,Cannon County,2106.0,14.1,65364.0,0,peeringdb_us_facilities_20261006T160916Z.json,2024,12.42,eia_residential_electricity_price_2024_by_state.csv,state,0,,,0,no_listed_facilities,WRI Aqueduct 4.0 baseline_annual
47017,2024,TN,Carroll County,4584.0,16.5,55245.0,0,peeringdb_us_facilities_20261006T160916Z.json,2024,12.42,eia_residential_electricity_price_2024_by_state.csv,state,0,,,0,no_listed_facilities,WRI Aqueduct 4.0 baseline_annual
47019,2024,TN,Carter County,9008.0,16.1,51256.0,0,peeringdb_us_facilities_20261006T160916Z.json,2024,12.42,eia_residential_electricity_price_2024_by_state.csv,state,0,,,0,no_listed_facilities,WRI Aqueduct 4.0 baseline_annual
47021,2024,TN,Cheatham County,3559.0,8.4,89490.0,0,peeringdb_us_facilities_20261006T160916Z.json,2024,12.42,eia_residential_electricity_price_2024_by_state.csv,state,0,,,0,no_listed_facilities,WRI Aqueduct 4.0 baseline_annual
47023,2024,TN,Chester County,2073.0,12.5,64789.0,0,peeringdb_us_facilities_20261006T160916Z.json,2024,12.42,eia_residential_electricity_price_2024_by_state.csv,state,0,,,0,no_listed_facilities,WRI Aqueduct 4.0 baseline_annual
47025,2024,TN,Claiborne County,5189.0,16.4,53212.0,0,peeringdb_us_facilities_20261006T160916Z.json,2024,12.42,eia_residential_electricity_price_2024_by_state.csv,state,0,,,0,no_listed_facilities,WRI Aqueduct 4.0 baseline_annual
47027,2024,TN,Clay County,1530.0,19.7,48100.0,0,peeringdb_us_facilities_20261006T160916Z.json,2024,12.42,eia_residential_electricity_price_2024_by_state.csv,state,0,,,0,no_listed_facilities,WRI Aqueduct 4.0 baseline_annual
47029,2024,TN,Cocke County,7823.0,20.9,50830.0,0,peeringdb_us_facilities_20261006T160916Z.json,2024,12.42,eia_residential_electricity_price_2024_by_state.csv,state,0,,,0,no_listed_facilities,WRI Aqueduct 4.0 baseline_annual
47031,2024,TN,Coffee County,9354.0,15.5,68092.0,0,peeringdb_us_facilities_20261006T160916Z.json,2024,12.42,eia_residential_electricity_price_2024_by_state.csv,state,0,,,0,no_listed_facilities,WRI Aqueduct 4.0 baseline_annual
47033,2024,TN,Crockett County,1927.0,14.0,60637.0,0,peeringdb_us_facilities_20261006T160916Z.json,2024,12.42,eia_residential_electricity_price_2024_by_state.csv,state,0,,,0,no_listed_facilities,WRI Aqueduct 4.0 baseline_annual
47035,2024,TN,Cumberland County,8573.0,13.2,63432.0,0,peeringdb_us_facilities_20261006T160916Z.json,2024,12.42,eia_residential_electricity_price_2024_by_state.csv,state,0,,,0,no_listed_facilities,WRI Aqueduct 4.0 baseline_annual
47037,2024,TN,Davidson County,86412.0,12.2,80803.0,9,peeringdb_us_facilities_20261006T160916Z.json,2024,12.42,eia_residential_electricity_price_2024_by_state.csv,state,9,1.1240926164413865,100.0,0,complete_coverage,WRI Aqueduct 4.0 baseline_annual
47039,2024,TN,Decatur County,1745.0,15.0,53616.0,0,peeringdb_us_facilities_20261006T160916Z.json,2024,12.42,eia_residential_electricity_price_2024_by_state.csv,state,0,,,0,no_listed_facilities,WRI Aqueduct 4.0 baseline_annual
47041,2024,TN,DeKalb County,2993.0,13.9,60271.0,0,peeringdb_us_facilities_20261006T160916Z.json,2024,12.42,eia_residential_electricity_price_2024_by_state.csv,state,0,,,0,no_listed_facilities,WRI Aqueduct 4.0 baseline_annual
47043,2024,TN,Dickson County,5742.0,10.1,75713.0,0,peeringdb_us_facilities_20261006T160916Z.json,2024,12.42,eia_residential_electricity_price_2024_by_state.csv,state,0,,,0,no_listed_facilities,WRI Aqueduct 4.0 baseline_annual
47045,2024,TN,Dyer County,5136.0,14.3,63008.0,0,peeringdb_us_facilities_20261006T160916Z.json,2024,12.42,eia_residential_electricity_price_2024_by_state.csv,state,0,,,0,no_listed_facilities,WRI Aqueduct 4.0 baseline_annual
47047,2024,TN,Fayette County,4077.0,9.3,90590.0,0,peeringdb_us_facilities_20261006T160916Z.json,2024,12.42,eia_residential_electricity_price_2024_by_state.csv,state,0,,,0,no_listed_facilities,WRI Aqueduct 4.0 baseline_annual
47049,2024,TN,Fentress County,3761.0,19.0,50626.0,0,peeringdb_us_facilities_20261006T160916Z.json,2024,12.42,eia_residential_electricity_price_2024_by_state.csv,state,0,,,0,no_listed_facilities,WRI Aqueduct 4.0 baseline_annual
47051,2024,TN,Franklin County,5115.0,12.0,66904.0,0,peeringdb_us_facilities_20261006T160916Z.json,2024,12.42,eia_residential_electricity_price_2024_by_state.csv,state,0,,,0,no_listed_facilities,WRI Aqueduct 4.0 baseline_annual
47053,2024,TN,Gibson County,7273.0,14.4,61163.0,0,peeringdb_us_facilities_20261006T160916Z.json,2024,12.42,eia_residential_electricity_price_2024_by_state.csv,state,0,,,0,no_listed_facilities,WRI Aqueduct 4.0 baseline_annual
47055,2024,TN,Giles County,3993.0,13.3,65859.0,0,peeringdb_us_facilities_20261006T160916Z.json,2024,12.42,eia_residential_electricity_price_2024_by_state.csv,state,0,,,0,no_listed_facilities,WRI Aqueduct 4.0 baseline_annual
47057,2024,TN,Grainger County,3536.0,14.2,52222.0,0,peeringdb_us_facilities_20261006T160916Z.json,2024,12.42,eia_residential_electricity_price_2024_by_state.csv,state,0,,,0,no_listed_facilities,WRI Aqueduct 4.0 baseline_annual
47059,2024,TN,Greene County,11595.0,16.3,58962.0,0,peeringdb_us_facilities_20261006T160916Z.json,2024,12.42,eia_residential_electricity_price_2024_by_state.csv,state,0,,,0,no_listed_facilities,WRI Aqueduct 4.0 baseline_annual
47061,2024,TN,Grundy County,2805.0,20.2,49568.0,0,peeringdb_us_facilities_20261006T160916Z.json,2024,12.42,eia_residential_electricity_price_2024_by_state.csv,state,0,,,0,no_listed_facilities,WRI Aqueduct 4.0 baseline_annual
47063,2024,TN,Hamblen County,9980.0,14.8,60725.0,0,peeringdb_us_facilities_20261006T160916Z.json,2024,12.42,eia_residential_electricity_price_2024_by_state.csv,state,0,,,0,no_listed_facilities,WRI Aqueduct 4.0 baseline_annual
47065,2024,TN,Hamilton County,54872.0,14.5,78271.0,2,peeringdb_us_facilities_20261006T160916Z.json,2024,12.42,eia_residential_electricity_price_2024_by_state.csv,state,2,0.3123497093174933,100.0,0,complete_coverage,WRI Aqueduct 4.0 baseline_annual
47067,2024,TN,Hancock County,1798.0,26.1,41664.0,0,peeringdb_us_facilities_20261006T160916Z.json,2024,12.42,eia_residential_electricity_price_2024_by_state.csv,state,0,,,0,no_listed_facilities,WRI Aqueduct 4.0 baseline_annual
47069,2024,TN,Hardeman County,4638.0,21.5,45433.0,0,peeringdb_us_facilities_20261006T160916Z.json,2024,12.42,eia_residential_electricity_price_2024_by_state.csv,state,0,,,0,no_listed_facilities,WRI Aqueduct 4.0 baseline_annual
47071,2024,TN,Hardin County,4858.0,18.0,55243.0,0,peeringdb_us_facilities_20261006T160916Z.json,2024,12.42,eia_residential_electricity_price_2024_by_state.csv,state,0,,,0,no_listed_facilities,WRI Aqueduct 4.0 baseline_annual
47073,2024,TN,Hawkins County,7964.0,13.6,58842.0,0,peeringdb_us_facilities_20261006T160916Z.json,2024,12.42,eia_residential_electricity_price_2024_by_state.csv,state,0,,,0,no_listed_facilities,WRI Aqueduct 4.0 baseline_annual
47075,2024,TN,Haywood County,3332.0,19.8,53818.0,0,peeringdb_us_facilities_20261006T160916Z.json,2024,12.42,eia_residential_electricity_price_2024_by_state.csv,state,0,,,0,no_listed_facilities,WRI Aqueduct 4.0 baseline_annual
47077,2024,TN,Henderson County,3987.0,14.4,58495.0,0,peeringdb_us_facilities_20261006T160916Z.json,2024,12.42,eia_residential_electricity_price_2024_by_state.csv,state,0,,,0,no_listed_facilities,WRI Aqueduct 4.0 baseline_annual
47079,2024,TN,Henry County,5559.0,17.1,54189.0,0,peeringdb_us_facilities_20261006T160916Z.json,2024,12.42,eia_residential_electricity_price_2024_by_state.csv,state,0,,,0,no_listed_facilities,WRI Aqueduct 4.0 baseline_annual
47081,2024,TN,Hickman County,3234.0,13.2,68886.0,0,peeringdb_us_facilities_20261006T160916Z.json,2024,12.42,eia_residential_electricity_price_2024_by_state.csv,state,0,,,0,no_listed_facilities,WRI Aqueduct 4.0 baseline_annual
47083,2024,TN,Houston County,1305.0,15.6,60114.0,0,peeringdb_us_facilities_20261006T160916Z.json,2024,12.42,eia_residential_electricity_price_2024_by_state.csv,state,0,,,0,no_listed_facilities,WRI Aqueduct 4.0 baseline_annual
47085,2024,TN,Humphreys County,2319.0,12.2,67537.0,0,peeringdb_us_facilities_20261006T160916Z.json,2024,12.42,eia_residential_electricity_price_2024_by_state.csv,state,0,,,0,no_listed_facilities,WRI Aqueduct 4.0 baseline_annual
47087,2024,TN,Jackson County,1982.0,16.3,54877.0,0,peeringdb_us_facilities_20261006T160916Z.json,2024,12.42,eia_residential_electricity_price_2024_by_state.csv,state,0,,,0,no_listed_facilities,WRI Aqueduct 4.0 baseline_annual
47089,2024,TN,Jefferson County,6995.0,12.1,66911.0,0,peeringdb_us_facilities_20261006T160916Z.json,2024,12.42,eia_residential_electricity_price_2024_by_state.csv,state,0,,,0,no_listed_facilities,WRI Aqueduct 4.0 baseline_annual
47091,2024,TN,Johnson County,3533.0,20.9,50816.0,0,peeringdb_us_facilities_20261006T160916Z.json,2024,12.42,eia_residential_electricity_price_2024_by_state.csv,state,0,,,0,no_listed_facilities,WRI Aqueduct 4.0 baseline_annual
47093,2024,TN,Knox County,63196.0,12.8,75465.0,1,peeringdb_us_facilities_20261006T160916Z.json,2024,12.42,eia_residential_electricity_price_2024_by_state.csv,state,1,0.0,100.0,0,complete_coverage,WRI Aqueduct 4.0 baseline_annual
47095,2024,TN,Lake County,1478.0,31.2,42267.0,0,peeringdb_us_facilities_20261006T160916Z.json,2024,12.42,eia_residential_electricity_price_2024_by_state.csv,state,0,,,0,no_listed_facilities,WRI Aqueduct 4.0 baseline_annual
47097,2024,TN,Lauderdale County,4696.0,20.7,53232.0,0,peeringdb_us_facilities_20261006T160916Z.json,2024,12.42,eia_residential_electricity_price_2024_by_state.csv,state,0,,,0,no_listed_facilities,WRI Aqueduct 4.0 baseline_annual
47099,2024,TN,Lawrence County,6361.0,13.9,61295.0,0,peeringdb_us_facilities_20261006T160916Z.json,2024,12.42,eia_residential_electricity_price_2024_by_state.csv,state,0,,,0,no_listed_facilities,WRI Aqueduct 4.0 baseline_annual
47101,2024,TN,Lewis County,1867.0,14.1,62426.0,0,peeringdb_us_facilities_20261006T160916Z.json,2024,12.42,eia_residential_electricity_price_2024_by_state.csv,state,0,,,0,no_listed_facilities,WRI Aqueduct 4.0 baseline_annual
47103,2024,TN,Lincoln County,4402.0,12.1,66757.0,0,peeringdb_us_facilities_20261006T160916Z.json,2024,12.42,eia_residential_electricity_price_2024_by_state.csv,state,0,,,0,no_listed_facilities,WRI Aqueduct 4.0 baseline_annual
47105,2024,TN,Loudon County,5576.0,9.0,84882.0,1,peeringdb_us_facilities_20261006T160916Z.json,2024,12.42,eia_residential_electricity_price_2024_by_state.csv,state,1,0.0,100.0,0,complete_coverage,WRI Aqueduct 4.0 baseline_annual
47107,2024,TN,McMinn County,7652.0,13.7,61178.0,0,peeringdb_us_facilities_20261006T160916Z.json,2024,12.42,eia_residential_electricity_price_2024_by_state.csv,state,0,,,0,no_listed_facilities,WRI Aqueduct 4.0 baseline_annual
47109,2024,TN,McNairy County,4292.0,16.7,56334.0,0,peeringdb_us_facilities_20261006T160916Z.json,2024,12.42,eia_residential_electricity_price_2024_by_state.csv,state,0,,,0,no_listed_facilities,WRI Aqueduct 4.0 baseline_annual
47111,2024,TN,Macon County,4278.0,16.0,59183.0,0,peeringdb_us_facilities_20261006T160916Z.json,2024,12.42,eia_residential_electricity_price_2024_by_state.csv,state,0,,,0,no_listed_facilities,WRI Aqueduct 4.0 baseline_annual
47113,2024,TN,Madison County,16689.0,17.5,63628.0,0,peeringdb_us_facilities_20261006T160916Z.json,2024,12.42,eia_residential_electricity_price_2024_by_state.csv,state,0,,,0,no_listed_facilities,WRI Aqueduct 4.0 baseline_annual
47115,2024,TN,Marion County,4084.0,13.8,64375.0,0,peeringdb_us_facilities_20261006T160916Z.json,2024,12.42,eia_residential_electricity_price_2024_by_state.csv,state,0,,,0,no_listed_facilities,WRI Aqueduct 4.0 baseline_annual
47117,2024,TN,Marshall County,3367.0,9.0,72893.0,0,peeringdb_us_facilities_20261006T160916Z.json,2024,12.42,eia_residential_electricity_price_2024_by_state.csv,state,0,,,0,no_listed_facilities,WRI Aqueduct 4.0 baseline_annual
47119,2024,TN,Maury County,9756.0,8.7,82751.0,0,peeringdb_us_facilities_20261006T160916Z.json,2024,12.42,eia_residential_electricity_price_2024_by_state.csv,state,0,,,0,no_listed_facilities,WRI Aqueduct 4.0 baseline_annual
47121,2024,TN,Meigs County,2004.0,14.5,61354.0,0,peeringdb_us_facilities_20261006T160916Z.json,2024,12.42,eia_residential_electricity_price_2024_by_state.csv,state,0,,,0,no_listed_facilities,WRI Aqueduct 4.0 baseline_annual
47123,2024,TN,Monroe County,6103.0,12.6,62682.0,0,peeringdb_us_facilities_20261006T160916Z.json,2024,12.42,eia_residential_electricity_price_2024_by_state.csv,state,0,,,0,no_listed_facilities,WRI Aqueduct 4.0 baseline_annual
47125,2024,TN,Montgomery County,24614.0,10.2,78956.0,0,peeringdb_us_facilities_20261006T160916Z.json,2024,12.42,eia_residential_electricity_price_2024_by_state.csv,state,0,,,0,no_listed_facilities,WRI Aqueduct 4.0 baseline_annual
47127,2024,TN,Moore County,594.0,8.9,76465.0,0,peeringdb_us_facilities_20261006T160916Z.json,2024,12.42,eia_residential_electricity_price_2024_by_state.csv,state,0,,,0,no_listed_facilities,WRI Aqueduct 4.0 baseline_annual
47129,2024,TN,Morgan County,3304.0,16.6,60822.0,0,peeringdb_us_facilities_20261006T160916Z.json,2024,12.42,eia_residential_electricity_price_2024_by_state.csv,state,0,,,0,no_listed_facilities,WRI Aqueduct 4.0 baseline_annual
47131,2024,TN,Obion County,4672.0,15.6,58186.0,0,peeringdb_us_facilities_20261006T160916Z.json,2024,12.42,eia_residential_electricity_price_2024_by_state.csv,state,0,,,0,no_listed_facilities,WRI Aqueduct 4.0 baseline_annual
47133,2024,TN,Overton County,3144.0,13.5,56460.0,0,peeringdb_us_facilities_20261006T160916Z.json,2024,12.42,eia_residential_electricity_price_2024_by_state.csv,state,0,,,0,no_listed_facilities,WRI Aqueduct 4.0 baseline_annual
47135,2024,TN,Perry County,1397.0,15.9,55337.0,0,peeringdb_us_facilities_20261006T160916Z.json,2024,12.42,eia_residential_electricity_price_2024_by_state.csv,state,0,,,0,no_listed_facilities,WRI Aqueduct 4.0 baseline_annual
47137,2024,TN,Pickett County,795.0,15.8,52519.0,0,peeringdb_us_facilities_20261006T160916Z.json,2024,12.42,eia_residential_electricity_price_2024_by_state.csv,state,0,,,0,no_listed_facilities,WRI Aqueduct 4.0 baseline_annual
47139,2024,TN,Polk County,2638.0,14.6,63014.0,0,peeringdb_us_facilities_20261006T160916Z.json,2024,12.42,eia_residential_electricity_price_2024_by_state.csv,state,0,,,0,no_listed_facilities,WRI Aqueduct 4.0 baseline_annual
47141,2024,TN,Putnam County,14982.0,18.4,61722.0,0,peeringdb_us_facilities_20261006T160916Z.json,2024,12.42,eia_residential_electricity_price_2024_by_state.csv,state,0,,,0,no_listed_facilities,WRI Aqueduct 4.0 baseline_annual
47143,2024,TN,Rhea County,4712.0,14.0,56791.0,0,peeringdb_us_facilities_20261006T160916Z.json,2024,12.42,eia_residential_electricity_price_2024_by_state.csv,state,0,,,0,no_listed_facilities,WRI Aqueduct 4.0 baseline_annual
47145,2024,TN,Roane County,6782.0,12.1,77481.0,0,peeringdb_us_facilities_20261006T160916Z.json,2024,12.42,eia_residential_electricity_price_2024_by_state.csv,state,0,,,0,no_listed_facilities,WRI Aqueduct 4.0 baseline_annual
47147,2024,TN,Robertson County,7110.0,9.2,81231.0,0,peeringdb_us_facilities_20261006T160916Z.json,2024,12.42,eia_residential_electricity_price_2024_by_state.csv,state,0,,,0,no_listed_facilities,WRI Aqueduct 4.0 baseline_annual
47149,2024,TN,Rutherford County,37244.0,10.0,90118.0,0,peeringdb_us_facilities_20261006T160916Z.json,2024,12.42,eia_residential_electricity_price_2024_by_state.csv,state,0,,,0,no_listed_facilities,WRI Aqueduct 4.0 baseline_annual
47151,2024,TN,Scott County,3941.0,17.7,52097.0,0,peeringdb_us_facilities_20261006T160916Z.json,2024,12.42,eia_residential_electricity_price_2024_by_state.csv,state,0,,,0,no_listed_facilities,WRI Aqueduct 4.0 baseline_annual
47153,2024,TN,Sequatchie County,2664.0,15.4,65760.0,0,peeringdb_us_facilities_20261006T160916Z.json,2024,12.42,eia_residential_electricity_price_2024_by_state.csv,state,0,,,0,no_listed_facilities,WRI Aqueduct 4.0 baseline_annual
47155,2024,TN,Sevier County,13090.0,13.2,63315.0,0,peeringdb_us_facilities_20261006T160916Z.json,2024,12.42,eia_residential_electricity_price_2024_by_state.csv,state,0,,,0,no_listed_facilities,WRI Aqueduct 4.0 baseline_annual
47157,2024,TN,Shelby County,170516.0,19.0,65005.0,4,peeringdb_us_facilities_20261006T160916Z.json,2024,12.42,eia_residential_electricity_price_2024_by_state.csv,state,4,0.0,100.0,0,complete_coverage,WRI Aqueduct 4.0 baseline_annual
47159,2024,TN,Smith County,2384.0,11.6,71325.0,0,peeringdb_us_facilities_20261006T160916Z.json,2024,12.42,eia_residential_electricity_price_2024_by_state.csv,state,0,,,0,no_listed_facilities,WRI Aqueduct 4.0 baseline_annual
47161,2024,TN,Stewart County,2412.0,17.1,64200.0,0,peeringdb_us_facilities_20261006T160916Z.json,2024,12.42,eia_residential_electricity_price_2024_by_state.csv,state,0,,,0,no_listed_facilities,WRI Aqueduct 4.0 baseline_annual
47163,2024,TN,Sullivan County,25200.0,15.7,65634.0,0,peeringdb_us_facilities_20261006T160916Z.json,2024,12.42,eia_residential_electricity_price_2024_by_state.csv,state,0,,,0,no_listed_facilities,WRI Aqueduct 4.0 baseline_annual
47165,2024,TN,Sumner County,17322.0,8.3,95878.0,0,peeringdb_us_facilities_20261006T160916Z.json,2024,12.42,eia_residential_electricity_price_2024_by_state.csv,state,0,,,0,no_listed_facilities,WRI Aqueduct 4.0 baseline_annual
47167,2024,TN,Tipton County,8343.0,13.6,76717.0,0,peeringdb_us_facilities_20261006T160916Z.json,2024,12.42,eia_residential_electricity_price_2024_by_state.csv,state,0,,,0,no_listed_facilities,WRI Aqueduct 4.0 baseline_annual
47169,2024,TN,Trousdale County,1450.0,14.5,70518.0,0,peeringdb_us_facilities_20261006T160916Z.json,2024,12.42,eia_residential_electricity_price_2024_by_state.csv,state,0,,,0,no_listed_facilities,WRI Aqueduct 4.0 baseline_annual
47171,2024,TN,Unicoi County,2524.0,14.4,56931.0,0,peeringdb_us_facilities_20261006T160916Z.json,2024,12.42,eia_residential_electricity_price_2024_by_state.csv,state,0,,,0,no_listed_facilities,WRI Aqueduct 4.0 baseline_annual
47173,2024,TN,Union County,3628.0,17.4,57039.0,0,peeringdb_us_facilities_20261006T160916Z.json,2024,12.42,eia_residential_electricity_price_2024_by_state.csv,state,0,,,0,no_listed_facilities,WRI Aqueduct 4.0 baseline_annual
47175,2024,TN,Van Buren County,984.0,14.9,54580.0,0,peeringdb_us_facilities_20261006T160916Z.json,2024,12.42,eia_residential_electricity_price_2024_by_state.csv,state,0,,,0,no_listed_facilities,WRI Aqueduct 4.0 baseline_annual
47177,2024,TN,Warren County,6577.0,15.2,59779.0,0,peeringdb_us_facilities_20261006T160916Z.json,2024,12.42,eia_residential_electricity_price_2024_by_state.csv,state,0,,,0,no_listed_facilities,WRI Aqueduct 4.0 baseline_annual
47179,2024,TN,Washington County,17583.0,13.0,64816.0,0,peeringdb_us_facilities_20261006T160916Z.json,2024,12.42,eia_residential_electricity_price_2024_by_state.csv,state,0,,,0,no_listed_facilities,WRI Aqueduct 4.0 baseline_annual
47181,2024,TN,Wayne County,2692.0,18.8,50630.0,0,peeringdb_us_facilities_20261006T160916Z.json,2024,12.42,eia_residential_electricity_price_2024_by_state.csv,state,0,,,0,no_listed_facilities,WRI Aqueduct 4.0 baseline_annual
47183,2024,TN,Weakley County,5367.0,17.3,52803.0,0,peeringdb_us_facilities_20261006T160916Z.json,2024,12.42,eia_residential_electricity_price_2024_by_state.csv,state,0,,,0,no_listed_facilities,WRI Aqueduct 4.0 baseline_annual
47185,2024,TN,White County,3334.0,11.6,56340.0,0,peeringdb_us_facilities_20261006T160916Z.json,2024,12.42,eia_residential_electricity_price_2024_by_state.csv,state,0,,,0,no_listed_facilities,WRI Aqueduct 4.0 baseline_annual
47187,2024,TN,Williamson County,11974.0,4.5,147807.0,4,peeringdb_us_facilities_20261006T160916Z.json,2024,12.42,eia_residential_electricity_price_2024_by_state.csv,state,4,1.1240926164413865,100.0,0,complete_coverage,WRI Aqueduct 4.0 baseline_annual
47189,2024,TN,Wilson County,12286.0,7.3,96530.0,0,peeringdb_us_facilities_20261006T160916Z.json,2024,12.42,eia_residential_electricity_price_2024_by_state.csv,state,0,,,0,no_listed_facilities,WRI Aqueduct 4.0 baseline_annual
48001,2024,TX,Anderson County,9083.0,20.0,57927.0,0,peeringdb_us_facilities_20261006T160916Z.json,2024,14.94,eia_residential_electricity_price_2024_by_state.csv,state,0,,,0,no_listed_facilities,WRI Aqueduct 4.0 baseline_annual
48003,2024,TX,Andrews County,1975.0,10.5,89424.0,0,peeringdb_us_facilities_20261006T160916Z.json,2024,14.94,eia_residential_electricity_price_2024_by_state.csv,state,0,,,0,no_listed_facilities,WRI Aqueduct 4.0 baseline_annual
48005,2024,TX,Angelina County,10930.0,12.7,62937.0,0,peeringdb_us_facilities_20261006T160916Z.json,2024,14.94,eia_residential_electricity_price_2024_by_state.csv,state,0,,,0,no_listed_facilities,WRI Aqueduct 4.0 baseline_annual
48007,2024,TX,Aransas County,3593.0,14.3,67768.0,0,peeringdb_us_facilities_20261006T160916Z.json,2024,14.94,eia_residential_electricity_price_2024_by_state.csv,state,0,,,0,no_listed_facilities,WRI Aqueduct 4.0 baseline_annual
48009,2024,TX,Archer County,838.0,9.2,79806.0,0,peeringdb_us_facilities_20261006T160916Z.json,2024,14.94,eia_residential_electricity_price_2024_by_state.csv,state,0,,,0,no_listed_facilities,WRI Aqueduct 4.0 baseline_annual
48011,2024,TX,Armstrong County,178.0,10.1,77908.0,0,peeringdb_us_facilities_20261006T160916Z.json,2024,14.94,eia_residential_electricity_price_2024_by_state.csv,state,0,,,0,no_listed_facilities,WRI Aqueduct 4.0 baseline_annual
48013,2024,TX,Atascosa County,8286.0,15.9,66244.0,0,peeringdb_us_facilities_20261006T160916Z.json,2024,14.94,eia_residential_electricity_price_2024_by_state.csv,state,0,,,0,no_listed_facilities,WRI Aqueduct 4.0 baseline_annual
48015,2024,TX,Austin County,3576.0,11.1,74343.0,0,peeringdb_us_facilities_20261006T160916Z.json,2024,14.94,eia_residential_electricity_price_2024_by_state.csv,state,0,,,0,no_listed_facilities,WRI Aqueduct 4.0 baseline_annual
48017,2024,TX,Bailey County,1075.0,15.6,61259.0,0,peeringdb_us_facilities_20261006T160916Z.json,2024,14.94,eia_residential_electricity_price_2024_by_state.csv,state,0,,,0,no_listed_facilities,WRI Aqueduct 4.0 baseline_annual
48019,2024,TX,Bandera County,2502.0,11.0,76716.0,0,peeringdb_us_facilities_20261006T160916Z.json,2024,14.94,eia_residential_electricity_price_2024_by_state.csv,state,0,,,0,no_listed_facilities,WRI Aqueduct 4.0 baseline_annual
48021,2024,TX,Bastrop County,10781.0,9.6,84174.0,0,peeringdb_us_facilities_20261006T160916Z.json,2024,14.94,eia_residential_electricity_price_2024_by_state.csv,state,0,,,0,no_listed_facilities,WRI Aqueduct 4.0 baseline_annual
48023,2024,TX,Baylor County,557.0,16.1,54002.0,0,peeringdb_us_facilities_20261006T160916Z.json,2024,14.94,eia_residential_electricity_price_2024_by_state.csv,state,0,,,0,no_listed_facilities,WRI Aqueduct 4.0 baseline_annual
48025,2024,TX,Bee County,5529.0,24.2,56414.0,0,peeringdb_us_facilities_20261006T160916Z.json,2024,14.94,eia_residential_electricity_price_2024_by_state.csv,state,0,,,0,no_listed_facilities,WRI Aqueduct 4.0 baseline_annual
48027,2024,TX,Bell County,53772.0,13.8,69108.0,0,peeringdb_us_facilities_20261006T160916Z.json,2024,14.94,eia_residential_electricity_price_2024_by_state.csv,state,0,,,0,no_listed_facilities,WRI Aqueduct 4.0 baseline_annual
48029,2024,TX,Bexar County,304387.0,14.6,72578.0,5,peeringdb_us_facilities_20261006T160916Z.json,2024,14.94,eia_residential_electricity_price_2024_by_state.csv,state,5,3.989606399774879,100.0,0,complete_coverage,WRI Aqueduct 4.0 baseline_annual
48031,2024,TX,Blanco County,1068.0,8.0,97321.0,0,peeringdb_us_facilities_20261006T160916Z.json,2024,14.94,eia_residential_electricity_price_2024_by_state.csv,state,0,,,0,no_listed_facilities,WRI Aqueduct 4.0 baseline_annual
48033,2024,TX,Borden County,57.0,10.2,96586.0,0,peeringdb_us_facilities_20261006T160916Z.json,2024,14.94,eia_residential_electricity_price_2024_by_state.csv,state,0,,,0,no_listed_facilities,WRI Aqueduct 4.0 baseline_annual
48035,2024,TX,Bosque County,2713.0,14.5,64319.0,0,peeringdb_us_facilities_20261006T160916Z.json,2024,14.94,eia_residential_electricity_price_2024_by_state.csv,state,0,,,0,no_listed_facilities,WRI Aqueduct 4.0 baseline_annual
48037,2024,TX,Bowie County,14070.0,16.2,62559.0,0,peeringdb_us_facilities_20261006T160916Z.json,2024,14.94,eia_residential_electricity_price_2024_by_state.csv,state,0,,,0,no_listed_facilities,WRI Aqueduct 4.0 baseline_annual
48039,2024,TX,Brazoria County,36465.0,9.1,100255.0,0,peeringdb_us_facilities_20261006T160916Z.json,2024,14.94,eia_residential_electricity_price_2024_by_state.csv,state,0,,,0,no_listed_facilities,WRI Aqueduct 4.0 baseline_annual
48041,2024,TX,Brazos County,50404.0,22.1,61938.0,2,peeringdb_us_facilities_20261006T160916Z.json,2024,14.94,eia_residential_electricity_price_2024_by_state.csv,state,2,0.0,100.0,0,complete_coverage,WRI Aqueduct 4.0 baseline_annual
48043,2024,TX,Brewster County,1351.0,15.1,63982.0,0,peeringdb_us_facilities_20261006T160916Z.json,2024,14.94,eia_residential_electricity_price_2024_by_state.csv,state,0,,,0,no_listed_facilities,WRI Aqueduct 4.0 baseline_annual
48045,2024,TX,Briscoe County,219.0,14.7,61395.0,0,peeringdb_us_facilities_20261006T160916Z.json,2024,14.94,eia_residential_electricity_price_2024_by_state.csv,state,0,,,0,no_listed_facilities,WRI Aqueduct 4.0 baseline_annual
48047,2024,TX,Brooks County,1900.0,30.6,39409.0,0,peeringdb_us_facilities_20261006T160916Z.json,2024,14.94,eia_residential_electricity_price_2024_by_state.csv,state,0,,,0,no_listed_facilities,WRI Aqueduct 4.0 baseline_annual
48049,2024,TX,Brown County,6179.0,16.7,60291.0,0,peeringdb_us_facilities_20261006T160916Z.json,2024,14.94,eia_residential_electricity_price_2024_by_state.csv,state,0,,,0,no_listed_facilities,WRI Aqueduct 4.0 baseline_annual
48051,2024,TX,Burleson County,2739.0,13.7,70451.0,0,peeringdb_us_facilities_20261006T160916Z.json,2024,14.94,eia_residential_electricity_price_2024_by_state.csv,state,0,,,0,no_listed_facilities,WRI Aqueduct 4.0 baseline_annual
48053,2024,TX,Burnet County,5037.0,9.2,78699.0,0,peeringdb_us_facilities_20261006T160916Z.json,2024,14.94,eia_residential_electricity_price_2024_by_state.csv,state,0,,,0,no_listed_facilities,WRI Aqueduct 4.0 baseline_annual
48055,2024,TX,Caldwell County,5967.0,11.8,70980.0,0,peeringdb_us_facilities_20261006T160916Z.json,2024,14.94,eia_residential_electricity_price_2024_by_state.csv,state,0,,,0,no_listed_facilities,WRI Aqueduct 4.0 baseline_annual
48057,2024,TX,Calhoun County,2847.0,14.5,69077.0,0,peeringdb_us_facilities_20261006T160916Z.json,2024,14.94,eia_residential_electricity_price_2024_by_state.csv,state,0,,,0,no_listed_facilities,WRI Aqueduct 4.0 baseline_annual
48059,2024,TX,Callahan County,1658.0,11.5,67065.0,0,peeringdb_us_facilities_20261006T160916Z.json,2024,14.94,eia_residential_electricity_price_2024_by_state.csv,state,0,,,0,no_listed_facilities,WRI Aqueduct 4.0 baseline_annual
48061,2024,TX,Cameron County,103609.0,24.3,52973.0,1,peeringdb_us_facilities_20261006T160916Z.json,2024,14.94,eia_residential_electricity_price_2024_by_state.csv,state,1,5.0,100.0,0,complete_coverage,WRI Aqueduct 4.0 baseline_annual
48063,2024,TX,Camp County,2057.0,15.7,63333.0,0,peeringdb_us_facilities_20261006T160916Z.json,2024,14.94,eia_residential_electricity_price_2024_by_state.csv,state,0,,,0,no_listed_facilities,WRI Aqueduct 4.0 baseline_annual
48065,2024,TX,Carson County,548.0,9.5,81564.0,0,peeringdb_us_facilities_20261006T160916Z.json,2024,14.94,eia_residential_electricity_price_2024_by_state.csv,state,0,,,0,no_listed_facilities,WRI Aqueduct 4.0 baseline_annual
48067,2024,TX,Cass County,4650.0,16.5,52449.0,0,peeringdb_us_facilities_20261006T160916Z.json,2024,14.94,eia_residential_electricity_price_2024_by_state.csv,state,0,,,0,no_listed_facilities,WRI Aqueduct 4.0 baseline_annual
48069,2024,TX,Castro County,1212.0,16.7,66616.0,0,peeringdb_us_facilities_20261006T160916Z.json,2024,14.94,eia_residential_electricity_price_2024_by_state.csv,state,0,,,0,no_listed_facilities,WRI Aqueduct 4.0 baseline_annual
48071,2024,TX,Chambers County,4403.0,7.9,106175.0,0,peeringdb_us_facilities_20261006T160916Z.json,2024,14.94,eia_residential_electricity_price_2024_by_state.csv,state,0,,,0,no_listed_facilities,WRI Aqueduct 4.0 baseline_annual
48073,2024,TX,Cherokee County,8144.0,16.0,59341.0,0,peeringdb_us_facilities_20261006T160916Z.json,2024,14.94,eia_residential_electricity_price_2024_by_state.csv,state,0,,,0,no_listed_facilities,WRI Aqueduct 4.0 baseline_annual
48075,2024,TX,Childress County,1073.0,20.0,57509.0,0,peeringdb_us_facilities_20261006T160916Z.json,2024,14.94,eia_residential_electricity_price_2024_by_state.csv,state,0,,,0,no_listed_facilities,WRI Aqueduct 4.0 baseline_annual
48077,2024,TX,Clay County,1166.0,11.0,74944.0,0,peeringdb_us_facilities_20261006T160916Z.json,2024,14.94,eia_residential_electricity_price_2024_by_state.csv,state,0,,,0,no_listed_facilities,WRI Aqueduct 4.0 baseline_annual
48079,2024,TX,Cochran County,531.0,20.8,52164.0,0,peeringdb_us_facilities_20261006T160916Z.json,2024,14.94,eia_residential_electricity_price_2024_by_state.csv,state,0,,,0,no_listed_facilities,WRI Aqueduct 4.0 baseline_annual
48081,2024,TX,Coke County,492.0,15.0,55835.0,0,peeringdb_us_facilities_20261006T160916Z.json,2024,14.94,eia_residential_electricity_price_2024_by_state.csv,state,0,,,0,no_listed_facilities,WRI Aqueduct 4.0 baseline_annual
48083,2024,TX,Coleman County,1488.0,18.8,52648.0,0,peeringdb_us_facilities_20261006T160916Z.json,2024,14.94,eia_residential_electricity_price_2024_by_state.csv,state,0,,,0,no_listed_facilities,WRI Aqueduct 4.0 baseline_annual
48085,2024,TX,Collin County,70944.0,5.7,124920.0,13,peeringdb_us_facilities_20261006T160916Z.json,2024,14.94,eia_residential_electricity_price_2024_by_state.csv,state,13,2.6932507723950616,100.0,0,complete_coverage,WRI Aqueduct 4.0 baseline_annual
48087,2024,TX,Collingsworth County,432.0,16.6,55421.0,0,peeringdb_us_facilities_20261006T160916Z.json,2024,14.94,eia_residential_electricity_price_2024_by_state.csv,state,0,,,0,no_listed_facilities,WRI Aqueduct 4.0 baseline_annual
48089,2024,TX,Colorado County,2813.0,13.4,66938.0,0,peeringdb_us_facilities_20261006T160916Z.json,2024,14.94,eia_residential_electricity_price_2024_by_state.csv,state,0,,,0,no_listed_facilities,WRI Aqueduct 4.0 baseline_annual
48091,2024,TX,Comal County,13723.0,6.9,109427.0,0,peeringdb_us_facilities_20261006T160916Z.json,2024,14.94,eia_residential_electricity_price_2024_by_state.csv,state,0,,,0,no_listed_facilities,WRI Aqueduct 4.0 baseline_annual
48093,2024,TX,Comanche County,2056.0,14.5,58941.0,0,peeringdb_us_facilities_20261006T160916Z.json,2024,14.94,eia_residential_electricity_price_2024_by_state.csv,state,0,,,0,no_listed_facilities,WRI Aqueduct 4.0 baseline_annual
48095,2024,TX,Concho County,499.0,22.0,57030.0,0,peeringdb_us_facilities_20261006T160916Z.json,2024,14.94,eia_residential_electricity_price_2024_by_state.csv,state,0,,,0,no_listed_facilities,WRI Aqueduct 4.0 baseline_annual
48097,2024,TX,Cooke County,4855.0,11.2,77501.0,0,peeringdb_us_facilities_20261006T160916Z.json,2024,14.94,eia_residential_electricity_price_2024_by_state.csv,state,0,,,0,no_listed_facilities,WRI Aqueduct 4.0 baseline_annual
48099,2024,TX,Coryell County,10707.0,14.6,64049.0,0,peeringdb_us_facilities_20261006T160916Z.json,2024,14.94,eia_residential_electricity_price_2024_by_state.csv,state,0,,,0,no_listed_facilities,WRI Aqueduct 4.0 baseline_annual
48101,2024,TX,Cottle County,239.0,19.0,57388.0,0,peeringdb_us_facilities_20261006T160916Z.json,2024,14.94,eia_residential_electricity_price_2024_by_state.csv,state,0,,,0,no_listed_facilities,WRI Aqueduct 4.0 baseline_annual
48103,2024,TX,Crane County,510.0,11.4,77653.0,0,peeringdb_us_facilities_20261006T160916Z.json,2024,14.94,eia_residential_electricity_price_2024_by_state.csv,state,0,,,0,no_listed_facilities,WRI Aqueduct 4.0 baseline_annual
48105,2024,TX,Crockett County,403.0,14.7,59395.0,0,peeringdb_us_facilities_20261006T160916Z.json,2024,14.94,eia_residential_electricity_price_2024_by_state.csv,state,0,,,0,no_listed_facilities,WRI Aqueduct 4.0 baseline_annual
48107,2024,TX,Crosby County,1051.0,21.2,49096.0,0,peeringdb_us_facilities_20261006T160916Z.json,2024,14.94,eia_residential_electricity_price_2024_by_state.csv,state,0,,,0,no_listed_facilities,WRI Aqueduct 4.0 baseline_annual
48109,2024,TX,Culberson County,409.0,18.2,64099.0,0,peeringdb_us_facilities_20261006T160916Z.json,2024,14.94,eia_residential_electricity_price_2024_by_state.csv,state,0,,,0,no_listed_facilities,WRI Aqueduct 4.0 baseline_annual
48111,2024,TX,Dallam County,875.0,11.7,63621.0,0,peeringdb_us_facilities_20261006T160916Z.json,2024,14.94,eia_residential_electricity_price_2024_by_state.csv,state,0,,,0,no_listed_facilities,WRI Aqueduct 4.0 baseline_annual
48113,2024,TX,Dallas County,328986.0,12.5,78910.0,38,peeringdb_us_facilities_20261006T160916Z.json,2024,14.94,eia_residential_electricity_price_2024_by_state.csv,state,38,2.368332556904464,100.0,0,complete_coverage,WRI Aqueduct 4.0 baseline_annual
48115,2024,TX,Dawson County,2040.0,20.1,58227.0,0,peeringdb_us_facilities_20261006T160916Z.json,2024,14.94,eia_residential_electricity_price_2024_by_state.csv,state,0,,,0,no_listed_facilities,WRI Aqueduct 4.0 baseline_annual
48117,2024,TX,Deaf Smith County,3068.0,16.8,61990.0,0,peeringdb_us_facilities_20261006T160916Z.json,2024,14.94,eia_residential_electricity_price_2024_by_state.csv,state,0,,,0,no_listed_facilities,WRI Aqueduct 4.0 baseline_annual
48119,2024,TX,Delta County,816.0,14.6,63985.0,0,peeringdb_us_facilities_20261006T160916Z.json,2024,14.94,eia_residential_electricity_price_2024_by_state.csv,state,0,,,0,no_listed_facilities,WRI Aqueduct 4.0 baseline_annual
48121,2024,TX,Denton County,64177.0,6.2,117499.0,3,peeringdb_us_facilities_20261006T160916Z.json,2024,14.94,eia_residential_electricity_price_2024_by_state.csv,state,3,3.2925505686994985,100.0,0,complete_coverage,WRI Aqueduct 4.0 baseline_annual
48123,2024,TX,DeWitt County,3405.0,18.5,63383.0,0,peeringdb_us_facilities_20261006T160916Z.json,2024,14.94,eia_residential_electricity_price_2024_by_state.csv,state,0,,,0,no_listed_facilities,WRI Aqueduct 4.0 baseline_annual
48125,2024,TX,Dickens County,306.0,17.8,52796.0,0,peeringdb_us_facilities_20261006T160916Z.json,2024,14.94,eia_residential_electricity_price_2024_by_state.csv,state,0,,,0,no_listed_facilities,WRI Aqueduct 4.0 baseline_annual
48127,2024,TX,Dimmit County,2271.0,28.5,49127.0,0,peeringdb_us_facilities_20261006T160916Z.json,2024,14.94,eia_residential_electricity_price_2024_by_state.csv,state,0,,,0,no_listed_facilities,WRI Aqueduct 4.0 baseline_annual
48129,2024,TX,Donley County,500.0,17.2,51408.0,0,peeringdb_us_facilities_20261006T160916Z.json,2024,14.94,eia_residential_electricity_price_2024_by_state.csv,state,0,,,0,no_listed_facilities,WRI Aqueduct 4.0 baseline_annual
48131,2024,TX,Duval County,2188.0,24.8,45438.0,0,peeringdb_us_facilities_20261006T160916Z.json,2024,14.94,eia_residential_electricity_price_2024_by_state.csv,state,0,,,0,no_listed_facilities,WRI Aqueduct 4.0 baseline_annual
48133,2024,TX,Eastland County,3238.0,18.5,54528.0,0,peeringdb_us_facilities_20261006T160916Z.json,2024,14.94,eia_residential_electricity_price_2024_by_state.csv,state,0,,,0,no_listed_facilities,WRI Aqueduct 4.0 baseline_annual
48135,2024,TX,Ector County,24813.0,14.8,75887.0,0,peeringdb_us_facilities_20261006T160916Z.json,2024,14.94,eia_residential_electricity_price_2024_by_state.csv,state,0,,,0,no_listed_facilities,WRI Aqueduct 4.0 baseline_annual
48137,2024,TX,Edwards County,262.0,19.2,57450.0,0,peeringdb_us_facilities_20261006T160916Z.json,2024,14.94,eia_residential_electricity_price_2024_by_state.csv,state,0,,,0,no_listed_facilities,WRI Aqueduct 4.0 baseline_annual
48139,2024,TX,Ellis County,17258.0,7.5,99726.0,0,peeringdb_us_facilities_20261006T160916Z.json,2024,14.94,eia_residential_electricity_price_2024_by_state.csv,state,0,,,0,no_listed_facilities,WRI Aqueduct 4.0 baseline_annual
48141,2024,TX,El Paso County,155360.0,18.1,59883.0,1,peeringdb_us_facilities_20261006T160916Z.json,2024,14.94,eia_residential_electricity_price_2024_by_state.csv,state,1,4.663658508355201,100.0,0,complete_coverage,WRI Aqueduct 4.0 baseline_annual
48143,2024,TX,Erath County,6056.0,14.9,65488.0,0,peeringdb_us_facilities_20261006T160916Z.json,2024,14.94,eia_residential_electricity_price_2024_by_state.csv,state,0,,,0,no_listed_facilities,WRI Aqueduct 4.0 baseline_annual
48145,2024,TX,Falls County,2921.0,18.7,56486.0,0,peeringdb_us_facilities_20261006T160916Z.json,2024,14.94,eia_residential_electricity_price_2024_by_state.csv,state,0,,,0,no_listed_facilities,WRI Aqueduct 4.0 baseline_annual
48147,2024,TX,Fannin County,4494.0,12.8,70819.0,0,peeringdb_us_facilities_20261006T160916Z.json,2024,14.94,eia_residential_electricity_price_2024_by_state.csv,state,0,,,0,no_listed_facilities,WRI Aqueduct 4.0 baseline_annual
48149,2024,TX,Fayette County,2555.0,10.2,76540.0,0,peeringdb_us_facilities_20261006T160916Z.json,2024,14.94,eia_residential_electricity_price_2024_by_state.csv,state,0,,,0,no_listed_facilities,WRI Aqueduct 4.0 baseline_annual
48151,2024,TX,Fisher County,544.0,14.9,64430.0,0,peeringdb_us_facilities_20261006T160916Z.json,2024,14.94,eia_residential_electricity_price_2024_by_state.csv,state,0,,,0,no_listed_facilities,WRI Aqueduct 4.0 baseline_annual
48153,2024,TX,Floyd County,872.0,17.3,54212.0,0,peeringdb_us_facilities_20261006T160916Z.json,2024,14.94,eia_residential_electricity_price_2024_by_state.csv,state,0,,,0,no_listed_facilities,WRI Aqueduct 4.0 baseline_annual
48155,2024,TX,Foard County,165.0,16.2,52717.0,0,peeringdb_us_facilities_20261006T160916Z.json,2024,14.94,eia_residential_electricity_price_2024_by_state.csv,state,0,,,0,no_listed_facilities,WRI Aqueduct 4.0 baseline_annual
48157,2024,TX,Fort Bend County,73289.0,7.7,115538.0,0,peeringdb_us_facilities_20261006T160916Z.json,2024,14.94,eia_residential_electricity_price_2024_by_state.csv,state,0,,,0,no_listed_facilities,WRI Aqueduct 4.0 baseline_annual
48159,2024,TX,Franklin County,1447.0,13.4,67120.0,0,peeringdb_us_facilities_20261006T160916Z.json,2024,14.94,eia_residential_electricity_price_2024_by_state.csv,state,0,,,0,no_listed_facilities,WRI Aqueduct 4.0 baseline_annual
48161,2024,TX,Freestone County,2418.0,12.7,69048.0,0,peeringdb_us_facilities_20261006T160916Z.json,2024,14.94,eia_residential_electricity_price_2024_by_state.csv,state,0,,,0,no_listed_facilities,WRI Aqueduct 4.0 baseline_annual
48163,2024,TX,Frio County,4403.0,27.0,51825.0,0,peeringdb_us_facilities_20261006T160916Z.json,2024,14.94,eia_residential_electricity_price_2024_by_state.csv,state,0,,,0,no_listed_facilities,WRI Aqueduct 4.0 baseline_annual
48165,2024,TX,Gaines County,2775.0,12.2,71008.0,0,peeringdb_us_facilities_20261006T160916Z.json,2024,14.94,eia_residential_electricity_price_2024_by_state.csv,state,0,,,0,no_listed_facilities,WRI Aqueduct 4.0 baseline_annual
48167,2024,TX,Galveston County,45749.0,12.6,86354.0,0,peeringdb_us_facilities_20261006T160916Z.json,2024,14.94,eia_residential_electricity_price_2024_by_state.csv,state,0,,,0,no_listed_facilities,WRI Aqueduct 4.0 baseline_annual
48169,2024,TX,Garza County,717.0,17.2,57106.0,0,peeringdb_us_facilities_20261006T160916Z.json,2024,14.94,eia_residential_electricity_price_2024_by_state.csv,state,0,,,0,no_listed_facilities,WRI Aqueduct 4.0 baseline_annual
48171,2024,TX,Gillespie County,2285.0,8.2,86869.0,0,peeringdb_us_facilities_20261006T160916Z.json,2024,14.94,eia_residential_electricity_price_2024_by_state.csv,state,0,,,0,no_listed_facilities,WRI Aqueduct 4.0 baseline_annual
48173,2024,TX,Glasscock County,94.0,8.2,107849.0,0,peeringdb_us_facilities_20261006T160916Z.json,2024,14.94,eia_residential_electricity_price_2024_by_state.csv,state,0,,,0,no_listed_facilities,WRI Aqueduct 4.0 baseline_annual
48175,2024,TX,Goliad County,1102.0,15.4,68784.0,0,peeringdb_us_facilities_20261006T160916Z.json,2024,14.94,eia_residential_electricity_price_2024_by_state.csv,state,0,,,0,no_listed_facilities,WRI Aqueduct 4.0 baseline_annual
48177,2024,TX,Gonzales County,3551.0,18.0,60783.0,0,peeringdb_us_facilities_20261006T160916Z.json,2024,14.94,eia_residential_electricity_price_2024_by_state.csv,state,0,,,0,no_listed_facilities,WRI Aqueduct 4.0 baseline_annual
48179,2024,TX,Gray County,2971.0,15.4,69749.0,0,peeringdb_us_facilities_20261006T160916Z.json,2024,14.94,eia_residential_electricity_price_2024_by_state.csv,state,0,,,0,no_listed_facilities,WRI Aqueduct 4.0 baseline_annual
48181,2024,TX,Grayson County,16352.0,11.0,72865.0,0,peeringdb_us_facilities_20261006T160916Z.json,2024,14.94,eia_residential_electricity_price_2024_by_state.csv,state,0,,,0,no_listed_facilities,WRI Aqueduct 4.0 baseline_annual
48183,2024,TX,Gregg County,19874.0,16.1,62490.0,0,peeringdb_us_facilities_20261006T160916Z.json,2024,14.94,eia_residential_electricity_price_2024_by_state.csv,state,0,,,0,no_listed_facilities,WRI Aqueduct 4.0 baseline_annual
48185,2024,TX,Grimes County,4564.0,15.0,67168.0,0,peeringdb_us_facilities_20261006T160916Z.json,2024,14.94,eia_residential_electricity_price_2024_by_state.csv,state,0,,,0,no_listed_facilities,WRI Aqueduct 4.0 baseline_annual
48187,2024,TX,Guadalupe County,15247.0,7.9,90997.0,0,peeringdb_us_facilities_20261006T160916Z.json,2024,14.94,eia_residential_electricity_price_2024_by_state.csv,state,0,,,0,no_listed_facilities,WRI Aqueduct 4.0 baseline_annual
48189,2024,TX,Hale County,5533.0,18.6,54376.0,0,peeringdb_us_facilities_20261006T160916Z.json,2024,14.94,eia_residential_electricity_price_2024_by_state.csv,state,0,,,0,no_listed_facilities,WRI Aqueduct 4.0 baseline_annual
48191,2024,TX,Hall County,617.0,22.1,52797.0,0,peeringdb_us_facilities_20261006T160916Z.json,2024,14.94,eia_residential_electricity_price_2024_by_state.csv,state,0,,,0,no_listed_facilities,WRI Aqueduct 4.0 baseline_annual
48193,2024,TX,Hamilton County,1164.0,13.7,71790.0,0,peeringdb_us_facilities_20261006T160916Z.json,2024,14.94,eia_residential_electricity_price_2024_by_state.csv,state,0,,,0,no_listed_facilities,WRI Aqueduct 4.0 baseline_annual
48195,2024,TX,Hansford County,548.0,11.1,75870.0,0,peeringdb_us_facilities_20261006T160916Z.json,2024,14.94,eia_residential_electricity_price_2024_by_state.csv,state,0,,,0,no_listed_facilities,WRI Aqueduct 4.0 baseline_annual
48197,2024,TX,Hardeman County,616.0,18.1,53275.0,0,peeringdb_us_facilities_20261006T160916Z.json,2024,14.94,eia_residential_electricity_price_2024_by_state.csv,state,0,,,0,no_listed_facilities,WRI Aqueduct 4.0 baseline_annual
48199,2024,TX,Hardin County,6282.0,10.8,81183.0,0,peeringdb_us_facilities_20261006T160916Z.json,2024,14.94,eia_residential_electricity_price_2024_by_state.csv,state,0,,,0,no_listed_facilities,WRI Aqueduct 4.0 baseline_annual
48201,2024,TX,Harris County,827245.0,16.7,74682.0,19,peeringdb_us_facilities_20261006T160916Z.json,2024,14.94,eia_residential_electricity_price_2024_by_state.csv,state,19,2.522352863863281,100.0,0,complete_coverage,WRI Aqueduct 4.0 baseline_annual
48203,2024,TX,Harrison County,9935.0,14.5,63802.0,0,peeringdb_us_facilities_20261006T160916Z.json,2024,14.94,eia_residential_electricity_price_2024_by_state.csv,state,0,,,0,no_listed_facilities,WRI Aqueduct 4.0 baseline_annual
48205,2024,TX,Hartley County,379.0,9.2,91653.0,0,peeringdb_us_facilities_20261006T160916Z.json,2024,14.94,eia_residential_electricity_price_2024_by_state.csv,state,0,,,0,no_listed_facilities,WRI Aqueduct 4.0 baseline_annual
48207,2024,TX,Haskell County,1126.0,22.8,52130.0,0,peeringdb_us_facilities_20261006T160916Z.json,2024,14.94,eia_residential_electricity_price_2024_by_state.csv,state,0,,,0,no_listed_facilities,WRI Aqueduct 4.0 baseline_annual
48209,2024,TX,Hays County,30760.0,10.8,91880.0,0,peeringdb_us_facilities_20261006T160916Z.json,2024,14.94,eia_residential_electricity_price_2024_by_state.csv,state,0,,,0,no_listed_facilities,WRI Aqueduct 4.0 baseline_annual
48211,2024,TX,Hemphill County,311.0,10.2,83011.0,0,peeringdb_us_facilities_20261006T160916Z.json,2024,14.94,eia_residential_electricity_price_2024_by_state.csv,state,0,,,0,no_listed_facilities,WRI Aqueduct 4.0 baseline_annual
48213,2024,TX,Henderson County,13700.0,15.9,61360.0,0,peeringdb_us_facilities_20261006T160916Z.json,2024,14.94,eia_residential_electricity_price_2024_by_state.csv,state,0,,,0,no_listed_facilities,WRI Aqueduct 4.0 baseline_annual
48215,2024,TX,Hidalgo County,218775.0,24.2,55829.0,4,peeringdb_us_facilities_20261006T160916Z.json,2024,14.94,eia_residential_electricity_price_2024_by_state.csv,state,4,5.0,100.0,0,complete_coverage,WRI Aqueduct 4.0 baseline_annual
48217,2024,TX,Hill County,6003.0,15.7,62176.0,0,peeringdb_us_facilities_20261006T160916Z.json,2024,14.94,eia_residential_electricity_price_2024_by_state.csv,state,0,,,0,no_listed_facilities,WRI Aqueduct 4.0 baseline_annual
48219,2024,TX,Hockley County,3363.0,15.8,64664.0,0,peeringdb_us_facilities_20261006T160916Z.json,2024,14.94,eia_residential_electricity_price_2024_by_state.csv,state,0,,,0,no_listed_facilities,WRI Aqueduct 4.0 baseline_annual
48221,2024,TX,Hood County,5462.0,8.0,88438.0,0,peeringdb_us_facilities_20261006T160916Z.json,2024,14.94,eia_residential_electricity_price_2024_by_state.csv,state,0,,,0,no_listed_facilities,WRI Aqueduct 4.0 baseline_annual
48223,2024,TX,Hopkins County,5103.0,13.4,71078.0,0,peeringdb_us_facilities_20261006T160916Z.json,2024,14.94,eia_residential_electricity_price_2024_by_state.csv,state,0,,,0,no_listed_facilities,WRI Aqueduct 4.0 baseline_annual
48225,2024,TX,Houston County,3798.0,19.3,55607.0,0,peeringdb_us_facilities_20261006T160916Z.json,2024,14.94,eia_residential_electricity_price_2024_by_state.csv,state,0,,,0,no_listed_facilities,WRI Aqueduct 4.0 baseline_annual
48227,2024,TX,Howard County,4375.0,15.4,65932.0,0,peeringdb_us_facilities_20261006T160916Z.json,2024,14.94,eia_residential_electricity_price_2024_by_state.csv,state,0,,,0,no_listed_facilities,WRI Aqueduct 4.0 baseline_annual
48229,2024,TX,Hudspeth County,780.0,30.2,48355.0,0,peeringdb_us_facilities_20261006T160916Z.json,2024,14.94,eia_residential_electricity_price_2024_by_state.csv,state,0,,,0,no_listed_facilities,WRI Aqueduct 4.0 baseline_annual
48231,2024,TX,Hunt County,12753.0,11.1,82770.0,0,peeringdb_us_facilities_20261006T160916Z.json,2024,14.94,eia_residential_electricity_price_2024_by_state.csv,state,0,,,0,no_listed_facilities,WRI Aqueduct 4.0 baseline_annual
48233,2024,TX,Hutchinson County,2784.0,14.4,60073.0,0,peeringdb_us_facilities_20261006T160916Z.json,2024,14.94,eia_residential_electricity_price_2024_by_state.csv,state,0,,,0,no_listed_facilities,WRI Aqueduct 4.0 baseline_annual
48235,2024,TX,Irion County,136.0,8.9,90589.0,0,peeringdb_us_facilities_20261006T160916Z.json,2024,14.94,eia_residential_electricity_price_2024_by_state.csv,state,0,,,0,no_listed_facilities,WRI Aqueduct 4.0 baseline_annual
48237,2024,TX,Jack County,1158.0,14.3,67398.0,0,peeringdb_us_facilities_20261006T160916Z.json,2024,14.94,eia_residential_electricity_price_2024_by_state.csv,state,0,,,0,no_listed_facilities,WRI Aqueduct 4.0 baseline_annual
48239,2024,TX,Jackson County,2124.0,14.3,68156.0,0,peeringdb_us_facilities_20261006T160916Z.json,2024,14.94,eia_residential_electricity_price_2024_by_state.csv,state,0,,,0,no_listed_facilities,WRI Aqueduct 4.0 baseline_annual
48241,2024,TX,Jasper County,5144.0,15.9,62743.0,0,peeringdb_us_facilities_20261006T160916Z.json,2024,14.94,eia_residential_electricity_price_2024_by_state.csv,state,0,,,0,no_listed_facilities,WRI Aqueduct 4.0 baseline_annual
48243,2024,TX,Jeff Davis County,228.0,12.8,67735.0,0,peeringdb_us_facilities_20261006T160916Z.json,2024,14.94,eia_residential_electricity_price_2024_by_state.csv,state,0,,,0,no_listed_facilities,WRI Aqueduct 4.0 baseline_annual
48245,2024,TX,Jefferson County,50791.0,21.3,59997.0,0,peeringdb_us_facilities_20261006T160916Z.json,2024,14.94,eia_residential_electricity_price_2024_by_state.csv,state,0,,,0,no_listed_facilities,WRI Aqueduct 4.0 baseline_annual
48247,2024,TX,Jim Hogg County,1001.0,22.1,48943.0,0,peeringdb_us_facilities_20261006T160916Z.json,2024,14.94,eia_residential_electricity_price_2024_by_state.csv,state,0,,,0,no_listed_facilities,WRI Aqueduct 4.0 baseline_annual
48249,2024,TX,Jim Wells County,8769.0,22.8,55920.0,0,peeringdb_us_facilities_20261006T160916Z.json,2024,14.94,eia_residential_electricity_price_2024_by_state.csv,state,0,,,0,no_listed_facilities,WRI Aqueduct 4.0 baseline_annual
48251,2024,TX,Johnson County,16340.0,7.9,86537.0,0,peeringdb_us_facilities_20261006T160916Z.json,2024,14.94,eia_residential_electricity_price_2024_by_state.csv,state,0,,,0,no_listed_facilities,WRI Aqueduct 4.0 baseline_annual
48253,2024,TX,Jones County,3384.0,22.7,59076.0,0,peeringdb_us_facilities_20261006T160916Z.json,2024,14.94,eia_residential_electricity_price_2024_by_state.csv,state,0,,,0,no_listed_facilities,WRI Aqueduct 4.0 baseline_annual
48255,2024,TX,Karnes County,2304.0,19.4,68534.0,0,peeringdb_us_facilities_20261006T160916Z.json,2024,14.94,eia_residential_electricity_price_2024_by_state.csv,state,0,,,0,no_listed_facilities,WRI Aqueduct 4.0 baseline_annual
48257,2024,TX,Kaufman County,16623.0,8.5,90670.0,0,peeringdb_us_facilities_20261006T160916Z.json,2024,14.94,eia_residential_electricity_price_2024_by_state.csv,state,0,,,0,no_listed_facilities,WRI Aqueduct 4.0 baseline_annual
48259,2024,TX,Kendall County,3314.0,6.5,121401.0,0,peeringdb_us_facilities_20261006T160916Z.json,2024,14.94,eia_residential_electricity_price_2024_by_state.csv,state,0,,,0,no_listed_facilities,WRI Aqueduct 4.0 baseline_annual
48261,2024,TX,Kenedy County,51.0,15.5,46960.0,0,peeringdb_us_facilities_20261006T160916Z.json,2024,14.94,eia_residential_electricity_price_2024_by_state.csv,state,0,,,0,no_listed_facilities,WRI Aqueduct 4.0 baseline_annual
48263,2024,TX,Kent County,78.0,11.9,64002.0,0,peeringdb_us_facilities_20261006T160916Z.json,2024,14.94,eia_residential_electricity_price_2024_by_state.csv,state,0,,,0,no_listed_facilities,WRI Aqueduct 4.0 baseline_annual
48265,2024,TX,Kerr County,5832.0,11.2,69674.0,0,peeringdb_us_facilities_20261006T160916Z.json,2024,14.94,eia_residential_electricity_price_2024_by_state.csv,state,0,,,0,no_listed_facilities,WRI Aqueduct 4.0 baseline_annual
48267,2024,TX,Kimble County,675.0,15.4,58887.0,0,peeringdb_us_facilities_20261006T160916Z.json,2024,14.94,eia_residential_electricity_price_2024_by_state.csv,state,0,,,0,no_listed_facilities,WRI Aqueduct 4.0 baseline_annual
48269,2024,TX,King County,29.0,13.5,88031.0,0,peeringdb_us_facilities_20261006T160916Z.json,2024,14.94,eia_residential_electricity_price_2024_by_state.csv,state,0,,,0,no_listed_facilities,WRI Aqueduct 4.0 baseline_annual
48271,2024,TX,Kinney County,568.0,20.7,56917.0,0,peeringdb_us_facilities_20261006T160916Z.json,2024,14.94,eia_residential_electricity_price_2024_by_state.csv,state,0,,,0,no_listed_facilities,WRI Aqueduct 4.0 baseline_annual
48273,2024,TX,Kleberg County,6185.0,21.4,57810.0,0,peeringdb_us_facilities_20261006T160916Z.json,2024,14.94,eia_residential_electricity_price_2024_by_state.csv,state,0,,,0,no_listed_facilities,WRI Aqueduct 4.0 baseline_annual
48275,2024,TX,Knox County,599.0,19.0,52113.0,0,peeringdb_us_facilities_20261006T160916Z.json,2024,14.94,eia_residential_electricity_price_2024_by_state.csv,state,0,,,0,no_listed_facilities,WRI Aqueduct 4.0 baseline_annual
48277,2024,TX,Lamar County,8654.0,17.2,59226.0,0,peeringdb_us_facilities_20261006T160916Z.json,2024,14.94,eia_residential_electricity_price_2024_by_state.csv,state,0,,,0,no_listed_facilities,WRI Aqueduct 4.0 baseline_annual
48279,2024,TX,Lamb County,2151.0,17.2,56537.0,0,peeringdb_us_facilities_20261006T160916Z.json,2024,14.94,eia_residential_electricity_price_2024_by_state.csv,state,0,,,0,no_listed_facilities,WRI Aqueduct 4.0 baseline_annual
48281,2024,TX,Lampasas County,2592.0,11.1,77271.0,0,peeringdb_us_facilities_20261006T160916Z.json,2024,14.94,eia_residential_electricity_price_2024_by_state.csv,state,0,,,0,no_listed_facilities,WRI Aqueduct 4.0 baseline_annual
48283,2024,TX,La Salle County,1412.0,27.3,52075.0,0,peeringdb_us_facilities_20261006T160916Z.json,2024,14.94,eia_residential_electricity_price_2024_by_state.csv,state,0,,,0,no_listed_facilities,WRI Aqueduct 4.0 baseline_annual
48285,2024,TX,Lavaca County,2498.0,12.4,68916.0,0,peeringdb_us_facilities_20261006T160916Z.json,2024,14.94,eia_residential_electricity_price_2024_by_state.csv,state,0,,,0,no_listed_facilities,WRI Aqueduct 4.0 baseline_annual
48287,2024,TX,Lee County,1996.0,11.0,79291.0,0,peeringdb_us_facilities_20261006T160916Z.json,2024,14.94,eia_residential_electricity_price_2024_by_state.csv,state,0,,,0,no_listed_facilities,WRI Aqueduct 4.0 baseline_annual
48289,2024,TX,Leon County,2359.0,14.2,64146.0,0,peeringdb_us_facilities_20261006T160916Z.json,2024,14.94,eia_residential_electricity_price_2024_by_state.csv,state,0,,,0,no_listed_facilities,WRI Aqueduct 4.0 baseline_annual
48291,2024,TX,Liberty County,19505.0,17.8,66378.0,0,peeringdb_us_facilities_20261006T160916Z.json,2024,14.94,eia_residential_electricity_price_2024_by_state.csv,state,0,,,0,no_listed_facilities,WRI Aqueduct 4.0 baseline_annual
48293,2024,TX,Limestone County,3187.0,14.8,59502.0,0,peeringdb_us_facilities_20261006T160916Z.json,2024,14.94,eia_residential_electricity_price_2024_by_state.csv,state,0,,,0,no_listed_facilities,WRI Aqueduct 4.0 baseline_annual
48295,2024,TX,Lipscomb County,380.0,13.4,79554.0,0,peeringdb_us_facilities_20261006T160916Z.json,2024,14.94,eia_residential_electricity_price_2024_by_state.csv,state,0,,,0,no_listed_facilities,WRI Aqueduct 4.0 baseline_annual
48297,2024,TX,Live Oak County,1825.0,18.0,66331.0,0,peeringdb_us_facilities_20261006T160916Z.json,2024,14.94,eia_residential_electricity_price_2024_by_state.csv,state,0,,,0,no_listed_facilities,WRI Aqueduct 4.0 baseline_annual
48299,2024,TX,Llano County,2701.0,11.8,75529.0,0,peeringdb_us_facilities_20261006T160916Z.json,2024,14.94,eia_residential_electricity_price_2024_by_state.csv,state,0,,,0,no_listed_facilities,WRI Aqueduct 4.0 baseline_annual
48301,2024,TX,Loving County,3.0,6.3,128055.0,0,peeringdb_us_facilities_20261006T160916Z.json,2024,14.94,eia_residential_electricity_price_2024_by_state.csv,state,0,,,0,no_listed_facilities,WRI Aqueduct 4.0 baseline_annual
48303,2024,TX,Lubbock County,49570.0,15.7,64512.0,0,peeringdb_us_facilities_20261006T160916Z.json,2024,14.94,eia_residential_electricity_price_2024_by_state.csv,state,0,,,0,no_listed_facilities,WRI Aqueduct 4.0 baseline_annual
48305,2024,TX,Lynn County,818.0,13.9,70687.0,0,peeringdb_us_facilities_20261006T160916Z.json,2024,14.94,eia_residential_electricity_price_2024_by_state.csv,state,0,,,0,no_listed_facilities,WRI Aqueduct 4.0 baseline_annual
48307,2024,TX,McCulloch County,1338.0,18.2,52639.0,0,peeringdb_us_facilities_20261006T160916Z.json,2024,14.94,eia_residential_electricity_price_2024_by_state.csv,state,0,,,0,no_listed_facilities,WRI Aqueduct 4.0 baseline_annual
48309,2024,TX,McLennan County,42221.0,16.2,68096.0,1,peeringdb_us_facilities_20261006T160916Z.json,2024,14.94,eia_residential_electricity_price_2024_by_state.csv,state,1,1.053772720374761,100.0,0,complete_coverage,WRI Aqueduct 4.0 baseline_annual
48311,2024,TX,McMullen County,61.0,10.9,77057.0,0,peeringdb_us_facilities_20261006T160916Z.json,2024,14.94,eia_residential_electricity_price_2024_by_state.csv,state,0,,,0,no_listed_facilities,WRI Aqueduct 4.0 baseline_annual
48313,2024,TX,Madison County,1840.0,15.8,62187.0,0,peeringdb_us_facilities_20261006T160916Z.json,2024,14.94,eia_residential_electricity_price_2024_by_state.csv,state,0,,,0,no_listed_facilities,WRI Aqueduct 4.0 baseline_annual
48315,2024,TX,Marion County,1991.0,21.0,50632.0,0,peeringdb_us_facilities_20261006T160916Z.json,2024,14.94,eia_residential_electricity_price_2024_by_state.csv,state,0,,,0,no_listed_facilities,WRI Aqueduct 4.0 baseline_annual
48317,2024,TX,Martin County,626.0,12.1,88154.0,0,peeringdb_us_facilities_20261006T160916Z.json,2024,14.94,eia_residential_electricity_price_2024_by_state.csv,state,0,,,0,no_listed_facilities,WRI Aqueduct 4.0 baseline_annual
48319,2024,TX,Mason County,447.0,11.2,71056.0,0,peeringdb_us_facilities_20261006T160916Z.json,2024,14.94,eia_residential_electricity_price_2024_by_state.csv,state,0,,,0,no_listed_facilities,WRI Aqueduct 4.0 baseline_annual
48321,2024,TX,Matagorda County,5319.0,14.8,65319.0,0,peeringdb_us_facilities_20261006T160916Z.json,2024,14.94,eia_residential_electricity_price_2024_by_state.csv,state,0,,,0,no_listed_facilities,WRI Aqueduct 4.0 baseline_annual
48323,2024,TX,Maverick County,12700.0,21.8,50787.0,0,peeringdb_us_facilities_20261006T160916Z.json,2024,14.94,eia_residential_electricity_price_2024_by_state.csv,state,0,,,0,no_listed_facilities,WRI Aqueduct 4.0 baseline_annual
48325,2024,TX,Medina County,5951.0,11.2,96423.0,0,peeringdb_us_facilities_20261006T160916Z.json,2024,14.94,eia_residential_electricity_price_2024_by_state.csv,state,0,,,0,no_listed_facilities,WRI Aqueduct 4.0 baseline_annual
48327,2024,TX,Menard County,375.0,20.0,56414.0,0,peeringdb_us_facilities_20261006T160916Z.json,2024,14.94,eia_residential_electricity_price_2024_by_state.csv,state,0,,,0,no_listed_facilities,WRI Aqueduct 4.0 baseline_annual
48329,2024,TX,Midland County,20415.0,11.2,97719.0,0,peeringdb_us_facilities_20261006T160916Z.json,2024,14.94,eia_residential_electricity_price_2024_by_state.csv,state,0,,,0,no_listed_facilities,WRI Aqueduct 4.0 baseline_annual
48331,2024,TX,Milam County,3542.0,13.8,72798.0,0,peeringdb_us_facilities_20261006T160916Z.json,2024,14.94,eia_residential_electricity_price_2024_by_state.csv,state,0,,,0,no_listed_facilities,WRI Aqueduct 4.0 baseline_annual
48333,2024,TX,Mills County,595.0,13.6,61642.0,0,peeringdb_us_facilities_20261006T160916Z.json,2024,14.94,eia_residential_electricity_price_2024_by_state.csv,state,0,,,0,no_listed_facilities,WRI Aqueduct 4.0 baseline_annual
48335,2024,TX,Mitchell County,1493.0,22.1,59370.0,0,peeringdb_us_facilities_20261006T160916Z.json,2024,14.94,eia_residential_electricity_price_2024_by_state.csv,state,0,,,0,no_listed_facilities,WRI Aqueduct 4.0 baseline_annual
48337,2024,TX,Montague County,2904.0,13.4,64975.0,0,peeringdb_us_facilities_20261006T160916Z.json,2024,14.94,eia_residential_electricity_price_2024_by_state.csv,state,0,,,0,no_listed_facilities,WRI Aqueduct 4.0 baseline_annual
48339,2024,TX,Montgomery County,67480.0,9.1,96049.0,2,peeringdb_us_facilities_20261006T160916Z.json,2024,14.94,eia_residential_electricity_price_2024_by_state.csv,state,2,2.522352863863281,100.0,0,complete_coverage,WRI Aqueduct 4.0 baseline_annual
48341,2024,TX,Moore County,2974.0,13.7,66411.0,0,peeringdb_us_facilities_20261006T160916Z.json,2024,14.94,eia_residential_electricity_price_2024_by_state.csv,state,0,,,0,no_listed_facilities,WRI Aqueduct 4.0 baseline_annual
48343,2024,TX,Morris County,2292.0,19.0,54697.0,0,peeringdb_us_facilities_20261006T160916Z.json,2024,14.94,eia_residential_electricity_price_2024_by_state.csv,state,0,,,0,no_listed_facilities,WRI Aqueduct 4.0 baseline_annual
48345,2024,TX,Motley County,196.0,19.4,52542.0,0,peeringdb_us_facilities_20261006T160916Z.json,2024,14.94,eia_residential_electricity_price_2024_by_state.csv,state,0,,,0,no_listed_facilities,WRI Aqueduct 4.0 baseline_annual
48347,2024,TX,Nacogdoches County,13359.0,21.9,55767.0,0,peeringdb_us_facilities_20261006T160916Z.json,2024,14.94,eia_residential_electricity_price_2024_by_state.csv,state,0,,,0,no_listed_facilities,WRI Aqueduct 4.0 baseline_annual
48349,2024,TX,Navarro County,8018.0,14.5,66263.0,0,peeringdb_us_facilities_20261006T160916Z.json,2024,14.94,eia_residential_electricity_price_2024_by_state.csv,state,0,,,0,no_listed_facilities,WRI Aqueduct 4.0 baseline_annual
48351,2024,TX,Newton County,2076.0,17.5,55560.0,0,peeringdb_us_facilities_20261006T160916Z.json,2024,14.94,eia_residential_electricity_price_2024_by_state.csv,state,0,,,0,no_listed_facilities,WRI Aqueduct 4.0 baseline_annual
48353,2024,TX,Nolan County,2733.0,19.7,57566.0,0,peeringdb_us_facilities_20261006T160916Z.json,2024,14.94,eia_residential_electricity_price_2024_by_state.csv,state,0,,,0,no_listed_facilities,WRI Aqueduct 4.0 baseline_annual
48355,2024,TX,Nueces County,52973.0,15.3,66726.0,1,peeringdb_us_facilities_20261006T160916Z.json,2024,14.94,eia_residential_electricity_price_2024_by_state.csv,state,1,3.604397711690854,100.0,0,complete_coverage,WRI Aqueduct 4.0 baseline_annual
48357,2024,TX,Ochiltree County,1098.0,11.4,77359.0,0,peeringdb_us_facilities_20261006T160916Z.json,2024,14.94,eia_residential_electricity_price_2024_by_state.csv,state,0,,,0,no_listed_facilities,WRI Aqueduct 4.0 baseline_annual
48359,2024,TX,Oldham County,209.0,12.7,77346.0,0,peeringdb_us_facilities_20261006T160916Z.json,2024,14.94,eia_residential_electricity_price_2024_by_state.csv,state,0,,,0,no_listed_facilities,WRI Aqueduct 4.0 baseline_annual
48361,2024,TX,Orange County,11815.0,13.8,72841.0,0,peeringdb_us_facilities_20261006T160916Z.json,2024,14.94,eia_residential_electricity_price_2024_by_state.csv,state,0,,,0,no_listed_facilities,WRI Aqueduct 4.0 baseline_annual
48363,2024,TX,Palo Pinto County,4787.0,16.0,63004.0,0,peeringdb_us_facilities_20261006T160916Z.json,2024,14.94,eia_residential_electricity_price_2024_by_state.csv,state,0,,,0,no_listed_facilities,WRI Aqueduct 4.0 baseline_annual
48365,2024,TX,Panola County,3009.0,13.3,68559.0,0,peeringdb_us_facilities_20261006T160916Z.json,2024,14.94,eia_residential_electricity_price_2024_by_state.csv,state,0,,,0,no_listed_facilities,WRI Aqueduct 4.0 baseline_annual
48367,2024,TX,Parker County,14183.0,8.0,101485.0,0,peeringdb_us_facilities_20261006T160916Z.json,2024,14.94,eia_residential_electricity_price_2024_by_state.csv,state,0,,,0,no_listed_facilities,WRI Aqueduct 4.0 baseline_annual
48369,2024,TX,Parmer County,1209.0,12.7,68598.0,0,peeringdb_us_facilities_20261006T160916Z.json,2024,14.94,eia_residential_electricity_price_2024_by_state.csv,state,0,,,0,no_listed_facilities,WRI Aqueduct 4.0 baseline_annual
48371,2024,TX,Pecos County,2211.0,17.3,64808.0,0,peeringdb_us_facilities_20261006T160916Z.json,2024,14.94,eia_residential_electricity_price_2024_by_state.csv,state,0,,,0,no_listed_facilities,WRI Aqueduct 4.0 baseline_annual
48373,2024,TX,Polk County,7284.0,14.5,65522.0,0,peeringdb_us_facilities_20261006T160916Z.json,2024,14.94,eia_residential_electricity_price_2024_by_state.csv,state,0,,,0,no_listed_facilities,WRI Aqueduct 4.0 baseline_annual
48375,2024,TX,Potter County,24268.0,22.5,53656.0,1,peeringdb_us_facilities_20261006T160916Z.json,2024,14.94,eia_residential_electricity_price_2024_by_state.csv,state,1,1.0486314655570912,100.0,0,complete_coverage,WRI Aqueduct 4.0 baseline_annual
48377,2024,TX,Presidio County,1112.0,19.8,49703.0,0,peeringdb_us_facilities_20261006T160916Z.json,2024,14.94,eia_residential_electricity_price_2024_by_state.csv,state,0,,,0,no_listed_facilities,WRI Aqueduct 4.0 baseline_annual
48379,2024,TX,Rains County,1485.0,11.2,66146.0,0,peeringdb_us_facilities_20261006T160916Z.json,2024,14.94,eia_residential_electricity_price_2024_by_state.csv,state,0,,,0,no_listed_facilities,WRI Aqueduct 4.0 baseline_annual
48381,2024,TX,Randall County,15370.0,10.4,83677.0,0,peeringdb_us_facilities_20261006T160916Z.json,2024,14.94,eia_residential_electricity_price_2024_by_state.csv,state,0,,,0,no_listed_facilities,WRI Aqueduct 4.0 baseline_annual
48383,2024,TX,Reagan County,313.0,10.1,72105.0,0,peeringdb_us_facilities_20261006T160916Z.json,2024,14.94,eia_residential_electricity_price_2024_by_state.csv,state,0,,,0,no_listed_facilities,WRI Aqueduct 4.0 baseline_annual
48385,2024,TX,Real County,405.0,15.1,57066.0,0,peeringdb_us_facilities_20261006T160916Z.json,2024,14.94,eia_residential_electricity_price_2024_by_state.csv,state,0,,,0,no_listed_facilities,WRI Aqueduct 4.0 baseline_annual
48387,2024,TX,Red River County,1731.0,15.0,52978.0,0,peeringdb_us_facilities_20261006T160916Z.json,2024,14.94,eia_residential_electricity_price_2024_by_state.csv,state,0,,,0,no_listed_facilities,WRI Aqueduct 4.0 baseline_annual
48389,2024,TX,Reeves County,1933.0,16.8,63822.0,0,peeringdb_us_facilities_20261006T160916Z.json,2024,14.94,eia_residential_electricity_price_2024_by_state.csv,state,0,,,0,no_listed_facilities,WRI Aqueduct 4.0 baseline_annual
48391,2024,TX,Refugio County,1010.0,15.2,68639.0,0,peeringdb_us_facilities_20261006T160916Z.json,2024,14.94,eia_residential_electricity_price_2024_by_state.csv,state,0,,,0,no_listed_facilities,WRI Aqueduct 4.0 baseline_annual
48393,2024,TX,Roberts County,72.0,8.6,87615.0,0,peeringdb_us_facilities_20261006T160916Z.json,2024,14.94,eia_residential_electricity_price_2024_by_state.csv,state,0,,,0,no_listed_facilities,WRI Aqueduct 4.0 baseline_annual
48395,2024,TX,Robertson County,2744.0,15.7,61886.0,0,peeringdb_us_facilities_20261006T160916Z.json,2024,14.94,eia_residential_electricity_price_2024_by_state.csv,state,0,,,0,no_listed_facilities,WRI Aqueduct 4.0 baseline_annual
48397,2024,TX,Rockwall County,7514.0,5.5,120317.0,0,peeringdb_us_facilities_20261006T160916Z.json,2024,14.94,eia_residential_electricity_price_2024_by_state.csv,state,0,,,0,no_listed_facilities,WRI Aqueduct 4.0 baseline_annual
48399,2024,TX,Runnels County,1697.0,17.8,57607.0,0,peeringdb_us_facilities_20261006T160916Z.json,2024,14.94,eia_residential_electricity_price_2024_by_state.csv,state,0,,,0,no_listed_facilities,WRI Aqueduct 4.0 baseline_annual
48401,2024,TX,Rusk County,6865.0,14.1,67655.0,0,peeringdb_us_facilities_20261006T160916Z.json,2024,14.94,eia_residential_electricity_price_2024_by_state.csv,state,0,,,0,no_listed_facilities,WRI Aqueduct 4.0 baseline_annual
48403,2024,TX,Sabine County,1580.0,15.9,55457.0,0,peeringdb_us_facilities_20261006T160916Z.json,2024,14.94,eia_residential_electricity_price_2024_by_state.csv,state,0,,,0,no_listed_facilities,WRI Aqueduct 4.0 baseline_annual
48405,2024,TX,San Augustine County,1539.0,20.4,50976.0,0,peeringdb_us_facilities_20261006T160916Z.json,2024,14.94,eia_residential_electricity_price_2024_by_state.csv,state,0,,,0,no_listed_facilities,WRI Aqueduct 4.0 baseline_annual
48407,2024,TX,San Jacinto County,4893.0,16.8,62182.0,0,peeringdb_us_facilities_20261006T160916Z.json,2024,14.94,eia_residential_electricity_price_2024_by_state.csv,state,0,,,0,no_listed_facilities,WRI Aqueduct 4.0 baseline_annual
48409,2024,TX,San Patricio County,10153.0,14.3,69930.0,0,peeringdb_us_facilities_20261006T160916Z.json,2024,14.94,eia_residential_electricity_price_2024_by_state.csv,state,0,,,0,no_listed_facilities,WRI Aqueduct 4.0 baseline_annual
48411,2024,TX,San Saba County,773.0,15.0,58628.0,0,peeringdb_us_facilities_20261006T160916Z.json,2024,14.94,eia_residential_electricity_price_2024_by_state.csv,state,0,,,0,no_listed_facilities,WRI Aqueduct 4.0 baseline_annual
48413,2024,TX,Schleicher County,348.0,15.4,68029.0,0,peeringdb_us_facilities_20261006T160916Z.json,2024,14.94,eia_residential_electricity_price_2024_by_state.csv,state,0,,,0,no_listed_facilities,WRI Aqueduct 4.0 baseline_annual
48415,2024,TX,Scurry County,2297.0,15.1,68306.0,0,peeringdb_us_facilities_20261006T160916Z.json,2024,14.94,eia_residential_electricity_price_2024_by_state.csv,state,0,,,0,no_listed_facilities,WRI Aqueduct 4.0 baseline_annual
48417,2024,TX,Shackelford County,378.0,12.1,72833.0,0,peeringdb_us_facilities_20261006T160916Z.json,2024,14.94,eia_residential_electricity_price_2024_by_state.csv,state,0,,,0,no_listed_facilities,WRI Aqueduct 4.0 baseline_annual
48419,2024,TX,Shelby County,3872.0,16.2,58737.0,0,peeringdb_us_facilities_20261006T160916Z.json,2024,14.94,eia_residential_electricity_price_2024_by_state.csv,state,0,,,0,no_listed_facilities,WRI Aqueduct 4.0 baseline_annual
48421,2024,TX,Sherman County,330.0,12.1,70998.0,0,peeringdb_us_facilities_20261006T160916Z.json,2024,14.94,eia_residential_electricity_price_2024_by_state.csv,state,0,,,0,no_listed_facilities,WRI Aqueduct 4.0 baseline_annual
48423,2024,TX,Smith County,29486.0,12.1,75620.0,0,peeringdb_us_facilities_20261006T160916Z.json,2024,14.94,eia_residential_electricity_price_2024_by_state.csv,state,0,,,0,no_listed_facilities,WRI Aqueduct 4.0 baseline_annual
48425,2024,TX,Somervell County,967.0,9.7,82779.0,0,peeringdb_us_facilities_20261006T160916Z.json,2024,14.94,eia_residential_electricity_price_2024_by_state.csv,state,0,,,0,no_listed_facilities,WRI Aqueduct 4.0 baseline_annual
48427,2024,TX,Starr County,23381.0,35.4,37375.0,0,peeringdb_us_facilities_20261006T160916Z.json,2024,14.94,eia_residential_electricity_price_2024_by_state.csv,state,0,,,0,no_listed_facilities,WRI Aqueduct 4.0 baseline_annual
48429,2024,TX,Stephens County,1513.0,17.7,57983.0,0,peeringdb_us_facilities_20261006T160916Z.json,2024,14.94,eia_residential_electricity_price_2024_by_state.csv,state,0,,,0,no_listed_facilities,WRI Aqueduct 4.0 baseline_annual
48431,2024,TX,Sterling County,146.0,10.8,87739.0,0,peeringdb_us_facilities_20261006T160916Z.json,2024,14.94,eia_residential_electricity_price_2024_by_state.csv,state,0,,,0,no_listed_facilities,WRI Aqueduct 4.0 baseline_annual
48433,2024,TX,Stonewall County,194.0,16.5,61799.0,0,peeringdb_us_facilities_20261006T160916Z.json,2024,14.94,eia_residential_electricity_price_2024_by_state.csv,state,0,,,0,no_listed_facilities,WRI Aqueduct 4.0 baseline_annual
48435,2024,TX,Sutton County,402.0,12.3,72161.0,0,peeringdb_us_facilities_20261006T160916Z.json,2024,14.94,eia_residential_electricity_price_2024_by_state.csv,state,0,,,0,no_listed_facilities,WRI Aqueduct 4.0 baseline_annual
48437,2024,TX,Swisher County,1447.0,23.2,60199.0,0,peeringdb_us_facilities_20261006T160916Z.json,2024,14.94,eia_residential_electricity_price_2024_by_state.csv,state,0,,,0,no_listed_facilities,WRI Aqueduct 4.0 baseline_annual
48439,2024,TX,Tarrant County,252680.0,11.5,85208.0,5,peeringdb_us_facilities_20261006T160916Z.json,2024,14.94,eia_residential_electricity_price_2024_by_state.csv,state,5,3.8436456269919175,100.0,0,complete_coverage,WRI Aqueduct 4.0 baseline_annual
48441,2024,TX,Taylor County,21200.0,14.8,64490.0,0,peeringdb_us_facilities_20261006T160916Z.json,2024,14.94,eia_residential_electricity_price_2024_by_state.csv,state,0,,,0,no_listed_facilities,WRI Aqueduct 4.0 baseline_annual
48443,2024,TX,Terrell County,134.0,18.7,52891.0,0,peeringdb_us_facilities_20261006T160916Z.json,2024,14.94,eia_residential_electricity_price_2024_by_state.csv,state,0,,,0,no_listed_facilities,WRI Aqueduct 4.0 baseline_annual
48445,2024,TX,Terry County,2172.0,19.8,52129.0,0,peeringdb_us_facilities_20261006T160916Z.json,2024,14.94,eia_residential_electricity_price_2024_by_state.csv,state,0,,,0,no_listed_facilities,WRI Aqueduct 4.0 baseline_annual
48447,2024,TX,Throckmorton County,215.0,14.1,56961.0,0,peeringdb_us_facilities_20261006T160916Z.json,2024,14.94,eia_residential_electricity_price_2024_by_state.csv,state,0,,,0,no_listed_facilities,WRI Aqueduct 4.0 baseline_annual
48449,2024,TX,Titus County,4666.0,15.0,61204.0,0,peeringdb_us_facilities_20261006T160916Z.json,2024,14.94,eia_residential_electricity_price_2024_by_state.csv,state,0,,,0,no_listed_facilities,WRI Aqueduct 4.0 baseline_annual
48451,2024,TX,Tom Green County,13448.0,11.5,69148.0,0,peeringdb_us_facilities_20261006T160916Z.json,2024,14.94,eia_residential_electricity_price_2024_by_state.csv,state,0,,,0,no_listed_facilities,WRI Aqueduct 4.0 baseline_annual
48453,2024,TX,Travis County,141303.0,10.5,97487.0,13,peeringdb_us_facilities_20261006T160916Z.json,2024,14.94,eia_residential_electricity_price_2024_by_state.csv,state,13,2.778739406818983,100.0,0,complete_coverage,WRI Aqueduct 4.0 baseline_annual
48455,2024,TX,Trinity County,2414.0,16.8,53638.0,0,peeringdb_us_facilities_20261006T160916Z.json,2024,14.94,eia_residential_electricity_price_2024_by_state.csv,state,0,,,0,no_listed_facilities,WRI Aqueduct 4.0 baseline_annual
48457,2024,TX,Tyler County,2964.0,16.3,60052.0,0,peeringdb_us_facilities_20261006T160916Z.json,2024,14.94,eia_residential_electricity_price_2024_by_state.csv,state,0,,,0,no_listed_facilities,WRI Aqueduct 4.0 baseline_annual
48459,2024,TX,Upshur County,5958.0,13.7,69431.0,0,peeringdb_us_facilities_20261006T160916Z.json,2024,14.94,eia_residential_electricity_price_2024_by_state.csv,state,0,,,0,no_listed_facilities,WRI Aqueduct 4.0 baseline_annual
48461,2024,TX,Upton County,410.0,13.4,75021.0,0,peeringdb_us_facilities_20261006T160916Z.json,2024,14.94,eia_residential_electricity_price_2024_by_state.csv,state,0,,,0,no_listed_facilities,WRI Aqueduct 4.0 baseline_annual
48463,2024,TX,Uvalde County,4726.0,19.5,53955.0,0,peeringdb_us_facilities_20261006T160916Z.json,2024,14.94,eia_residential_electricity_price_2024_by_state.csv,state,0,,,0,no_listed_facilities,WRI Aqueduct 4.0 baseline_annual
48465,2024,TX,Val Verde County,8301.0,18.1,61751.0,0,peeringdb_us_facilities_20261006T160916Z.json,2024,14.94,eia_residential_electricity_price_2024_by_state.csv,state,0,,,0,no_listed_facilities,WRI Aqueduct 4.0 baseline_annual
48467,2024,TX,Van Zandt County,8416.0,13.0,67538.0,0,peeringdb_us_facilities_20261006T160916Z.json,2024,14.94,eia_residential_electricity_price_2024_by_state.csv,state,0,,,0,no_listed_facilities,WRI Aqueduct 4.0 baseline_annual
48469,2024,TX,Victoria County,12940.0,14.3,67704.0,0,peeringdb_us_facilities_20261006T160916Z.json,2024,14.94,eia_residential_electricity_price_2024_by_state.csv,state,0,,,0,no_listed_facilities,WRI Aqueduct 4.0 baseline_annual
48471,2024,TX,Walker County,14596.0,23.3,58095.0,0,peeringdb_us_facilities_20261006T160916Z.json,2024,14.94,eia_residential_electricity_price_2024_by_state.csv,state,0,,,0,no_listed_facilities,WRI Aqueduct 4.0 baseline_annual
48473,2024,TX,Waller County,7999.0,13.6,83520.0,0,peeringdb_us_facilities_20261006T160916Z.json,2024,14.94,eia_residential_electricity_price_2024_by_state.csv,state,0,,,0,no_listed_facilities,WRI Aqueduct 4.0 baseline_annual
48475,2024,TX,Ward County,1478.0,13.6,72414.0,0,peeringdb_us_facilities_20261006T160916Z.json,2024,14.94,eia_residential_electricity_price_2024_by_state.csv,state,0,,,0,no_listed_facilities,WRI Aqueduct 4.0 baseline_annual
48477,2024,TX,Washington County,4393.0,12.4,73738.0,0,peeringdb_us_facilities_20261006T160916Z.json,2024,14.94,eia_residential_electricity_price_2024_by_state.csv,state,0,,,0,no_listed_facilities,WRI Aqueduct 4.0 baseline_annual
48479,2024,TX,Webb County,55356.0,20.6,58736.0,2,peeringdb_us_facilities_20261006T160916Z.json,2024,14.94,eia_residential_electricity_price_2024_by_state.csv,state,2,4.28738397619667,100.0,0,complete_coverage,WRI Aqueduct 4.0 baseline_annual
48481,2024,TX,Wharton County,6055.0,14.6,61887.0,0,peeringdb_us_facilities_20261006T160916Z.json,2024,14.94,eia_residential_electricity_price_2024_by_state.csv,state,0,,,0,no_listed_facilities,WRI Aqueduct 4.0 baseline_annual
48483,2024,TX,Wheeler County,641.0,13.5,58692.0,0,peeringdb_us_facilities_20261006T160916Z.json,2024,14.94,eia_residential_electricity_price_2024_by_state.csv,state,0,,,0,no_listed_facilities,WRI Aqueduct 4.0 baseline_annual
48485,2024,TX,Wichita County,17033.0,14.4,65480.0,0,peeringdb_us_facilities_20261006T160916Z.json,2024,14.94,eia_residential_electricity_price_2024_by_state.csv,state,0,,,0,no_listed_facilities,WRI Aqueduct 4.0 baseline_annual
48487,2024,TX,Wilbarger County,1803.0,14.9,56755.0,0,peeringdb_us_facilities_20261006T160916Z.json,2024,14.94,eia_residential_electricity_price_2024_by_state.csv,state,0,,,0,no_listed_facilities,WRI Aqueduct 4.0 baseline_annual
48489,2024,TX,Willacy County,4176.0,24.2,46616.0,0,peeringdb_us_facilities_20261006T160916Z.json,2024,14.94,eia_residential_electricity_price_2024_by_state.csv,state,0,,,0,no_listed_facilities,WRI Aqueduct 4.0 baseline_annual
48491,2024,TX,Williamson County,39166.0,5.4,113487.0,1,peeringdb_us_facilities_20261006T160916Z.json,2024,14.94,eia_residential_electricity_price_2024_by_state.csv,state,1,2.294978279095262,100.0,0,complete_coverage,WRI Aqueduct 4.0 baseline_annual
48493,2024,TX,Wilson County,5108.0,9.3,97327.0,0,peeringdb_us_facilities_20261006T160916Z.json,2024,14.94,eia_residential_electricity_price_2024_by_state.csv,state,0,,,0,no_listed_facilities,WRI Aqueduct 4.0 baseline_annual
48495,2024,TX,Winkler County,1041.0,14.3,73437.0,0,peeringdb_us_facilities_20261006T160916Z.json,2024,14.94,eia_residential_electricity_price_2024_by_state.csv,state,0,,,0,no_listed_facilities,WRI Aqueduct 4.0 baseline_annual
48497,2024,TX,Wise County,6469.0,8.1,96255.0,0,peeringdb_us_facilities_20261006T160916Z.json,2024,14.94,eia_residential_electricity_price_2024_by_state.csv,state,0,,,0,no_listed_facilities,WRI Aqueduct 4.0 baseline_annual
48499,2024,TX,Wood County,6489.0,13.7,63102.0,0,peeringdb_us_facilities_20261006T160916Z.json,2024,14.94,eia_residential_electricity_price_2024_by_state.csv,state,0,,,0,no_listed_facilities,WRI Aqueduct 4.0 baseline_annual
48501,2024,TX,Yoakum County,947.0,12.6,75871.0,0,peeringdb_us_facilities_20261006T160916Z.json,2024,14.94,eia_residential_electricity_price_2024_by_state.csv,state,0,,,0,no_listed_facilities,WRI Aqueduct 4.0 baseline_annual
48503,2024,TX,Young County,2466.0,13.7,66213.0,0,peeringdb_us_facilities_20261006T160916Z.json,2024,14.94,eia_residential_electricity_price_2024_by_state.csv,state,0,,,0,no_listed_facilities,WRI Aqueduct 4.0 baseline_annual
48505,2024,TX,Zapata County,4224.0,30.9,43517.0,0,peeringdb_us_facilities_20261006T160916Z.json,2024,14.94,eia_residential_electricity_price_2024_by_state.csv,state,0,,,0,no_listed_facilities,WRI Aqueduct 4.0 baseline_annual
48507,2024,TX,Zavala County,2347.0,25.7,41554.0,0,peeringdb_us_facilities_20261006T160916Z.json,2024,14.94,eia_residential_electricity_price_2024_by_state.csv,state,0,,,0,no_listed_facilities,WRI Aqueduct 4.0 baseline_annual
49001,2024,UT,Beaver County,663.0,9.5,74812.0,0,peeringdb_us_facilities_20261006T160916Z.json,2024,12.22,eia_residential_electricity_price_2024_by_state.csv,state,0,,,0,no_listed_facilities,WRI Aqueduct 4.0 baseline_annual
49003,2024,UT,Box Elder County,4314.0,6.8,96063.0,0,peeringdb_us_facilities_20261006T160916Z.json,2024,12.22,eia_residential_electricity_price_2024_by_state.csv,state,0,,,0,no_listed_facilities,WRI Aqueduct 4.0 baseline_annual
49005,2024,UT,Cache County,13646.0,9.7,81598.0,0,peeringdb_us_facilities_20261006T160916Z.json,2024,12.22,eia_residential_electricity_price_2024_by_state.csv,state,0,,,0,no_listed_facilities,WRI Aqueduct 4.0 baseline_annual
49007,2024,UT,Carbon County,2739.0,13.5,66816.0,0,peeringdb_us_facilities_20261006T160916Z.json,2024,12.22,eia_residential_electricity_price_2024_by_state.csv,state,0,,,0,no_listed_facilities,WRI Aqueduct 4.0 baseline_annual
49009,2024,UT,Daggett County,77.0,8.1,70208.0,0,peeringdb_us_facilities_20261006T160916Z.json,2024,12.22,eia_residential_electricity_price_2024_by_state.csv,state,0,,,0,no_listed_facilities,WRI Aqueduct 4.0 baseline_annual
49011,2024,UT,Davis County,23934.0,6.4,106675.0,0,peeringdb_us_facilities_20261006T160916Z.json,2024,12.22,eia_residential_electricity_price_2024_by_state.csv,state,0,,,0,no_listed_facilities,WRI Aqueduct 4.0 baseline_annual
49013,2024,UT,Duchesne County,1926.0,9.4,78877.0,0,peeringdb_us_facilities_20261006T160916Z.json,2024,12.22,eia_residential_electricity_price_2024_by_state.csv,state,0,,,0,no_listed_facilities,WRI Aqueduct 4.0 baseline_annual
49015,2024,UT,Emery County,1187.0,11.8,74314.0,0,peeringdb_us_facilities_20261006T160916Z.json,2024,12.22,eia_residential_electricity_price_2024_by_state.csv,state,0,,,0,no_listed_facilities,WRI Aqueduct 4.0 baseline_annual
49017,2024,UT,Garfield County,506.0,9.8,72381.0,0,peeringdb_us_facilities_20261006T160916Z.json,2024,12.22,eia_residential_electricity_price_2024_by_state.csv,state,0,,,0,no_listed_facilities,WRI Aqueduct 4.0 baseline_annual
49019,2024,UT,Grand County,1000.0,10.3,73626.0,0,peeringdb_us_facilities_20261006T160916Z.json,2024,12.22,eia_residential_electricity_price_2024_by_state.csv,state,0,,,0,no_listed_facilities,WRI Aqueduct 4.0 baseline_annual
49021,2024,UT,Iron County,8122.0,12.6,73868.0,0,peeringdb_us_facilities_20261006T160916Z.json,2024,12.22,eia_residential_electricity_price_2024_by_state.csv,state,0,,,0,no_listed_facilities,WRI Aqueduct 4.0 baseline_annual
49023,2024,UT,Juab County,1010.0,7.7,96740.0,0,peeringdb_us_facilities_20261006T160916Z.json,2024,12.22,eia_residential_electricity_price_2024_by_state.csv,state,0,,,0,no_listed_facilities,WRI Aqueduct 4.0 baseline_annual
49025,2024,UT,Kane County,727.0,8.8,73412.0,0,peeringdb_us_facilities_20261006T160916Z.json,2024,12.22,eia_residential_electricity_price_2024_by_state.csv,state,0,,,0,no_listed_facilities,WRI Aqueduct 4.0 baseline_annual
49027,2024,UT,Millard County,1384.0,10.3,78297.0,0,peeringdb_us_facilities_20261006T160916Z.json,2024,12.22,eia_residential_electricity_price_2024_by_state.csv,state,0,,,0,no_listed_facilities,WRI Aqueduct 4.0 baseline_annual
49029,2024,UT,Morgan County,551.0,4.2,126482.0,0,peeringdb_us_facilities_20261006T160916Z.json,2024,12.22,eia_residential_electricity_price_2024_by_state.csv,state,0,,,0,no_listed_facilities,WRI Aqueduct 4.0 baseline_annual
49031,2024,UT,Piute County,209.0,13.7,62338.0,0,peeringdb_us_facilities_20261006T160916Z.json,2024,12.22,eia_residential_electricity_price_2024_by_state.csv,state,0,,,0,no_listed_facilities,WRI Aqueduct 4.0 baseline_annual
49033,2024,UT,Rich County,232.0,8.5,72337.0,0,peeringdb_us_facilities_20261006T160916Z.json,2024,12.22,eia_residential_electricity_price_2024_by_state.csv,state,0,,,0,no_listed_facilities,WRI Aqueduct 4.0 baseline_annual
49035,2024,UT,Salt Lake County,95048.0,7.9,99008.0,21,peeringdb_us_facilities_20261006T160916Z.json,2024,12.22,eia_residential_electricity_price_2024_by_state.csv,state,21,3.2322580514530403,100.0,0,complete_coverage,WRI Aqueduct 4.0 baseline_annual
49037,2024,UT,San Juan County,2786.0,19.5,63019.0,0,peeringdb_us_facilities_20261006T160916Z.json,2024,12.22,eia_residential_electricity_price_2024_by_state.csv,state,0,,,0,no_listed_facilities,WRI Aqueduct 4.0 baseline_annual
49039,2024,UT,Sanpete County,3387.0,12.2,71940.0,0,peeringdb_us_facilities_20261006T160916Z.json,2024,12.22,eia_residential_electricity_price_2024_by_state.csv,state,0,,,0,no_listed_facilities,WRI Aqueduct 4.0 baseline_annual
49041,2024,UT,Sevier County,2214.0,10.0,74469.0,0,peeringdb_us_facilities_20261006T160916Z.json,2024,12.22,eia_residential_electricity_price_2024_by_state.csv,state,0,,,0,no_listed_facilities,WRI Aqueduct 4.0 baseline_annual
49043,2024,UT,Summit County,2162.0,5.0,132012.0,0,peeringdb_us_facilities_20261006T160916Z.json,2024,12.22,eia_residential_electricity_price_2024_by_state.csv,state,0,,,0,no_listed_facilities,WRI Aqueduct 4.0 baseline_annual
49045,2024,UT,Tooele County,5204.0,6.2,111901.0,0,peeringdb_us_facilities_20261006T160916Z.json,2024,12.22,eia_residential_electricity_price_2024_by_state.csv,state,0,,,0,no_listed_facilities,WRI Aqueduct 4.0 baseline_annual
49047,2024,UT,Uintah County,4749.0,12.5,79128.0,1,peeringdb_us_facilities_20261006T160916Z.json,2024,12.22,eia_residential_electricity_price_2024_by_state.csv,state,1,0.25695596418056,100.0,0,complete_coverage,WRI Aqueduct 4.0 baseline_annual
49049,2024,UT,Utah County,65480.0,9.0,100611.0,2,peeringdb_us_facilities_20261006T160916Z.json,2024,12.22,eia_residential_electricity_price_2024_by_state.csv,state,2,3.2322580514530403,100.0,0,complete_coverage,WRI Aqueduct 4.0 baseline_annual
49051,2024,UT,Wasatch County,1789.0,4.8,129019.0,0,peeringdb_us_facilities_20261006T160916Z.json,2024,12.22,eia_residential_electricity_price_2024_by_state.csv,state,0,,,0,no_listed_facilities,WRI Aqueduct 4.0 baseline_annual
49053,2024,UT,Washington County,19006.0,9.3,86715.0,1,peeringdb_us_facilities_20261006T160916Z.json,2024,12.22,eia_residential_electricity_price_2024_by_state.csv,state,1,5.0,100.0,0,complete_coverage,WRI Aqueduct 4.0 baseline_annual
49055,2024,UT,Wayne County,268.0,10.3,70968.0,0,peeringdb_us_facilities_20261006T160916Z.json,2024,12.22,eia_residential_electricity_price_2024_by_state.csv,state,0,,,0,no_listed_facilities,WRI Aqueduct 4.0 baseline_annual
49057,2024,UT,Weber County,24312.0,8.9,88111.0,0,peeringdb_us_facilities_20261006T160916Z.json,2024,12.22,eia_residential_electricity_price_2024_by_state.csv,state,0,,,0,no_listed_facilities,WRI Aqueduct 4.0 baseline_annual
50001,2024,VT,Addison County,2811.0,8.0,88588.0,0,peeringdb_us_facilities_20261006T160916Z.json,2024,21.9,eia_residential_electricity_price_2024_by_state.csv,state,0,,,0,no_listed_facilities,WRI Aqueduct 4.0 baseline_annual
50003,2024,VT,Bennington County,3529.0,9.9,71854.0,0,peeringdb_us_facilities_20261006T160916Z.json,2024,21.9,eia_residential_electricity_price_2024_by_state.csv,state,0,,,0,no_listed_facilities,WRI Aqueduct 4.0 baseline_annual
50005,2024,VT,Caledonia County,3290.0,11.0,68356.0,0,peeringdb_us_facilities_20261006T160916Z.json,2024,21.9,eia_residential_electricity_price_2024_by_state.csv,state,0,,,0,no_listed_facilities,WRI Aqueduct 4.0 baseline_annual
50007,2024,VT,Chittenden County,14307.0,8.9,91413.0,4,peeringdb_us_facilities_20261006T160916Z.json,2024,21.9,eia_residential_electricity_price_2024_by_state.csv,state,4,0.0,100.0,0,complete_coverage,WRI Aqueduct 4.0 baseline_annual
50009,2024,VT,Essex County,830.0,13.8,56992.0,0,peeringdb_us_facilities_20261006T160916Z.json,2024,21.9,eia_residential_electricity_price_2024_by_state.csv,state,0,,,0,no_listed_facilities,WRI Aqueduct 4.0 baseline_annual
50011,2024,VT,Franklin County,4431.0,8.8,83266.0,0,peeringdb_us_facilities_20261006T160916Z.json,2024,21.9,eia_residential_electricity_price_2024_by_state.csv,state,0,,,0,no_listed_facilities,WRI Aqueduct 4.0 baseline_annual
50013,2024,VT,Grand Isle County,600.0,8.0,98799.0,0,peeringdb_us_facilities_20261006T160916Z.json,2024,21.9,eia_residential_electricity_price_2024_by_state.csv,state,0,,,0,no_listed_facilities,WRI Aqueduct 4.0 baseline_annual
50015,2024,VT,Lamoille County,2297.0,8.9,87863.0,0,peeringdb_us_facilities_20261006T160916Z.json,2024,21.9,eia_residential_electricity_price_2024_by_state.csv,state,0,,,0,no_listed_facilities,WRI Aqueduct 4.0 baseline_annual
50017,2024,VT,Orange County,2889.0,9.8,80532.0,0,peeringdb_us_facilities_20261006T160916Z.json,2024,21.9,eia_residential_electricity_price_2024_by_state.csv,state,0,,,0,no_listed_facilities,WRI Aqueduct 4.0 baseline_annual
50019,2024,VT,Orleans County,3209.0,11.9,66367.0,0,peeringdb_us_facilities_20261006T160916Z.json,2024,21.9,eia_residential_electricity_price_2024_by_state.csv,state,0,,,0,no_listed_facilities,WRI Aqueduct 4.0 baseline_annual
50021,2024,VT,Rutland County,5862.0,10.0,69554.0,1,peeringdb_us_facilities_20261006T160916Z.json,2024,21.9,eia_residential_electricity_price_2024_by_state.csv,state,1,0.0,100.0,0,complete_coverage,WRI Aqueduct 4.0 baseline_annual
50023,2024,VT,Washington County,3537.0,6.1,86050.0,0,peeringdb_us_facilities_20261006T160916Z.json,2024,21.9,eia_residential_electricity_price_2024_by_state.csv,state,0,,,0,no_listed_facilities,WRI Aqueduct 4.0 baseline_annual
50025,2024,VT,Windham County,5032.0,11.4,69080.0,0,peeringdb_us_facilities_20261006T160916Z.json,2024,21.9,eia_residential_electricity_price_2024_by_state.csv,state,0,,,0,no_listed_facilities,WRI Aqueduct 4.0 baseline_annual
50027,2024,VT,Windsor County,5251.0,9.2,76970.0,0,peeringdb_us_facilities_20261006T160916Z.json,2024,21.9,eia_residential_electricity_price_2024_by_state.csv,state,0,,,0,no_listed_facilities,WRI Aqueduct 4.0 baseline_annual
51001,2024,VA,Accomack County,4335.0,13.1,60675.0,0,peeringdb_us_facilities_20261006T160916Z.json,2024,14.41,eia_residential_electricity_price_2024_by_state.csv,state,0,,,0,no_listed_facilities,WRI Aqueduct 4.0 baseline_annual
51003,2024,VA,Albemarle County,9142.0,8.3,103657.0,0,peeringdb_us_facilities_20261006T160916Z.json,2024,14.41,eia_residential_electricity_price_2024_by_state.csv,state,0,,,0,no_listed_facilities,WRI Aqueduct 4.0 baseline_annual
51005,2024,VA,Alleghany County,1646.0,11.5,58593.0,0,peeringdb_us_facilities_20261006T160916Z.json,2024,14.41,eia_residential_electricity_price_2024_by_state.csv,state,0,,,0,no_listed_facilities,WRI Aqueduct 4.0 baseline_annual
51007,2024,VA,Amelia County,1305.0,9.6,80689.0,0,peeringdb_us_facilities_20261006T160916Z.json,2024,14.41,eia_residential_electricity_price_2024_by_state.csv,state,0,,,0,no_listed_facilities,WRI Aqueduct 4.0 baseline_annual
51009,2024,VA,Amherst County,3883.0,12.5,66607.0,0,peeringdb_us_facilities_20261006T160916Z.json,2024,14.41,eia_residential_electricity_price_2024_by_state.csv,state,0,,,0,no_listed_facilities,WRI Aqueduct 4.0 baseline_annual
51011,2024,VA,Appomattox County,2054.0,12.2,68426.0,0,peeringdb_us_facilities_20261006T160916Z.json,2024,14.41,eia_residential_electricity_price_2024_by_state.csv,state,0,,,0,no_listed_facilities,WRI Aqueduct 4.0 baseline_annual
51013,2024,VA,Arlington County,19024.0,8.0,133394.0,0,peeringdb_us_facilities_20261006T160916Z.json,2024,14.41,eia_residential_electricity_price_2024_by_state.csv,state,0,,,0,no_listed_facilities,WRI Aqueduct 4.0 baseline_annual
51015,2024,VA,Augusta County,5496.0,7.3,80543.0,0,peeringdb_us_facilities_20261006T160916Z.json,2024,14.41,eia_residential_electricity_price_2024_by_state.csv,state,0,,,0,no_listed_facilities,WRI Aqueduct 4.0 baseline_annual
51017,2024,VA,Bath County,451.0,11.3,63429.0,0,peeringdb_us_facilities_20261006T160916Z.json,2024,14.41,eia_residential_electricity_price_2024_by_state.csv,state,0,,,0,no_listed_facilities,WRI Aqueduct 4.0 baseline_annual
51019,2024,VA,Bedford County,7252.0,8.9,77289.0,0,peeringdb_us_facilities_20261006T160916Z.json,2024,14.41,eia_residential_electricity_price_2024_by_state.csv,state,0,,,0,no_listed_facilities,WRI Aqueduct 4.0 baseline_annual
51021,2024,VA,Bland County,801.0,14.6,61952.0,0,peeringdb_us_facilities_20261006T160916Z.json,2024,14.41,eia_residential_electricity_price_2024_by_state.csv,state,0,,,0,no_listed_facilities,WRI Aqueduct 4.0 baseline_annual
51023,2024,VA,Botetourt County,1761.0,5.2,92407.0,0,peeringdb_us_facilities_20261006T160916Z.json,2024,14.41,eia_residential_electricity_price_2024_by_state.csv,state,0,,,0,no_listed_facilities,WRI Aqueduct 4.0 baseline_annual
51025,2024,VA,Brunswick County,2762.0,20.2,53438.0,0,peeringdb_us_facilities_20261006T160916Z.json,2024,14.41,eia_residential_electricity_price_2024_by_state.csv,state,0,,,0,no_listed_facilities,WRI Aqueduct 4.0 baseline_annual
51027,2024,VA,Buchanan County,4079.0,23.5,47088.0,0,peeringdb_us_facilities_20261006T160916Z.json,2024,14.41,eia_residential_electricity_price_2024_by_state.csv,state,0,,,0,no_listed_facilities,WRI Aqueduct 4.0 baseline_annual
51029,2024,VA,Buckingham County,2757.0,18.4,58848.0,0,peeringdb_us_facilities_20261006T160916Z.json,2024,14.41,eia_residential_electricity_price_2024_by_state.csv,state,0,,,0,no_listed_facilities,WRI Aqueduct 4.0 baseline_annual
51031,2024,VA,Campbell County,6124.0,11.2,65111.0,0,peeringdb_us_facilities_20261006T160916Z.json,2024,14.41,eia_residential_electricity_price_2024_by_state.csv,state,0,,,0,no_listed_facilities,WRI Aqueduct 4.0 baseline_annual
51033,2024,VA,Caroline County,3403.0,10.4,77152.0,0,peeringdb_us_facilities_20261006T160916Z.json,2024,14.41,eia_residential_electricity_price_2024_by_state.csv,state,0,,,0,no_listed_facilities,WRI Aqueduct 4.0 baseline_annual
51035,2024,VA,Carroll County,4173.0,14.4,56924.0,0,peeringdb_us_facilities_20261006T160916Z.json,2024,14.41,eia_residential_electricity_price_2024_by_state.csv,state,0,,,0,no_listed_facilities,WRI Aqueduct 4.0 baseline_annual
51036,2024,VA,Charles City County,746.0,11.4,76595.0,0,peeringdb_us_facilities_20261006T160916Z.json,2024,14.41,eia_residential_electricity_price_2024_by_state.csv,state,0,,,0,no_listed_facilities,WRI Aqueduct 4.0 baseline_annual
51037,2024,VA,Charlotte County,1763.0,15.9,58879.0,0,peeringdb_us_facilities_20261006T160916Z.json,2024,14.41,eia_residential_electricity_price_2024_by_state.csv,state,0,,,0,no_listed_facilities,WRI Aqueduct 4.0 baseline_annual
51041,2024,VA,Chesterfield County,27250.0,7.1,101573.0,0,peeringdb_us_facilities_20261006T160916Z.json,2024,14.41,eia_residential_electricity_price_2024_by_state.csv,state,0,,,0,no_listed_facilities,WRI Aqueduct 4.0 baseline_annual
51043,2024,VA,Clarke County,1145.0,7.5,104104.0,0,peeringdb_us_facilities_20261006T160916Z.json,2024,14.41,eia_residential_electricity_price_2024_by_state.csv,state,0,,,0,no_listed_facilities,WRI Aqueduct 4.0 baseline_annual
51045,2024,VA,Craig County,504.0,10.5,72014.0,0,peeringdb_us_facilities_20261006T160916Z.json,2024,14.41,eia_residential_electricity_price_2024_by_state.csv,state,0,,,0,no_listed_facilities,WRI Aqueduct 4.0 baseline_annual
51047,2024,VA,Culpeper County,5210.0,9.6,93050.0,1,peeringdb_us_facilities_20261006T160916Z.json,2024,14.41,eia_residential_electricity_price_2024_by_state.csv,state,1,2.7027135553703565,100.0,0,complete_coverage,WRI Aqueduct 4.0 baseline_annual
51049,2024,VA,Cumberland County,1278.0,12.7,62104.0,0,peeringdb_us_facilities_20261006T160916Z.json,2024,14.41,eia_residential_electricity_price_2024_by_state.csv,state,0,,,0,no_listed_facilities,WRI Aqueduct 4.0 baseline_annual
51051,2024,VA,Dickenson County,2590.0,19.9,50078.0,0,peeringdb_us_facilities_20261006T160916Z.json,2024,14.41,eia_residential_electricity_price_2024_by_state.csv,state,0,,,0,no_listed_facilities,WRI Aqueduct 4.0 baseline_annual
51053,2024,VA,Dinwiddie County,2854.0,10.1,70913.0,0,peeringdb_us_facilities_20261006T160916Z.json,2024,14.41,eia_residential_electricity_price_2024_by_state.csv,state,0,,,0,no_listed_facilities,WRI Aqueduct 4.0 baseline_annual
51057,2024,VA,Essex County,1237.0,11.7,64311.0,0,peeringdb_us_facilities_20261006T160916Z.json,2024,14.41,eia_residential_electricity_price_2024_by_state.csv,state,0,,,0,no_listed_facilities,WRI Aqueduct 4.0 baseline_annual
51059,2024,VA,Fairfax County,69264.0,6.0,153889.0,20,peeringdb_us_facilities_20261006T160916Z.json,2024,14.41,eia_residential_electricity_price_2024_by_state.csv,state,20,1.015897655859456,100.0,0,complete_coverage,WRI Aqueduct 4.0 baseline_annual
51061,2024,VA,Fauquier County,4966.0,6.6,118871.0,0,peeringdb_us_facilities_20261006T160916Z.json,2024,14.41,eia_residential_electricity_price_2024_by_state.csv,state,0,,,0,no_listed_facilities,WRI Aqueduct 4.0 baseline_annual
51063,2024,VA,Floyd County,1773.0,11.4,64946.0,0,peeringdb_us_facilities_20261006T160916Z.json,2024,14.41,eia_residential_electricity_price_2024_by_state.csv,state,0,,,0,no_listed_facilities,WRI Aqueduct 4.0 baseline_annual
51065,2024,VA,Fluvanna County,1951.0,7.1,94002.0,0,peeringdb_us_facilities_20261006T160916Z.json,2024,14.41,eia_residential_electricity_price_2024_by_state.csv,state,0,,,0,no_listed_facilities,WRI Aqueduct 4.0 baseline_annual
51067,2024,VA,Franklin County,6686.0,12.3,71650.0,0,peeringdb_us_facilities_20261006T160916Z.json,2024,14.41,eia_residential_electricity_price_2024_by_state.csv,state,0,,,0,no_listed_facilities,WRI Aqueduct 4.0 baseline_annual
51069,2024,VA,Frederick County,6145.0,6.3,95730.0,0,peeringdb_us_facilities_20261006T160916Z.json,2024,14.41,eia_residential_electricity_price_2024_by_state.csv,state,0,,,0,no_listed_facilities,WRI Aqueduct 4.0 baseline_annual
51071,2024,VA,Giles County,1883.0,11.5,66417.0,0,peeringdb_us_facilities_20261006T160916Z.json,2024,14.41,eia_residential_electricity_price_2024_by_state.csv,state,0,,,0,no_listed_facilities,WRI Aqueduct 4.0 baseline_annual
51073,2024,VA,Gloucester County,2975.0,7.5,84463.0,0,peeringdb_us_facilities_20261006T160916Z.json,2024,14.41,eia_residential_electricity_price_2024_by_state.csv,state,0,,,0,no_listed_facilities,WRI Aqueduct 4.0 baseline_annual
51075,2024,VA,Goochland County,1897.0,6.9,121009.0,0,peeringdb_us_facilities_20261006T160916Z.json,2024,14.41,eia_residential_electricity_price_2024_by_state.csv,state,0,,,0,no_listed_facilities,WRI Aqueduct 4.0 baseline_annual
51077,2024,VA,Grayson County,2493.0,17.6,52291.0,0,peeringdb_us_facilities_20261006T160916Z.json,2024,14.41,eia_residential_electricity_price_2024_by_state.csv,state,0,,,0,no_listed_facilities,WRI Aqueduct 4.0 baseline_annual
51079,2024,VA,Greene County,1805.0,8.4,89231.0,0,peeringdb_us_facilities_20261006T160916Z.json,2024,14.41,eia_residential_electricity_price_2024_by_state.csv,state,0,,,0,no_listed_facilities,WRI Aqueduct 4.0 baseline_annual
51081,2024,VA,Greensville County,2048.0,26.2,56795.0,0,peeringdb_us_facilities_20261006T160916Z.json,2024,14.41,eia_residential_electricity_price_2024_by_state.csv,state,0,,,0,no_listed_facilities,WRI Aqueduct 4.0 baseline_annual
51083,2024,VA,Halifax County,4913.0,15.0,54620.0,0,peeringdb_us_facilities_20261006T160916Z.json,2024,14.41,eia_residential_electricity_price_2024_by_state.csv,state,0,,,0,no_listed_facilities,WRI Aqueduct 4.0 baseline_annual
51085,2024,VA,Hanover County,6949.0,6.1,117424.0,1,peeringdb_us_facilities_20261006T160916Z.json,2024,14.41,eia_residential_electricity_price_2024_by_state.csv,state,1,3.802847971072168,100.0,0,complete_coverage,WRI Aqueduct 4.0 baseline_annual
51087,2024,VA,Henrico County,34434.0,10.3,84671.0,5,peeringdb_us_facilities_20261006T160916Z.json,2024,14.41,eia_residential_electricity_price_2024_by_state.csv,state,5,3.8028479710721674,100.0,0,complete_coverage,WRI Aqueduct 4.0 baseline_annual
51089,2024,VA,Henry County,7794.0,16.0,54340.0,0,peeringdb_us_facilities_20261006T160916Z.json,2024,14.41,eia_residential_electricity_price_2024_by_state.csv,state,0,,,0,no_listed_facilities,WRI Aqueduct 4.0 baseline_annual
51091,2024,VA,Highland County,296.0,12.6,56770.0,0,peeringdb_us_facilities_20261006T160916Z.json,2024,14.41,eia_residential_electricity_price_2024_by_state.csv,state,0,,,0,no_listed_facilities,WRI Aqueduct 4.0 baseline_annual
51093,2024,VA,Isle of Wight County,3319.0,8.2,93107.0,0,peeringdb_us_facilities_20261006T160916Z.json,2024,14.41,eia_residential_electricity_price_2024_by_state.csv,state,0,,,0,no_listed_facilities,WRI Aqueduct 4.0 baseline_annual
51095,2024,VA,James City County,5215.0,6.4,113101.0,0,peeringdb_us_facilities_20261006T160916Z.json,2024,14.41,eia_residential_electricity_price_2024_by_state.csv,state,0,,,0,no_listed_facilities,WRI Aqueduct 4.0 baseline_annual
51097,2024,VA,King and Queen County,845.0,12.5,61311.0,0,peeringdb_us_facilities_20261006T160916Z.json,2024,14.41,eia_residential_electricity_price_2024_by_state.csv,state,0,,,0,no_listed_facilities,WRI Aqueduct 4.0 baseline_annual
51099,2024,VA,King George County,1870.0,6.6,110440.0,0,peeringdb_us_facilities_20261006T160916Z.json,2024,14.41,eia_residential_electricity_price_2024_by_state.csv,state,0,,,0,no_listed_facilities,WRI Aqueduct 4.0 baseline_annual
51101,2024,VA,King William County,1256.0,6.6,90466.0,0,peeringdb_us_facilities_20261006T160916Z.json,2024,14.41,eia_residential_electricity_price_2024_by_state.csv,state,0,,,0,no_listed_facilities,WRI Aqueduct 4.0 baseline_annual
51103,2024,VA,Lancaster County,1186.0,11.0,69909.0,0,peeringdb_us_facilities_20261006T160916Z.json,2024,14.41,eia_residential_electricity_price_2024_by_state.csv,state,0,,,0,no_listed_facilities,WRI Aqueduct 4.0 baseline_annual
51105,2024,VA,Lee County,5275.0,26.0,43916.0,0,peeringdb_us_facilities_20261006T160916Z.json,2024,14.41,eia_residential_electricity_price_2024_by_state.csv,state,0,,,0,no_listed_facilities,WRI Aqueduct 4.0 baseline_annual
51107,2024,VA,Loudoun County,19078.0,4.3,177457.0,42,peeringdb_us_facilities_20261006T160916Z.json,2024,14.41,eia_residential_electricity_price_2024_by_state.csv,state,42,0.158307520864789,100.0,0,complete_coverage,WRI Aqueduct 4.0 baseline_annual
51109,2024,VA,Louisa County,3486.0,8.3,87062.0,0,peeringdb_us_facilities_20261006T160916Z.json,2024,14.41,eia_residential_electricity_price_2024_by_state.csv,state,0,,,0,no_listed_facilities,WRI Aqueduct 4.0 baseline_annual
51111,2024,VA,Lunenburg County,2201.0,19.9,56412.0,0,peeringdb_us_facilities_20261006T160916Z.json,2024,14.41,eia_residential_electricity_price_2024_by_state.csv,state,0,,,0,no_listed_facilities,WRI Aqueduct 4.0 baseline_annual
51113,2024,VA,Madison County,1449.0,10.3,83686.0,0,peeringdb_us_facilities_20261006T160916Z.json,2024,14.41,eia_residential_electricity_price_2024_by_state.csv,state,0,,,0,no_listed_facilities,WRI Aqueduct 4.0 baseline_annual
51115,2024,VA,Mathews County,822.0,9.6,78692.0,0,peeringdb_us_facilities_20261006T160916Z.json,2024,14.41,eia_residential_electricity_price_2024_by_state.csv,state,0,,,0,no_listed_facilities,WRI Aqueduct 4.0 baseline_annual
51117,2024,VA,Mecklenburg County,4347.0,14.5,59944.0,0,peeringdb_us_facilities_20261006T160916Z.json,2024,14.41,eia_residential_electricity_price_2024_by_state.csv,state,0,,,0,no_listed_facilities,WRI Aqueduct 4.0 baseline_annual
51119,2024,VA,Middlesex County,1186.0,11.2,74752.0,0,peeringdb_us_facilities_20261006T160916Z.json,2024,14.41,eia_residential_electricity_price_2024_by_state.csv,state,0,,,0,no_listed_facilities,WRI Aqueduct 4.0 baseline_annual
51121,2024,VA,Montgomery County,18110.0,20.6,70511.0,0,peeringdb_us_facilities_20261006T160916Z.json,2024,14.41,eia_residential_electricity_price_2024_by_state.csv,state,0,,,0,no_listed_facilities,WRI Aqueduct 4.0 baseline_annual
51125,2024,VA,Nelson County,1686.0,11.5,71448.0,0,peeringdb_us_facilities_20261006T160916Z.json,2024,14.41,eia_residential_electricity_price_2024_by_state.csv,state,0,,,0,no_listed_facilities,WRI Aqueduct 4.0 baseline_annual
51127,2024,VA,New Kent County,1179.0,4.4,126545.0,0,peeringdb_us_facilities_20261006T160916Z.json,2024,14.41,eia_residential_electricity_price_2024_by_state.csv,state,0,,,0,no_listed_facilities,WRI Aqueduct 4.0 baseline_annual
51131,2024,VA,Northampton County,1983.0,16.8,63587.0,0,peeringdb_us_facilities_20261006T160916Z.json,2024,14.41,eia_residential_electricity_price_2024_by_state.csv,state,0,,,0,no_listed_facilities,WRI Aqueduct 4.0 baseline_annual
51133,2024,VA,Northumberland County,1510.0,12.2,73119.0,0,peeringdb_us_facilities_20261006T160916Z.json,2024,14.41,eia_residential_electricity_price_2024_by_state.csv,state,0,,,0,no_listed_facilities,WRI Aqueduct 4.0 baseline_annual
51135,2024,VA,Nottoway County,2598.0,19.0,57326.0,0,peeringdb_us_facilities_20261006T160916Z.json,2024,14.41,eia_residential_electricity_price_2024_by_state.csv,state,0,,,0,no_listed_facilities,WRI Aqueduct 4.0 baseline_annual
51137,2024,VA,Orange County,3274.0,8.5,87969.0,0,peeringdb_us_facilities_20261006T160916Z.json,2024,14.41,eia_residential_electricity_price_2024_by_state.csv,state,0,,,0,no_listed_facilities,WRI Aqueduct 4.0 baseline_annual
51139,2024,VA,Page County,2851.0,12.2,63580.0,0,peeringdb_us_facilities_20261006T160916Z.json,2024,14.41,eia_residential_electricity_price_2024_by_state.csv,state,0,,,0,no_listed_facilities,WRI Aqueduct 4.0 baseline_annual
51141,2024,VA,Patrick County,2803.0,16.6,54805.0,0,peeringdb_us_facilities_20261006T160916Z.json,2024,14.41,eia_residential_electricity_price_2024_by_state.csv,state,0,,,0,no_listed_facilities,WRI Aqueduct 4.0 baseline_annual
51143,2024,VA,Pittsylvania County,7862.0,13.5,61655.0,0,peeringdb_us_facilities_20261006T160916Z.json,2024,14.41,eia_residential_electricity_price_2024_by_state.csv,state,0,,,0,no_listed_facilities,WRI Aqueduct 4.0 baseline_annual
51145,2024,VA,Powhatan County,2107.0,6.7,109889.0,0,peeringdb_us_facilities_20261006T160916Z.json,2024,14.41,eia_residential_electricity_price_2024_by_state.csv,state,0,,,0,no_listed_facilities,WRI Aqueduct 4.0 baseline_annual
51147,2024,VA,Prince Edward County,3147.0,17.6,58299.0,0,peeringdb_us_facilities_20261006T160916Z.json,2024,14.41,eia_residential_electricity_price_2024_by_state.csv,state,0,,,0,no_listed_facilities,WRI Aqueduct 4.0 baseline_annual
51149,2024,VA,Prince George County,3887.0,11.3,80906.0,0,peeringdb_us_facilities_20261006T160916Z.json,2024,14.41,eia_residential_electricity_price_2024_by_state.csv,state,0,,,0,no_listed_facilities,WRI Aqueduct 4.0 baseline_annual
51153,2024,VA,Prince William County,32448.0,6.6,128291.0,8,peeringdb_us_facilities_20261006T160916Z.json,2024,14.41,eia_residential_electricity_price_2024_by_state.csv,state,8,3.5886680608434567,100.0,0,complete_coverage,WRI Aqueduct 4.0 baseline_annual
51155,2024,VA,Pulaski County,4330.0,13.3,63762.0,0,peeringdb_us_facilities_20261006T160916Z.json,2024,14.41,eia_residential_electricity_price_2024_by_state.csv,state,0,,,0,no_listed_facilities,WRI Aqueduct 4.0 baseline_annual
51157,2024,VA,Rappahannock County,682.0,9.1,81343.0,0,peeringdb_us_facilities_20261006T160916Z.json,2024,14.41,eia_residential_electricity_price_2024_by_state.csv,state,0,,,0,no_listed_facilities,WRI Aqueduct 4.0 baseline_annual
51159,2024,VA,Richmond County,1277.0,16.7,63040.0,0,peeringdb_us_facilities_20261006T160916Z.json,2024,14.41,eia_residential_electricity_price_2024_by_state.csv,state,0,,,0,no_listed_facilities,WRI Aqueduct 4.0 baseline_annual
51161,2024,VA,Roanoke County,6741.0,7.1,85809.0,0,peeringdb_us_facilities_20261006T160916Z.json,2024,14.41,eia_residential_electricity_price_2024_by_state.csv,state,0,,,0,no_listed_facilities,WRI Aqueduct 4.0 baseline_annual
51163,2024,VA,Rockbridge County,2166.0,9.9,75191.0,0,peeringdb_us_facilities_20261006T160916Z.json,2024,14.41,eia_residential_electricity_price_2024_by_state.csv,state,0,,,0,no_listed_facilities,WRI Aqueduct 4.0 baseline_annual
51165,2024,VA,Rockingham County,7004.0,8.2,81772.0,0,peeringdb_us_facilities_20261006T160916Z.json,2024,14.41,eia_residential_electricity_price_2024_by_state.csv,state,0,,,0,no_listed_facilities,WRI Aqueduct 4.0 baseline_annual
51167,2024,VA,Russell County,4015.0,15.9,52467.0,0,peeringdb_us_facilities_20261006T160916Z.json,2024,14.41,eia_residential_electricity_price_2024_by_state.csv,state,0,,,0,no_listed_facilities,WRI Aqueduct 4.0 baseline_annual
51169,2024,VA,Scott County,4129.0,20.1,49890.0,0,peeringdb_us_facilities_20261006T160916Z.json,2024,14.41,eia_residential_electricity_price_2024_by_state.csv,state,0,,,0,no_listed_facilities,WRI Aqueduct 4.0 baseline_annual
51171,2024,VA,Shenandoah County,4626.0,10.3,72392.0,0,peeringdb_us_facilities_20261006T160916Z.json,2024,14.41,eia_residential_electricity_price_2024_by_state.csv,state,0,,,0,no_listed_facilities,WRI Aqueduct 4.0 baseline_annual
51173,2024,VA,Smyth County,4981.0,17.5,56075.0,0,peeringdb_us_facilities_20261006T160916Z.json,2024,14.41,eia_residential_electricity_price_2024_by_state.csv,state,0,,,0,no_listed_facilities,WRI Aqueduct 4.0 baseline_annual
51175,2024,VA,Southampton County,2097.0,12.7,70013.0,0,peeringdb_us_facilities_20261006T160916Z.json,2024,14.41,eia_residential_electricity_price_2024_by_state.csv,state,0,,,0,no_listed_facilities,WRI Aqueduct 4.0 baseline_annual
51177,2024,VA,Spotsylvania County,10604.0,7.0,107892.0,0,peeringdb_us_facilities_20261006T160916Z.json,2024,14.41,eia_residential_electricity_price_2024_by_state.csv,state,0,,,0,no_listed_facilities,WRI Aqueduct 4.0 baseline_annual
51179,2024,VA,Stafford County,8873.0,5.4,134781.0,0,peeringdb_us_facilities_20261006T160916Z.json,2024,14.41,eia_residential_electricity_price_2024_by_state.csv,state,0,,,0,no_listed_facilities,WRI Aqueduct 4.0 baseline_annual
51181,2024,VA,Surry County,771.0,11.7,80189.0,0,peeringdb_us_facilities_20261006T160916Z.json,2024,14.41,eia_residential_electricity_price_2024_by_state.csv,state,0,,,0,no_listed_facilities,WRI Aqueduct 4.0 baseline_annual
51183,2024,VA,Sussex County,1892.0,21.9,53197.0,0,peeringdb_us_facilities_20261006T160916Z.json,2024,14.41,eia_residential_electricity_price_2024_by_state.csv,state,0,,,0,no_listed_facilities,WRI Aqueduct 4.0 baseline_annual
51185,2024,VA,Tazewell County,6465.0,17.4,52238.0,0,peeringdb_us_facilities_20261006T160916Z.json,2024,14.41,eia_residential_electricity_price_2024_by_state.csv,state,0,,,0,no_listed_facilities,WRI Aqueduct 4.0 baseline_annual
51187,2024,VA,Warren County,4026.0,9.8,85203.0,0,peeringdb_us_facilities_20261006T160916Z.json,2024,14.41,eia_residential_electricity_price_2024_by_state.csv,state,0,,,0,no_listed_facilities,WRI Aqueduct 4.0 baseline_annual
51191,2024,VA,Washington County,6132.0,11.7,63570.0,0,peeringdb_us_facilities_20261006T160916Z.json,2024,14.41,eia_residential_electricity_price_2024_by_state.csv,state,0,,,0,no_listed_facilities,WRI Aqueduct 4.0 baseline_annual
51193,2024,VA,Westmoreland County,2645.0,13.8,70072.0,0,peeringdb_us_facilities_20261006T160916Z.json,2024,14.41,eia_residential_electricity_price_2024_by_state.csv,state,0,,,0,no_listed_facilities,WRI Aqueduct 4.0 baseline_annual
51195,2024,VA,Wise County,6309.0,19.5,53925.0,0,peeringdb_us_facilities_20261006T160916Z.json,2024,14.41,eia_residential_electricity_price_2024_by_state.csv,state,0,,,0,no_listed_facilities,WRI Aqueduct 4.0 baseline_annual
51197,2024,VA,Wythe County,3296.0,11.8,62294.0,0,peeringdb_us_facilities_20261006T160916Z.json,2024,14.41,eia_residential_electricity_price_2024_by_state.csv,state,0,,,0,no_listed_facilities,WRI Aqueduct 4.0 baseline_annual
51199,2024,VA,York County,3740.0,5.3,109281.0,0,peeringdb_us_facilities_20261006T160916Z.json,2024,14.41,eia_residential_electricity_price_2024_by_state.csv,state,0,,,0,no_listed_facilities,WRI Aqueduct 4.0 baseline_annual
51510,2024,VA,Alexandria city,11831.0,7.5,123840.0,0,peeringdb_us_facilities_20261006T160916Z.json,2024,14.41,eia_residential_electricity_price_2024_by_state.csv,state,0,,,0,no_listed_facilities,WRI Aqueduct 4.0 baseline_annual
51520,2024,VA,Bristol city,2988.0,18.6,51498.0,0,peeringdb_us_facilities_20261006T160916Z.json,2024,14.41,eia_residential_electricity_price_2024_by_state.csv,state,0,,,0,no_listed_facilities,WRI Aqueduct 4.0 baseline_annual
51530,2024,VA,Buena Vista city,938.0,15.6,57177.0,0,peeringdb_us_facilities_20261006T160916Z.json,2024,14.41,eia_residential_electricity_price_2024_by_state.csv,state,0,,,0,no_listed_facilities,WRI Aqueduct 4.0 baseline_annual
51540,2024,VA,Charlottesville city,7019.0,16.5,76296.0,0,peeringdb_us_facilities_20261006T160916Z.json,2024,14.41,eia_residential_electricity_price_2024_by_state.csv,state,0,,,0,no_listed_facilities,WRI Aqueduct 4.0 baseline_annual
51550,2024,VA,Chesapeake city,26196.0,10.5,90226.0,0,peeringdb_us_facilities_20261006T160916Z.json,2024,14.41,eia_residential_electricity_price_2024_by_state.csv,state,0,,,0,no_listed_facilities,WRI Aqueduct 4.0 baseline_annual
51570,2024,VA,Colonial Heights city,1770.0,9.6,68642.0,0,peeringdb_us_facilities_20261006T160916Z.json,2024,14.41,eia_residential_electricity_price_2024_by_state.csv,state,0,,,0,no_listed_facilities,WRI Aqueduct 4.0 baseline_annual
51580,2024,VA,Covington city,828.0,14.8,51416.0,0,peeringdb_us_facilities_20261006T160916Z.json,2024,14.41,eia_residential_electricity_price_2024_by_state.csv,state,0,,,0,no_listed_facilities,WRI Aqueduct 4.0 baseline_annual
51590,2024,VA,Danville city,9270.0,22.9,47220.0,0,peeringdb_us_facilities_20261006T160916Z.json,2024,14.41,eia_residential_electricity_price_2024_by_state.csv,state,0,,,0,no_listed_facilities,WRI Aqueduct 4.0 baseline_annual
51595,2024,VA,Emporia city,1073.0,20.6,48306.0,0,peeringdb_us_facilities_20261006T160916Z.json,2024,14.41,eia_residential_electricity_price_2024_by_state.csv,state,0,,,0,no_listed_facilities,WRI Aqueduct 4.0 baseline_annual
51600,2024,VA,Fairfax city,2020.0,7.8,126239.0,0,peeringdb_us_facilities_20261006T160916Z.json,2024,14.41,eia_residential_electricity_price_2024_by_state.csv,state,0,,,0,no_listed_facilities,WRI Aqueduct 4.0 baseline_annual
51610,2024,VA,Falls Church city,690.0,4.6,161600.0,0,peeringdb_us_facilities_20261006T160916Z.json,2024,14.41,eia_residential_electricity_price_2024_by_state.csv,state,0,,,0,no_listed_facilities,WRI Aqueduct 4.0 baseline_annual
51620,2024,VA,Franklin city,1626.0,19.7,51516.0,0,peeringdb_us_facilities_20261006T160916Z.json,2024,14.41,eia_residential_electricity_price_2024_by_state.csv,state,0,,,0,no_listed_facilities,WRI Aqueduct 4.0 baseline_annual
51630,2024,VA,Fredericksburg city,3377.0,12.2,81253.0,0,peeringdb_us_facilities_20261006T160916Z.json,2024,14.41,eia_residential_electricity_price_2024_by_state.csv,state,0,,,0,no_listed_facilities,WRI Aqueduct 4.0 baseline_annual
51640,2024,VA,Galax city,1401.0,21.6,38922.0,0,peeringdb_us_facilities_20261006T160916Z.json,2024,14.41,eia_residential_electricity_price_2024_by_state.csv,state,0,,,0,no_listed_facilities,WRI Aqueduct 4.0 baseline_annual
51650,2024,VA,Hampton city,18600.0,13.9,68468.0,0,peeringdb_us_facilities_20261006T160916Z.json,2024,14.41,eia_residential_electricity_price_2024_by_state.csv,state,0,,,0,no_listed_facilities,WRI Aqueduct 4.0 baseline_annual
51660,2024,VA,Harrisonburg city,11572.0,26.4,63973.0,0,peeringdb_us_facilities_20261006T160916Z.json,2024,14.41,eia_residential_electricity_price_2024_by_state.csv,state,0,,,0,no_listed_facilities,WRI Aqueduct 4.0 baseline_annual
51670,2024,VA,Hopewell city,3886.0,17.1,52359.0,0,peeringdb_us_facilities_20261006T160916Z.json,2024,14.41,eia_residential_electricity_price_2024_by_state.csv,state,0,,,0,no_listed_facilities,WRI Aqueduct 4.0 baseline_annual
51678,2024,VA,Lexington city,1160.0,22.7,62033.0,0,peeringdb_us_facilities_20261006T160916Z.json,2024,14.41,eia_residential_electricity_price_2024_by_state.csv,state,0,,,0,no_listed_facilities,WRI Aqueduct 4.0 baseline_annual
51680,2024,VA,Lynchburg city,12487.0,17.8,57883.0,0,peeringdb_us_facilities_20261006T160916Z.json,2024,14.41,eia_residential_electricity_price_2024_by_state.csv,state,0,,,0,no_listed_facilities,WRI Aqueduct 4.0 baseline_annual
51683,2024,VA,Manassas city,3928.0,9.1,88786.0,0,peeringdb_us_facilities_20261006T160916Z.json,2024,14.41,eia_residential_electricity_price_2024_by_state.csv,state,0,,,0,no_listed_facilities,WRI Aqueduct 4.0 baseline_annual
51685,2024,VA,Manassas Park city,1205.0,7.3,99695.0,0,peeringdb_us_facilities_20261006T160916Z.json,2024,14.41,eia_residential_electricity_price_2024_by_state.csv,state,0,,,0,no_listed_facilities,WRI Aqueduct 4.0 baseline_annual
51690,2024,VA,Martinsville city,2521.0,18.8,48663.0,0,peeringdb_us_facilities_20261006T160916Z.json,2024,14.41,eia_residential_electricity_price_2024_by_state.csv,state,0,,,0,no_listed_facilities,WRI Aqueduct 4.0 baseline_annual
51700,2024,VA,Newport News city,22022.0,12.6,67970.0,0,peeringdb_us_facilities_20261006T160916Z.json,2024,14.41,eia_residential_electricity_price_2024_by_state.csv,state,0,,,0,no_listed_facilities,WRI Aqueduct 4.0 baseline_annual
51710,2024,VA,Norfolk city,32115.0,15.3,64281.0,2,peeringdb_us_facilities_20261006T160916Z.json,2024,14.41,eia_residential_electricity_price_2024_by_state.csv,state,2,1.1401255828034569,100.0,0,complete_coverage,WRI Aqueduct 4.0 baseline_annual
51720,2024,VA,Norton city,601.0,17.5,47508.0,0,peeringdb_us_facilities_20261006T160916Z.json,2024,14.41,eia_residential_electricity_price_2024_by_state.csv,state,0,,,0,no_listed_facilities,WRI Aqueduct 4.0 baseline_annual
51730,2024,VA,Petersburg city,7809.0,23.3,47130.0,0,peeringdb_us_facilities_20261006T160916Z.json,2024,14.41,eia_residential_electricity_price_2024_by_state.csv,state,0,,,0,no_listed_facilities,WRI Aqueduct 4.0 baseline_annual
51735,2024,VA,Poquoson city,740.0,5.8,115073.0,0,peeringdb_us_facilities_20261006T160916Z.json,2024,14.41,eia_residential_electricity_price_2024_by_state.csv,state,0,,,0,no_listed_facilities,WRI Aqueduct 4.0 baseline_annual
51740,2024,VA,Portsmouth city,14210.0,15.2,61783.0,0,peeringdb_us_facilities_20261006T160916Z.json,2024,14.41,eia_residential_electricity_price_2024_by_state.csv,state,0,,,0,no_listed_facilities,WRI Aqueduct 4.0 baseline_annual
51750,2024,VA,Radford city,3755.0,27.2,53268.0,0,peeringdb_us_facilities_20261006T160916Z.json,2024,14.41,eia_residential_electricity_price_2024_by_state.csv,state,0,,,0,no_listed_facilities,WRI Aqueduct 4.0 baseline_annual
51760,2024,VA,Richmond city,40639.0,18.2,63865.0,0,peeringdb_us_facilities_20261006T160916Z.json,2024,14.41,eia_residential_electricity_price_2024_by_state.csv,state,0,,,0,no_listed_facilities,WRI Aqueduct 4.0 baseline_annual
51770,2024,VA,Roanoke city,15533.0,16.2,59858.0,0,peeringdb_us_facilities_20261006T160916Z.json,2024,14.41,eia_residential_electricity_price_2024_by_state.csv,state,0,,,0,no_listed_facilities,WRI Aqueduct 4.0 baseline_annual
51775,2024,VA,Salem city,2280.0,9.6,66996.0,0,peeringdb_us_facilities_20261006T160916Z.json,2024,14.41,eia_residential_electricity_price_2024_by_state.csv,state,0,,,0,no_listed_facilities,WRI Aqueduct 4.0 baseline_annual
51790,2024,VA,Staunton city,3280.0,13.1,66646.0,0,peeringdb_us_facilities_20261006T160916Z.json,2024,14.41,eia_residential_electricity_price_2024_by_state.csv,state,0,,,0,no_listed_facilities,WRI Aqueduct 4.0 baseline_annual
51800,2024,VA,Suffolk city,8398.0,8.3,93557.0,0,peeringdb_us_facilities_20261006T160916Z.json,2024,14.41,eia_residential_electricity_price_2024_by_state.csv,state,0,,,0,no_listed_facilities,WRI Aqueduct 4.0 baseline_annual
51810,2024,VA,Virginia Beach city,35302.0,7.9,93989.0,1,peeringdb_us_facilities_20261006T160916Z.json,2024,14.41,eia_residential_electricity_price_2024_by_state.csv,state,1,2.764502476245416,100.0,0,complete_coverage,WRI Aqueduct 4.0 baseline_annual
51820,2024,VA,Waynesboro city,2737.0,11.8,64070.0,0,peeringdb_us_facilities_20261006T160916Z.json,2024,14.41,eia_residential_electricity_price_2024_by_state.csv,state,0,,,0,no_listed_facilities,WRI Aqueduct 4.0 baseline_annual
51830,2024,VA,Williamsburg city,2596.0,23.3,71436.0,0,peeringdb_us_facilities_20261006T160916Z.json,2024,14.41,eia_residential_electricity_price_2024_by_state.csv,state,0,,,0,no_listed_facilities,WRI Aqueduct 4.0 baseline_annual
51840,2024,VA,Winchester city,4187.0,15.7,64655.0,0,peeringdb_us_facilities_20261006T160916Z.json,2024,14.41,eia_residential_electricity_price_2024_by_state.csv,state,0,,,0,no_listed_facilities,WRI Aqueduct 4.0 baseline_annual
53001,2024,WA,Adams County,2994.0,14.4,66089.0,0,peeringdb_us_facilities_20261006T160916Z.json,2024,11.9,eia_residential_electricity_price_2024_by_state.csv,state,0,,,0,no_listed_facilities,WRI Aqueduct 4.0 baseline_annual
53003,2024,WA,Asotin County,2732.0,12.3,70914.0,0,peeringdb_us_facilities_20261006T160916Z.json,2024,11.9,eia_residential_electricity_price_2024_by_state.csv,state,0,,,0,no_listed_facilities,WRI Aqueduct 4.0 baseline_annual
53005,2024,WA,Benton County,22983.0,10.6,91289.0,1,peeringdb_us_facilities_20261006T160916Z.json,2024,11.9,eia_residential_electricity_price_2024_by_state.csv,state,1,0.0,100.0,0,complete_coverage,WRI Aqueduct 4.0 baseline_annual
53007,2024,WA,Chelan County,8193.0,10.2,79974.0,0,peeringdb_us_facilities_20261006T160916Z.json,2024,11.9,eia_residential_electricity_price_2024_by_state.csv,state,0,,,0,no_listed_facilities,WRI Aqueduct 4.0 baseline_annual
53009,2024,WA,Clallam County,8152.0,10.6,74311.0,0,peeringdb_us_facilities_20261006T160916Z.json,2024,11.9,eia_residential_electricity_price_2024_by_state.csv,state,0,,,0,no_listed_facilities,WRI Aqueduct 4.0 baseline_annual
53011,2024,WA,Clark County,40870.0,7.8,99396.0,0,peeringdb_us_facilities_20261006T160916Z.json,2024,11.9,eia_residential_electricity_price_2024_by_state.csv,state,0,,,0,no_listed_facilities,WRI Aqueduct 4.0 baseline_annual
53013,2024,WA,Columbia County,495.0,12.4,67904.0,0,peeringdb_us_facilities_20261006T160916Z.json,2024,11.9,eia_residential_electricity_price_2024_by_state.csv,state,0,,,0,no_listed_facilities,WRI Aqueduct 4.0 baseline_annual
53015,2024,WA,Cowlitz County,11939.0,10.6,78357.0,0,peeringdb_us_facilities_20261006T160916Z.json,2024,11.9,eia_residential_electricity_price_2024_by_state.csv,state,0,,,0,no_listed_facilities,WRI Aqueduct 4.0 baseline_annual
53017,2024,WA,Douglas County,4977.0,10.9,76714.0,0,peeringdb_us_facilities_20261006T160916Z.json,2024,11.9,eia_residential_electricity_price_2024_by_state.csv,state,0,,,0,no_listed_facilities,WRI Aqueduct 4.0 baseline_annual
53019,2024,WA,Ferry County,1216.0,16.3,59801.0,0,peeringdb_us_facilities_20261006T160916Z.json,2024,11.9,eia_residential_electricity_price_2024_by_state.csv,state,0,,,0,no_listed_facilities,WRI Aqueduct 4.0 baseline_annual
53021,2024,WA,Franklin County,13776.0,14.0,81405.0,0,peeringdb_us_facilities_20261006T160916Z.json,2024,11.9,eia_residential_electricity_price_2024_by_state.csv,state,0,,,0,no_listed_facilities,WRI Aqueduct 4.0 baseline_annual
53023,2024,WA,Garfield County,308.0,12.9,68604.0,0,peeringdb_us_facilities_20261006T160916Z.json,2024,11.9,eia_residential_electricity_price_2024_by_state.csv,state,0,,,0,no_listed_facilities,WRI Aqueduct 4.0 baseline_annual
53025,2024,WA,Grant County,17462.0,16.8,71710.0,4,peeringdb_us_facilities_20261006T160916Z.json,2024,11.9,eia_residential_electricity_price_2024_by_state.csv,state,4,5.0,100.0,0,complete_coverage,WRI Aqueduct 4.0 baseline_annual
53027,2024,WA,Grays Harbor County,11984.0,15.9,62481.0,0,peeringdb_us_facilities_20261006T160916Z.json,2024,11.9,eia_residential_electricity_price_2024_by_state.csv,state,0,,,0,no_listed_facilities,WRI Aqueduct 4.0 baseline_annual
53029,2024,WA,Island County,7321.0,8.6,88776.0,0,peeringdb_us_facilities_20261006T160916Z.json,2024,11.9,eia_residential_electricity_price_2024_by_state.csv,state,0,,,0,no_listed_facilities,WRI Aqueduct 4.0 baseline_annual
53031,2024,WA,Jefferson County,3525.0,10.5,80245.0,0,peeringdb_us_facilities_20261006T160916Z.json,2024,11.9,eia_residential_electricity_price_2024_by_state.csv,state,0,,,0,no_listed_facilities,WRI Aqueduct 4.0 baseline_annual
53033,2024,WA,King County,202422.0,8.8,121984.0,30,peeringdb_us_facilities_20261006T160916Z.json,2024,11.9,eia_residential_electricity_price_2024_by_state.csv,state,30,1.7970543863324724,100.0,0,complete_coverage,WRI Aqueduct 4.0 baseline_annual
53035,2024,WA,Kitsap County,21190.0,7.8,107964.0,0,peeringdb_us_facilities_20261006T160916Z.json,2024,11.9,eia_residential_electricity_price_2024_by_state.csv,state,0,,,0,no_listed_facilities,WRI Aqueduct 4.0 baseline_annual
53037,2024,WA,Kittitas County,5905.0,12.9,78875.0,0,peeringdb_us_facilities_20261006T160916Z.json,2024,11.9,eia_residential_electricity_price_2024_by_state.csv,state,0,,,0,no_listed_facilities,WRI Aqueduct 4.0 baseline_annual
53039,2024,WA,Klickitat County,2930.0,12.2,73060.0,0,peeringdb_us_facilities_20261006T160916Z.json,2024,11.9,eia_residential_electricity_price_2024_by_state.csv,state,0,,,0,no_listed_facilities,WRI Aqueduct 4.0 baseline_annual
53041,2024,WA,Lewis County,9100.0,10.6,78178.0,0,peeringdb_us_facilities_20261006T160916Z.json,2024,11.9,eia_residential_electricity_price_2024_by_state.csv,state,0,,,0,no_listed_facilities,WRI Aqueduct 4.0 baseline_annual
53043,2024,WA,Lincoln County,1548.0,13.2,62764.0,0,peeringdb_us_facilities_20261006T160916Z.json,2024,11.9,eia_residential_electricity_price_2024_by_state.csv,state,0,,,0,no_listed_facilities,WRI Aqueduct 4.0 baseline_annual
53045,2024,WA,Mason County,8238.0,12.2,84112.0,0,peeringdb_us_facilities_20261006T160916Z.json,2024,11.9,eia_residential_electricity_price_2024_by_state.csv,state,0,,,0,no_listed_facilities,WRI Aqueduct 4.0 baseline_annual
53047,2024,WA,Okanogan County,9650.0,21.7,59401.0,0,peeringdb_us_facilities_20261006T160916Z.json,2024,11.9,eia_residential_electricity_price_2024_by_state.csv,state,0,,,0,no_listed_facilities,WRI Aqueduct 4.0 baseline_annual
53049,2024,WA,Pacific County,2816.0,11.7,67828.0,0,peeringdb_us_facilities_20261006T160916Z.json,2024,11.9,eia_residential_electricity_price_2024_by_state.csv,state,0,,,0,no_listed_facilities,WRI Aqueduct 4.0 baseline_annual
53051,2024,WA,Pend Oreille County,2141.0,15.1,67189.0,0,peeringdb_us_facilities_20261006T160916Z.json,2024,11.9,eia_residential_electricity_price_2024_by_state.csv,state,0,,,0,no_listed_facilities,WRI Aqueduct 4.0 baseline_annual
53053,2024,WA,Pierce County,86930.0,9.4,100125.0,4,peeringdb_us_facilities_20261006T160916Z.json,2024,11.9,eia_residential_electricity_price_2024_by_state.csv,state,4,0.02411074293927325,100.0,0,complete_coverage,WRI Aqueduct 4.0 baseline_annual
53055,2024,WA,San Juan County,1972.0,10.6,84476.0,0,peeringdb_us_facilities_20261006T160916Z.json,2024,11.9,eia_residential_electricity_price_2024_by_state.csv,state,0,,,0,no_listed_facilities,WRI Aqueduct 4.0 baseline_annual
53057,2024,WA,Skagit County,12934.0,9.8,89774.0,0,peeringdb_us_facilities_20261006T160916Z.json,2024,11.9,eia_residential_electricity_price_2024_by_state.csv,state,0,,,0,no_listed_facilities,WRI Aqueduct 4.0 baseline_annual
53059,2024,WA,Skamania County,1296.0,10.3,89706.0,0,peeringdb_us_facilities_20261006T160916Z.json,2024,11.9,eia_residential_electricity_price_2024_by_state.csv,state,0,,,0,no_listed_facilities,WRI Aqueduct 4.0 baseline_annual
53061,2024,WA,Snohomish County,73562.0,8.6,109146.0,4,peeringdb_us_facilities_20261006T160916Z.json,2024,11.9,eia_residential_electricity_price_2024_by_state.csv,state,4,1.3477907897493542,100.0,0,complete_coverage,WRI Aqueduct 4.0 baseline_annual
53063,2024,WA,Spokane County,58677.0,10.8,85192.0,3,peeringdb_us_facilities_20261006T160916Z.json,2024,11.9,eia_residential_electricity_price_2024_by_state.csv,state,3,2.1162503024981394,100.0,0,complete_coverage,WRI Aqueduct 4.0 baseline_annual
53065,2024,WA,Stevens County,6638.0,13.6,69312.0,0,peeringdb_us_facilities_20261006T160916Z.json,2024,11.9,eia_residential_electricity_price_2024_by_state.csv,state,0,,,0,no_listed_facilities,WRI Aqueduct 4.0 baseline_annual
53067,2024,WA,Thurston County,25565.0,8.5,97316.0,0,peeringdb_us_facilities_20261006T160916Z.json,2024,11.9,eia_residential_electricity_price_2024_by_state.csv,state,0,,,0,no_listed_facilities,WRI Aqueduct 4.0 baseline_annual
53069,2024,WA,Wahkiakum County,547.0,11.5,77412.0,0,peeringdb_us_facilities_20261006T160916Z.json,2024,11.9,eia_residential_electricity_price_2024_by_state.csv,state,0,,,0,no_listed_facilities,WRI Aqueduct 4.0 baseline_annual
53071,2024,WA,Walla Walla County,7467.0,13.0,72788.0,0,peeringdb_us_facilities_20261006T160916Z.json,2024,11.9,eia_residential_electricity_price_2024_by_state.csv,state,0,,,0,no_listed_facilities,WRI Aqueduct 4.0 baseline_annual
53073,2024,WA,Whatcom County,26190.0,11.4,85471.0,1,peeringdb_us_facilities_20261006T160916Z.json,2024,11.9,eia_residential_electricity_price_2024_by_state.csv,state,1,0.0,100.0,0,complete_coverage,WRI Aqueduct 4.0 baseline_annual
53075,2024,WA,Whitman County,9930.0,23.0,59641.0,0,peeringdb_us_facilities_20261006T160916Z.json,2024,11.9,eia_residential_electricity_price_2024_by_state.csv,state,0,,,0,no_listed_facilities,WRI Aqueduct 4.0 baseline_annual
53077,2024,WA,Yakima County,42514.0,16.7,72458.0,1,peeringdb_us_facilities_20261006T160916Z.json,2024,11.9,eia_residential_electricity_price_2024_by_state.csv,state,1,0.0,100.0,0,complete_coverage,WRI Aqueduct 4.0 baseline_annual
54001,2024,WV,Barbour County,2812.0,19.3,52771.0,0,peeringdb_us_facilities_20261006T160916Z.json,2024,15.07,eia_residential_electricity_price_2024_by_state.csv,state,0,,,0,no_listed_facilities,WRI Aqueduct 4.0 baseline_annual
54003,2024,WV,Berkeley County,14796.0,11.0,82567.0,0,peeringdb_us_facilities_20261006T160916Z.json,2024,15.07,eia_residential_electricity_price_2024_by_state.csv,state,0,,,0,no_listed_facilities,WRI Aqueduct 4.0 baseline_annual
54005,2024,WV,Boone County,3806.0,18.8,52928.0,0,peeringdb_us_facilities_20261006T160916Z.json,2024,15.07,eia_residential_electricity_price_2024_by_state.csv,state,0,,,0,no_listed_facilities,WRI Aqueduct 4.0 baseline_annual
54007,2024,WV,Braxton County,2299.0,19.9,53011.0,0,peeringdb_us_facilities_20261006T160916Z.json,2024,15.07,eia_residential_electricity_price_2024_by_state.csv,state,0,,,0,no_listed_facilities,WRI Aqueduct 4.0 baseline_annual
54009,2024,WV,Brooke County,2797.0,13.6,60780.0,0,peeringdb_us_facilities_20261006T160916Z.json,2024,15.07,eia_residential_electricity_price_2024_by_state.csv,state,0,,,0,no_listed_facilities,WRI Aqueduct 4.0 baseline_annual
54011,2024,WV,Cabell County,14978.0,17.2,57512.0,0,peeringdb_us_facilities_20261006T160916Z.json,2024,15.07,eia_residential_electricity_price_2024_by_state.csv,state,0,,,0,no_listed_facilities,WRI Aqueduct 4.0 baseline_annual
54013,2024,WV,Calhoun County,1334.0,22.9,47867.0,0,peeringdb_us_facilities_20261006T160916Z.json,2024,15.07,eia_residential_electricity_price_2024_by_state.csv,state,0,,,0,no_listed_facilities,WRI Aqueduct 4.0 baseline_annual
54015,2024,WV,Clay County,1527.0,20.1,48528.0,0,peeringdb_us_facilities_20261006T160916Z.json,2024,15.07,eia_residential_electricity_price_2024_by_state.csv,state,0,,,0,no_listed_facilities,WRI Aqueduct 4.0 baseline_annual
54017,2024,WV,Doddridge County,1243.0,19.2,59779.0,0,peeringdb_us_facilities_20261006T160916Z.json,2024,15.07,eia_residential_electricity_price_2024_by_state.csv,state,0,,,0,no_listed_facilities,WRI Aqueduct 4.0 baseline_annual
54019,2024,WV,Fayette County,7675.0,20.8,47998.0,0,peeringdb_us_facilities_20261006T160916Z.json,2024,15.07,eia_residential_electricity_price_2024_by_state.csv,state,0,,,0,no_listed_facilities,WRI Aqueduct 4.0 baseline_annual
54021,2024,WV,Gilmer County,1457.0,26.8,48225.0,0,peeringdb_us_facilities_20261006T160916Z.json,2024,15.07,eia_residential_electricity_price_2024_by_state.csv,state,0,,,0,no_listed_facilities,WRI Aqueduct 4.0 baseline_annual
54023,2024,WV,Grant County,1569.0,14.5,56277.0,0,peeringdb_us_facilities_20261006T160916Z.json,2024,15.07,eia_residential_electricity_price_2024_by_state.csv,state,0,,,0,no_listed_facilities,WRI Aqueduct 4.0 baseline_annual
54025,2024,WV,Greenbrier County,5087.0,16.2,55405.0,0,peeringdb_us_facilities_20261006T160916Z.json,2024,15.07,eia_residential_electricity_price_2024_by_state.csv,state,0,,,0,no_listed_facilities,WRI Aqueduct 4.0 baseline_annual
54027,2024,WV,Hampshire County,3292.0,14.1,63929.0,0,peeringdb_us_facilities_20261006T160916Z.json,2024,15.07,eia_residential_electricity_price_2024_by_state.csv,state,0,,,0,no_listed_facilities,WRI Aqueduct 4.0 baseline_annual
54029,2024,WV,Hancock County,3768.0,13.6,61526.0,0,peeringdb_us_facilities_20261006T160916Z.json,2024,15.07,eia_residential_electricity_price_2024_by_state.csv,state,0,,,0,no_listed_facilities,WRI Aqueduct 4.0 baseline_annual
54031,2024,WV,Hardy County,2002.0,14.1,60209.0,0,peeringdb_us_facilities_20261006T160916Z.json,2024,15.07,eia_residential_electricity_price_2024_by_state.csv,state,0,,,0,no_listed_facilities,WRI Aqueduct 4.0 baseline_annual
54033,2024,WV,Harrison County,8981.0,14.2,63576.0,1,peeringdb_us_facilities_20261006T160916Z.json,2024,15.07,eia_residential_electricity_price_2024_by_state.csv,state,1,2.359209189663807,100.0,0,complete_coverage,WRI Aqueduct 4.0 baseline_annual
54035,2024,WV,Jackson County,4810.0,17.5,63024.0,0,peeringdb_us_facilities_20261006T160916Z.json,2024,15.07,eia_residential_electricity_price_2024_by_state.csv,state,0,,,0,no_listed_facilities,WRI Aqueduct 4.0 baseline_annual
54037,2024,WV,Jefferson County,5201.0,8.7,92550.0,0,peeringdb_us_facilities_20261006T160916Z.json,2024,15.07,eia_residential_electricity_price_2024_by_state.csv,state,0,,,0,no_listed_facilities,WRI Aqueduct 4.0 baseline_annual
54039,2024,WV,Kanawha County,26092.0,15.3,62137.0,3,peeringdb_us_facilities_20261006T160916Z.json,2024,15.07,eia_residential_electricity_price_2024_by_state.csv,state,3,0.0,100.0,0,complete_coverage,WRI Aqueduct 4.0 baseline_annual
54041,2024,WV,Lewis County,2638.0,16.2,57454.0,0,peeringdb_us_facilities_20261006T160916Z.json,2024,15.07,eia_residential_electricity_price_2024_by_state.csv,state,0,,,0,no_listed_facilities,WRI Aqueduct 4.0 baseline_annual
54043,2024,WV,Lincoln County,4123.0,21.4,48285.0,0,peeringdb_us_facilities_20261006T160916Z.json,2024,15.07,eia_residential_electricity_price_2024_by_state.csv,state,0,,,0,no_listed_facilities,WRI Aqueduct 4.0 baseline_annual
54045,2024,WV,Logan County,6263.0,21.1,48120.0,0,peeringdb_us_facilities_20261006T160916Z.json,2024,15.07,eia_residential_electricity_price_2024_by_state.csv,state,0,,,0,no_listed_facilities,WRI Aqueduct 4.0 baseline_annual
54047,2024,WV,McDowell County,5791.0,38.4,35721.0,0,peeringdb_us_facilities_20261006T160916Z.json,2024,15.07,eia_residential_electricity_price_2024_by_state.csv,state,0,,,0,no_listed_facilities,WRI Aqueduct 4.0 baseline_annual
54049,2024,WV,Marion County,7958.0,14.7,61504.0,0,peeringdb_us_facilities_20261006T160916Z.json,2024,15.07,eia_residential_electricity_price_2024_by_state.csv,state,0,,,0,no_listed_facilities,WRI Aqueduct 4.0 baseline_annual
54051,2024,WV,Marshall County,4997.0,17.6,58419.0,0,peeringdb_us_facilities_20261006T160916Z.json,2024,15.07,eia_residential_electricity_price_2024_by_state.csv,state,0,,,0,no_listed_facilities,WRI Aqueduct 4.0 baseline_annual
54053,2024,WV,Mason County,3891.0,16.3,56080.0,0,peeringdb_us_facilities_20261006T160916Z.json,2024,15.07,eia_residential_electricity_price_2024_by_state.csv,state,0,,,0,no_listed_facilities,WRI Aqueduct 4.0 baseline_annual
54055,2024,WV,Mercer County,10094.0,17.9,54317.0,0,peeringdb_us_facilities_20261006T160916Z.json,2024,15.07,eia_residential_electricity_price_2024_by_state.csv,state,0,,,0,no_listed_facilities,WRI Aqueduct 4.0 baseline_annual
54057,2024,WV,Mineral County,3453.0,13.2,63375.0,0,peeringdb_us_facilities_20261006T160916Z.json,2024,15.07,eia_residential_electricity_price_2024_by_state.csv,state,0,,,0,no_listed_facilities,WRI Aqueduct 4.0 baseline_annual
54059,2024,WV,Mingo County,5540.0,25.7,43289.0,0,peeringdb_us_facilities_20261006T160916Z.json,2024,15.07,eia_residential_electricity_price_2024_by_state.csv,state,0,,,0,no_listed_facilities,WRI Aqueduct 4.0 baseline_annual
54061,2024,WV,Monongalia County,18178.0,18.1,67259.0,0,peeringdb_us_facilities_20261006T160916Z.json,2024,15.07,eia_residential_electricity_price_2024_by_state.csv,state,0,,,0,no_listed_facilities,WRI Aqueduct 4.0 baseline_annual
54063,2024,WV,Monroe County,1707.0,13.9,56789.0,0,peeringdb_us_facilities_20261006T160916Z.json,2024,15.07,eia_residential_electricity_price_2024_by_state.csv,state,0,,,0,no_listed_facilities,WRI Aqueduct 4.0 baseline_annual
54065,2024,WV,Morgan County,1955.0,11.2,67722.0,0,peeringdb_us_facilities_20261006T160916Z.json,2024,15.07,eia_residential_electricity_price_2024_by_state.csv,state,0,,,0,no_listed_facilities,WRI Aqueduct 4.0 baseline_annual
54067,2024,WV,Nicholas County,3913.0,16.4,53678.0,0,peeringdb_us_facilities_20261006T160916Z.json,2024,15.07,eia_residential_electricity_price_2024_by_state.csv,state,0,,,0,no_listed_facilities,WRI Aqueduct 4.0 baseline_annual
54069,2024,WV,Ohio County,7501.0,19.2,56892.0,0,peeringdb_us_facilities_20261006T160916Z.json,2024,15.07,eia_residential_electricity_price_2024_by_state.csv,state,0,,,0,no_listed_facilities,WRI Aqueduct 4.0 baseline_annual
54071,2024,WV,Pendleton County,712.0,12.2,63245.0,0,peeringdb_us_facilities_20261006T160916Z.json,2024,15.07,eia_residential_electricity_price_2024_by_state.csv,state,0,,,0,no_listed_facilities,WRI Aqueduct 4.0 baseline_annual
54073,2024,WV,Pleasants County,1049.0,15.9,63468.0,0,peeringdb_us_facilities_20261006T160916Z.json,2024,15.07,eia_residential_electricity_price_2024_by_state.csv,state,0,,,0,no_listed_facilities,WRI Aqueduct 4.0 baseline_annual
54075,2024,WV,Pocahontas County,1275.0,17.4,52248.0,0,peeringdb_us_facilities_20261006T160916Z.json,2024,15.07,eia_residential_electricity_price_2024_by_state.csv,state,0,,,0,no_listed_facilities,WRI Aqueduct 4.0 baseline_annual
54077,2024,WV,Preston County,4702.0,15.4,63370.0,0,peeringdb_us_facilities_20261006T160916Z.json,2024,15.07,eia_residential_electricity_price_2024_by_state.csv,state,0,,,0,no_listed_facilities,WRI Aqueduct 4.0 baseline_annual
54079,2024,WV,Putnam County,5453.0,9.6,80834.0,0,peeringdb_us_facilities_20261006T160916Z.json,2024,15.07,eia_residential_electricity_price_2024_by_state.csv,state,0,,,0,no_listed_facilities,WRI Aqueduct 4.0 baseline_annual
54081,2024,WV,Raleigh County,12892.0,18.7,55834.0,0,peeringdb_us_facilities_20261006T160916Z.json,2024,15.07,eia_residential_electricity_price_2024_by_state.csv,state,0,,,0,no_listed_facilities,WRI Aqueduct 4.0 baseline_annual
54083,2024,WV,Randolph County,4263.0,17.3,51338.0,0,peeringdb_us_facilities_20261006T160916Z.json,2024,15.07,eia_residential_electricity_price_2024_by_state.csv,state,0,,,0,no_listed_facilities,WRI Aqueduct 4.0 baseline_annual
54085,2024,WV,Ritchie County,1199.0,14.8,58610.0,0,peeringdb_us_facilities_20261006T160916Z.json,2024,15.07,eia_residential_electricity_price_2024_by_state.csv,state,0,,,0,no_listed_facilities,WRI Aqueduct 4.0 baseline_annual
54087,2024,WV,Roane County,2568.0,19.2,49728.0,0,peeringdb_us_facilities_20261006T160916Z.json,2024,15.07,eia_residential_electricity_price_2024_by_state.csv,state,0,,,0,no_listed_facilities,WRI Aqueduct 4.0 baseline_annual
54089,2024,WV,Summers County,2548.0,24.2,45580.0,0,peeringdb_us_facilities_20261006T160916Z.json,2024,15.07,eia_residential_electricity_price_2024_by_state.csv,state,0,,,0,no_listed_facilities,WRI Aqueduct 4.0 baseline_annual
54091,2024,WV,Taylor County,2673.0,16.8,61452.0,0,peeringdb_us_facilities_20261006T160916Z.json,2024,15.07,eia_residential_electricity_price_2024_by_state.csv,state,0,,,0,no_listed_facilities,WRI Aqueduct 4.0 baseline_annual
54093,2024,WV,Tucker County,941.0,14.7,56204.0,0,peeringdb_us_facilities_20261006T160916Z.json,2024,15.07,eia_residential_electricity_price_2024_by_state.csv,state,0,,,0,no_listed_facilities,WRI Aqueduct 4.0 baseline_annual
54095,2024,WV,Tyler County,1287.0,16.6,65585.0,0,peeringdb_us_facilities_20261006T160916Z.json,2024,15.07,eia_residential_electricity_price_2024_by_state.csv,state,0,,,0,no_listed_facilities,WRI Aqueduct 4.0 baseline_annual
54097,2024,WV,Upshur County,4172.0,18.5,56994.0,0,peeringdb_us_facilities_20261006T160916Z.json,2024,15.07,eia_residential_electricity_price_2024_by_state.csv,state,0,,,0,no_listed_facilities,WRI Aqueduct 4.0 baseline_annual
54099,2024,WV,Wayne County,5582.0,14.9,61452.0,0,peeringdb_us_facilities_20261006T160916Z.json,2024,15.07,eia_residential_electricity_price_2024_by_state.csv,state,0,,,0,no_listed_facilities,WRI Aqueduct 4.0 baseline_annual
54101,2024,WV,Webster County,1917.0,24.4,41687.0,0,peeringdb_us_facilities_20261006T160916Z.json,2024,15.07,eia_residential_electricity_price_2024_by_state.csv,state,0,,,0,no_listed_facilities,WRI Aqueduct 4.0 baseline_annual
54103,2024,WV,Wetzel County,2251.0,16.5,58389.0,0,peeringdb_us_facilities_20261006T160916Z.json,2024,15.07,eia_residential_electricity_price_2024_by_state.csv,state,0,,,0,no_listed_facilities,WRI Aqueduct 4.0 baseline_annual
54105,2024,WV,Wirt County,815.0,16.6,55031.0,0,peeringdb_us_facilities_20261006T160916Z.json,2024,15.07,eia_residential_electricity_price_2024_by_state.csv,state,0,,,0,no_listed_facilities,WRI Aqueduct 4.0 baseline_annual
54107,2024,WV,Wood County,12589.0,15.5,59516.0,0,peeringdb_us_facilities_20261006T160916Z.json,2024,15.07,eia_residential_electricity_price_2024_by_state.csv,state,0,,,0,no_listed_facilities,WRI Aqueduct 4.0 baseline_annual
54109,2024,WV,Wyoming County,4910.0,24.8,48086.0,0,peeringdb_us_facilities_20261006T160916Z.json,2024,15.07,eia_residential_electricity_price_2024_by_state.csv,state,0,,,0,no_listed_facilities,WRI Aqueduct 4.0 baseline_annual
55001,2024,WI,Adams County,2442.0,12.1,61027.0,0,peeringdb_us_facilities_20261006T160916Z.json,2024,17.18,eia_residential_electricity_price_2024_by_state.csv,state,0,,,0,no_listed_facilities,WRI Aqueduct 4.0 baseline_annual
55003,2024,WI,Ashland County,2064.0,13.2,61524.0,0,peeringdb_us_facilities_20261006T160916Z.json,2024,17.18,eia_residential_electricity_price_2024_by_state.csv,state,0,,,0,no_listed_facilities,WRI Aqueduct 4.0 baseline_annual
55005,2024,WI,Barron County,4724.0,10.2,69400.0,0,peeringdb_us_facilities_20261006T160916Z.json,2024,17.18,eia_residential_electricity_price_2024_by_state.csv,state,0,,,0,no_listed_facilities,WRI Aqueduct 4.0 baseline_annual
55007,2024,WI,Bayfield County,2033.0,12.2,71352.0,0,peeringdb_us_facilities_20261006T160916Z.json,2024,17.18,eia_residential_electricity_price_2024_by_state.csv,state,0,,,0,no_listed_facilities,WRI Aqueduct 4.0 baseline_annual
55009,2024,WI,Brown County,22005.0,8.2,80803.0,1,peeringdb_us_facilities_20261006T160916Z.json,2024,17.18,eia_residential_electricity_price_2024_by_state.csv,state,1,0.0,100.0,0,complete_coverage,WRI Aqueduct 4.0 baseline_annual
55011,2024,WI,Buffalo County,1173.0,8.8,71901.0,0,peeringdb_us_facilities_20261006T160916Z.json,2024,17.18,eia_residential_electricity_price_2024_by_state.csv,state,0,,,0,no_listed_facilities,WRI Aqueduct 4.0 baseline_annual
55013,2024,WI,Burnett County,1799.0,10.6,65340.0,0,peeringdb_us_facilities_20261006T160916Z.json,2024,17.18,eia_residential_electricity_price_2024_by_state.csv,state,0,,,0,no_listed_facilities,WRI Aqueduct 4.0 baseline_annual
55015,2024,WI,Calumet County,3072.0,5.8,94597.0,1,peeringdb_us_facilities_20261006T160916Z.json,2024,17.18,eia_residential_electricity_price_2024_by_state.csv,state,1,0.0,100.0,0,complete_coverage,WRI Aqueduct 4.0 baseline_annual
55017,2024,WI,Chippewa County,6943.0,10.7,72337.0,0,peeringdb_us_facilities_20261006T160916Z.json,2024,17.18,eia_residential_electricity_price_2024_by_state.csv,state,0,,,0,no_listed_facilities,WRI Aqueduct 4.0 baseline_annual
55019,2024,WI,Clark County,4714.0,13.7,65586.0,0,peeringdb_us_facilities_20261006T160916Z.json,2024,17.18,eia_residential_electricity_price_2024_by_state.csv,state,0,,,0,no_listed_facilities,WRI Aqueduct 4.0 baseline_annual
55021,2024,WI,Columbia County,3819.0,6.7,85096.0,0,peeringdb_us_facilities_20261006T160916Z.json,2024,17.18,eia_residential_electricity_price_2024_by_state.csv,state,0,,,0,no_listed_facilities,WRI Aqueduct 4.0 baseline_annual
55023,2024,WI,Crawford County,1975.0,12.9,63412.0,0,peeringdb_us_facilities_20261006T160916Z.json,2024,17.18,eia_residential_electricity_price_2024_by_state.csv,state,0,,,0,no_listed_facilities,WRI Aqueduct 4.0 baseline_annual
55025,2024,WI,Dane County,56450.0,9.9,91479.0,7,peeringdb_us_facilities_20261006T160916Z.json,2024,17.18,eia_residential_electricity_price_2024_by_state.csv,state,7,3.680821112347451,100.0,0,complete_coverage,WRI Aqueduct 4.0 baseline_annual
55027,2024,WI,Dodge County,7696.0,9.2,78999.0,0,peeringdb_us_facilities_20261006T160916Z.json,2024,17.18,eia_residential_electricity_price_2024_by_state.csv,state,0,,,0,no_listed_facilities,WRI Aqueduct 4.0 baseline_annual
55029,2024,WI,Door County,2370.0,7.9,84480.0,0,peeringdb_us_facilities_20261006T160916Z.json,2024,17.18,eia_residential_electricity_price_2024_by_state.csv,state,0,,,0,no_listed_facilities,WRI Aqueduct 4.0 baseline_annual
55031,2024,WI,Douglas County,5123.0,11.9,71130.0,0,peeringdb_us_facilities_20261006T160916Z.json,2024,17.18,eia_residential_electricity_price_2024_by_state.csv,state,0,,,0,no_listed_facilities,WRI Aqueduct 4.0 baseline_annual
55033,2024,WI,Dunn County,5836.0,13.5,75324.0,0,peeringdb_us_facilities_20261006T160916Z.json,2024,17.18,eia_residential_electricity_price_2024_by_state.csv,state,0,,,0,no_listed_facilities,WRI Aqueduct 4.0 baseline_annual
55035,2024,WI,Eau Claire County,11218.0,10.8,77827.0,0,peeringdb_us_facilities_20261006T160916Z.json,2024,17.18,eia_residential_electricity_price_2024_by_state.csv,state,0,,,0,no_listed_facilities,WRI Aqueduct 4.0 baseline_annual
55037,2024,WI,Florence County,471.0,10.2,71049.0,0,peeringdb_us_facilities_20261006T160916Z.json,2024,17.18,eia_residential_electricity_price_2024_by_state.csv,state,0,,,0,no_listed_facilities,WRI Aqueduct 4.0 baseline_annual
55039,2024,WI,Fond du Lac County,9231.0,9.1,77061.0,1,peeringdb_us_facilities_20261006T160916Z.json,2024,17.18,eia_residential_electricity_price_2024_by_state.csv,state,1,0.0,100.0,0,complete_coverage,WRI Aqueduct 4.0 baseline_annual
55041,2024,WI,Forest County,1468.0,15.7,62251.0,0,peeringdb_us_facilities_20261006T160916Z.json,2024,17.18,eia_residential_electricity_price_2024_by_state.csv,state,0,,,0,no_listed_facilities,WRI Aqueduct 4.0 baseline_annual
55043,2024,WI,Grant County,5756.0,11.9,73612.0,0,peeringdb_us_facilities_20261006T160916Z.json,2024,17.18,eia_residential_electricity_price_2024_by_state.csv,state,0,,,0,no_listed_facilities,WRI Aqueduct 4.0 baseline_annual
55045,2024,WI,Green County,3100.0,8.4,82472.0,0,peeringdb_us_facilities_20261006T160916Z.json,2024,17.18,eia_residential_electricity_price_2024_by_state.csv,state,0,,,0,no_listed_facilities,WRI Aqueduct 4.0 baseline_annual
55047,2024,WI,Green Lake County,2610.0,13.6,73849.0,0,peeringdb_us_facilities_20261006T160916Z.json,2024,17.18,eia_residential_electricity_price_2024_by_state.csv,state,0,,,0,no_listed_facilities,WRI Aqueduct 4.0 baseline_annual
55049,2024,WI,Iowa County,2069.0,8.7,79607.0,0,peeringdb_us_facilities_20261006T160916Z.json,2024,17.18,eia_residential_electricity_price_2024_by_state.csv,state,0,,,0,no_listed_facilities,WRI Aqueduct 4.0 baseline_annual
55051,2024,WI,Iron County,726.0,11.9,60564.0,0,peeringdb_us_facilities_20261006T160916Z.json,2024,17.18,eia_residential_electricity_price_2024_by_state.csv,state,0,,,0,no_listed_facilities,WRI Aqueduct 4.0 baseline_annual
55053,2024,WI,Jackson County,2667.0,13.5,66149.0,0,peeringdb_us_facilities_20261006T160916Z.json,2024,17.18,eia_residential_electricity_price_2024_by_state.csv,state,0,,,0,no_listed_facilities,WRI Aqueduct 4.0 baseline_annual
55055,2024,WI,Jefferson County,6301.0,7.7,84325.0,0,peeringdb_us_facilities_20261006T160916Z.json,2024,17.18,eia_residential_electricity_price_2024_by_state.csv,state,0,,,0,no_listed_facilities,WRI Aqueduct 4.0 baseline_annual
55057,2024,WI,Juneau County,2613.0,10.4,70607.0,0,peeringdb_us_facilities_20261006T160916Z.json,2024,17.18,eia_residential_electricity_price_2024_by_state.csv,state,0,,,0,no_listed_facilities,WRI Aqueduct 4.0 baseline_annual
55059,2024,WI,Kenosha County,16033.0,9.8,83504.0,0,peeringdb_us_facilities_20261006T160916Z.json,2024,17.18,eia_residential_electricity_price_2024_by_state.csv,state,0,,,0,no_listed_facilities,WRI Aqueduct 4.0 baseline_annual
55061,2024,WI,Kewaunee County,1530.0,7.4,82143.0,0,peeringdb_us_facilities_20261006T160916Z.json,2024,17.18,eia_residential_electricity_price_2024_by_state.csv,state,0,,,0,no_listed_facilities,WRI Aqueduct 4.0 baseline_annual
55063,2024,WI,La Crosse County,13135.0,11.3,76443.0,0,peeringdb_us_facilities_20261006T160916Z.json,2024,17.18,eia_residential_electricity_price_2024_by_state.csv,state,0,,,0,no_listed_facilities,WRI Aqueduct 4.0 baseline_annual
55065,2024,WI,Lafayette County,2137.0,12.5,76636.0,0,peeringdb_us_facilities_20261006T160916Z.json,2024,17.18,eia_residential_electricity_price_2024_by_state.csv,state,0,,,0,no_listed_facilities,WRI Aqueduct 4.0 baseline_annual
55067,2024,WI,Langlade County,2739.0,14.3,58661.0,0,peeringdb_us_facilities_20261006T160916Z.json,2024,17.18,eia_residential_electricity_price_2024_by_state.csv,state,0,,,0,no_listed_facilities,WRI Aqueduct 4.0 baseline_annual
55069,2024,WI,Lincoln County,2606.0,9.3,72835.0,0,peeringdb_us_facilities_20261006T160916Z.json,2024,17.18,eia_residential_electricity_price_2024_by_state.csv,state,0,,,0,no_listed_facilities,WRI Aqueduct 4.0 baseline_annual
55071,2024,WI,Manitowoc County,7617.0,9.5,71188.0,0,peeringdb_us_facilities_20261006T160916Z.json,2024,17.18,eia_residential_electricity_price_2024_by_state.csv,state,0,,,0,no_listed_facilities,WRI Aqueduct 4.0 baseline_annual
55073,2024,WI,Marathon County,10352.0,7.5,79414.0,0,peeringdb_us_facilities_20261006T160916Z.json,2024,17.18,eia_residential_electricity_price_2024_by_state.csv,state,0,,,0,no_listed_facilities,WRI Aqueduct 4.0 baseline_annual
55075,2024,WI,Marinette County,4924.0,11.8,64731.0,0,peeringdb_us_facilities_20261006T160916Z.json,2024,17.18,eia_residential_electricity_price_2024_by_state.csv,state,0,,,0,no_listed_facilities,WRI Aqueduct 4.0 baseline_annual
55077,2024,WI,Marquette County,1896.0,12.2,70208.0,0,peeringdb_us_facilities_20261006T160916Z.json,2024,17.18,eia_residential_electricity_price_2024_by_state.csv,state,0,,,0,no_listed_facilities,WRI Aqueduct 4.0 baseline_annual
55078,2024,WI,Menominee County,1039.0,24.4,52423.0,0,peeringdb_us_facilities_20261006T160916Z.json,2024,17.18,eia_residential_electricity_price_2024_by_state.csv,state,0,,,0,no_listed_facilities,WRI Aqueduct 4.0 baseline_annual
55079,2024,WI,Milwaukee County,152132.0,16.8,66339.0,6,peeringdb_us_facilities_20261006T160916Z.json,2024,17.18,eia_residential_electricity_price_2024_by_state.csv,state,6,2.671208037573646,100.0,0,complete_coverage,WRI Aqueduct 4.0 baseline_annual
55081,2024,WI,Monroe County,4499.0,9.8,73607.0,0,peeringdb_us_facilities_20261006T160916Z.json,2024,17.18,eia_residential_electricity_price_2024_by_state.csv,state,0,,,0,no_listed_facilities,WRI Aqueduct 4.0 baseline_annual
55083,2024,WI,Oconto County,3358.0,8.5,75147.0,0,peeringdb_us_facilities_20261006T160916Z.json,2024,17.18,eia_residential_electricity_price_2024_by_state.csv,state,0,,,0,no_listed_facilities,WRI Aqueduct 4.0 baseline_annual
55085,2024,WI,Oneida County,3557.0,9.5,70870.0,0,peeringdb_us_facilities_20261006T160916Z.json,2024,17.18,eia_residential_electricity_price_2024_by_state.csv,state,0,,,0,no_listed_facilities,WRI Aqueduct 4.0 baseline_annual
55087,2024,WI,Outagamie County,12656.0,6.6,82847.0,0,peeringdb_us_facilities_20261006T160916Z.json,2024,17.18,eia_residential_electricity_price_2024_by_state.csv,state,0,,,0,no_listed_facilities,WRI Aqueduct 4.0 baseline_annual
55089,2024,WI,Ozaukee County,4938.0,5.4,105783.0,0,peeringdb_us_facilities_20261006T160916Z.json,2024,17.18,eia_residential_electricity_price_2024_by_state.csv,state,0,,,0,no_listed_facilities,WRI Aqueduct 4.0 baseline_annual
55091,2024,WI,Pepin County,831.0,11.0,75176.0,0,peeringdb_us_facilities_20261006T160916Z.json,2024,17.18,eia_residential_electricity_price_2024_by_state.csv,state,0,,,0,no_listed_facilities,WRI Aqueduct 4.0 baseline_annual
55093,2024,WI,Pierce County,3202.0,7.8,97746.0,0,peeringdb_us_facilities_20261006T160916Z.json,2024,17.18,eia_residential_electricity_price_2024_by_state.csv,state,0,,,0,no_listed_facilities,WRI Aqueduct 4.0 baseline_annual
55095,2024,WI,Polk County,4102.0,9.1,74144.0,0,peeringdb_us_facilities_20261006T160916Z.json,2024,17.18,eia_residential_electricity_price_2024_by_state.csv,state,0,,,0,no_listed_facilities,WRI Aqueduct 4.0 baseline_annual
55097,2024,WI,Portage County,7211.0,10.5,74650.0,0,peeringdb_us_facilities_20261006T160916Z.json,2024,17.18,eia_residential_electricity_price_2024_by_state.csv,state,0,,,0,no_listed_facilities,WRI Aqueduct 4.0 baseline_annual
55099,2024,WI,Price County,1706.0,12.2,65405.0,0,peeringdb_us_facilities_20261006T160916Z.json,2024,17.18,eia_residential_electricity_price_2024_by_state.csv,state,0,,,0,no_listed_facilities,WRI Aqueduct 4.0 baseline_annual
55101,2024,WI,Racine County,22741.0,11.7,79354.0,0,peeringdb_us_facilities_20261006T160916Z.json,2024,17.18,eia_residential_electricity_price_2024_by_state.csv,state,0,,,0,no_listed_facilities,WRI Aqueduct 4.0 baseline_annual
55103,2024,WI,Richland County,2209.0,13.0,67891.0,0,peeringdb_us_facilities_20261006T160916Z.json,2024,17.18,eia_residential_electricity_price_2024_by_state.csv,state,0,,,0,no_listed_facilities,WRI Aqueduct 4.0 baseline_annual
55105,2024,WI,Rock County,16206.0,9.9,73982.0,0,peeringdb_us_facilities_20261006T160916Z.json,2024,17.18,eia_residential_electricity_price_2024_by_state.csv,state,0,,,0,no_listed_facilities,WRI Aqueduct 4.0 baseline_annual
55107,2024,WI,Rusk County,1944.0,13.9,61716.0,0,peeringdb_us_facilities_20261006T160916Z.json,2024,17.18,eia_residential_electricity_price_2024_by_state.csv,state,0,,,0,no_listed_facilities,WRI Aqueduct 4.0 baseline_annual
55109,2024,WI,St. Croix County,5713.0,5.9,99439.0,0,peeringdb_us_facilities_20261006T160916Z.json,2024,17.18,eia_residential_electricity_price_2024_by_state.csv,state,0,,,0,no_listed_facilities,WRI Aqueduct 4.0 baseline_annual
55111,2024,WI,Sauk County,5658.0,8.6,77228.0,0,peeringdb_us_facilities_20261006T160916Z.json,2024,17.18,eia_residential_electricity_price_2024_by_state.csv,state,0,,,0,no_listed_facilities,WRI Aqueduct 4.0 baseline_annual
55113,2024,WI,Sawyer County,2459.0,13.3,65658.0,0,peeringdb_us_facilities_20261006T160916Z.json,2024,17.18,eia_residential_electricity_price_2024_by_state.csv,state,0,,,0,no_listed_facilities,WRI Aqueduct 4.0 baseline_annual
55115,2024,WI,Shawano County,4387.0,10.8,67138.0,0,peeringdb_us_facilities_20261006T160916Z.json,2024,17.18,eia_residential_electricity_price_2024_by_state.csv,state,0,,,0,no_listed_facilities,WRI Aqueduct 4.0 baseline_annual
55117,2024,WI,Sheboygan County,9571.0,8.3,75423.0,0,peeringdb_us_facilities_20261006T160916Z.json,2024,17.18,eia_residential_electricity_price_2024_by_state.csv,state,0,,,0,no_listed_facilities,WRI Aqueduct 4.0 baseline_annual
55119,2024,WI,Taylor County,2090.0,10.5,71308.0,0,peeringdb_us_facilities_20261006T160916Z.json,2024,17.18,eia_residential_electricity_price_2024_by_state.csv,state,0,,,0,no_listed_facilities,WRI Aqueduct 4.0 baseline_annual
55121,2024,WI,Trempealeau County,2856.0,9.4,79544.0,0,peeringdb_us_facilities_20261006T160916Z.json,2024,17.18,eia_residential_electricity_price_2024_by_state.csv,state,0,,,0,no_listed_facilities,WRI Aqueduct 4.0 baseline_annual
55123,2024,WI,Vernon County,3591.0,11.6,70437.0,0,peeringdb_us_facilities_20261006T160916Z.json,2024,17.18,eia_residential_electricity_price_2024_by_state.csv,state,0,,,0,no_listed_facilities,WRI Aqueduct 4.0 baseline_annual
55125,2024,WI,Vilas County,2488.0,10.4,68564.0,0,peeringdb_us_facilities_20261006T160916Z.json,2024,17.18,eia_residential_electricity_price_2024_by_state.csv,state,0,,,0,no_listed_facilities,WRI Aqueduct 4.0 baseline_annual
55127,2024,WI,Walworth County,8096.0,7.9,83061.0,0,peeringdb_us_facilities_20261006T160916Z.json,2024,17.18,eia_residential_electricity_price_2024_by_state.csv,state,0,,,0,no_listed_facilities,WRI Aqueduct 4.0 baseline_annual
55129,2024,WI,Washburn County,1888.0,11.2,68153.0,0,peeringdb_us_facilities_20261006T160916Z.json,2024,17.18,eia_residential_electricity_price_2024_by_state.csv,state,0,,,0,no_listed_facilities,WRI Aqueduct 4.0 baseline_annual
55131,2024,WI,Washington County,8724.0,6.3,90279.0,1,peeringdb_us_facilities_20261006T160916Z.json,2024,17.18,eia_residential_electricity_price_2024_by_state.csv,state,1,2.671208037573646,100.0,0,complete_coverage,WRI Aqueduct 4.0 baseline_annual
55133,2024,WI,Waukesha County,22664.0,5.5,103789.0,0,peeringdb_us_facilities_20261006T160916Z.json,2024,17.18,eia_residential_electricity_price_2024_by_state.csv,state,0,,,0,no_listed_facilities,WRI Aqueduct 4.0 baseline_annual
55135,2024,WI,Waupaca County,4519.0,9.0,76754.0,0,peeringdb_us_facilities_20261006T160916Z.json,2024,17.18,eia_residential_electricity_price_2024_by_state.csv,state,0,,,0,no_listed_facilities,WRI Aqueduct 4.0 baseline_annual
55137,2024,WI,Waushara County,2642.0,11.1,72502.0,0,peeringdb_us_facilities_20261006T160916Z.json,2024,17.18,eia_residential_electricity_price_2024_by_state.csv,state,0,,,0,no_listed_facilities,WRI Aqueduct 4.0 baseline_annual
55139,2024,WI,Winnebago County,16254.0,9.8,72564.0,0,peeringdb_us_facilities_20261006T160916Z.json,2024,17.18,eia_residential_electricity_price_2024_by_state.csv,state,0,,,0,no_listed_facilities,WRI Aqueduct 4.0 baseline_annual
55141,2024,WI,Wood County,8248.0,11.3,68299.0,1,peeringdb_us_facilities_20261006T160916Z.json,2024,17.18,eia_residential_electricity_price_2024_by_state.csv,state,1,3.3490146261566336,100.0,0,complete_coverage,WRI Aqueduct 4.0 baseline_annual
56001,2024,WY,Albany County,5805.0,15.9,65303.0,0,peeringdb_us_facilities_20261006T160916Z.json,2024,12.47,eia_residential_electricity_price_2024_by_state.csv,state,0,,,0,no_listed_facilities,WRI Aqueduct 4.0 baseline_annual
56003,2024,WY,Big Horn County,1496.0,12.6,66663.0,0,peeringdb_us_facilities_20261006T160916Z.json,2024,12.47,eia_residential_electricity_price_2024_by_state.csv,state,0,,,0,no_listed_facilities,WRI Aqueduct 4.0 baseline_annual
56005,2024,WY,Campbell County,4019.0,8.5,90961.0,1,peeringdb_us_facilities_20261006T160916Z.json,2024,12.47,eia_residential_electricity_price_2024_by_state.csv,state,1,3.38710021934518,100.0,0,complete_coverage,WRI Aqueduct 4.0 baseline_annual
56007,2024,WY,Carbon County,1476.0,10.8,75927.0,0,peeringdb_us_facilities_20261006T160916Z.json,2024,12.47,eia_residential_electricity_price_2024_by_state.csv,state,0,,,0,no_listed_facilities,WRI Aqueduct 4.0 baseline_annual
56009,2024,WY,Converse County,1338.0,9.8,86030.0,1,peeringdb_us_facilities_20261006T160916Z.json,2024,12.47,eia_residential_electricity_price_2024_by_state.csv,state,1,3.1837945708028337,100.0,0,complete_coverage,WRI Aqueduct 4.0 baseline_annual
56011,2024,WY,Crook County,597.0,7.7,84552.0,0,peeringdb_us_facilities_20261006T160916Z.json,2024,12.47,eia_residential_electricity_price_2024_by_state.csv,state,0,,,0,no_listed_facilities,WRI Aqueduct 4.0 baseline_annual
56013,2024,WY,Fremont County,4830.0,12.5,67636.0,1,peeringdb_us_facilities_20261006T160916Z.json,2024,12.47,eia_residential_electricity_price_2024_by_state.csv,state,1,4.433352053081278,100.0,0,complete_coverage,WRI Aqueduct 4.0 baseline_annual
56015,2024,WY,Goshen County,1776.0,15.4,60570.0,0,peeringdb_us_facilities_20261006T160916Z.json,2024,12.47,eia_residential_electricity_price_2024_by_state.csv,state,0,,,0,no_listed_facilities,WRI Aqueduct 4.0 baseline_annual
56017,2024,WY,Hot Springs County,521.0,11.5,60622.0,0,peeringdb_us_facilities_20261006T160916Z.json,2024,12.47,eia_residential_electricity_price_2024_by_state.csv,state,0,,,0,no_listed_facilities,WRI Aqueduct 4.0 baseline_annual
56019,2024,WY,Johnson County,700.0,8.0,76127.0,1,peeringdb_us_facilities_20261006T160916Z.json,2024,12.47,eia_residential_electricity_price_2024_by_state.csv,state,0,,0.0,1,no_usable_water_stress,WRI Aqueduct 4.0 baseline_annual
56021,2024,WY,Laramie County,8398.0,8.4,82615.0,4,peeringdb_us_facilities_20261006T160916Z.json,2024,12.47,eia_residential_electricity_price_2024_by_state.csv,state,4,5.0,100.0,0,complete_coverage,WRI Aqueduct 4.0 baseline_annual
56023,2024,WY,Lincoln County,1455.0,6.9,94861.0,0,peeringdb_us_facilities_20261006T160916Z.json,2024,12.47,eia_residential_electricity_price_2024_by_state.csv,state,0,,,0,no_listed_facilities,WRI Aqueduct 4.0 baseline_annual
56025,2024,WY,Natrona County,8459.0,10.7,74774.0,2,peeringdb_us_facilities_20261006T160916Z.json,2024,12.47,eia_residential_electricity_price_2024_by_state.csv,state,2,3.1837945708028337,100.0,0,complete_coverage,WRI Aqueduct 4.0 baseline_annual
56027,2024,WY,Niobrara County,319.0,15.2,62390.0,0,peeringdb_us_facilities_20261006T160916Z.json,2024,12.47,eia_residential_electricity_price_2024_by_state.csv,state,0,,,0,no_listed_facilities,WRI Aqueduct 4.0 baseline_annual
56029,2024,WY,Park County,3015.0,9.9,73582.0,0,peeringdb_us_facilities_20261006T160916Z.json,2024,12.47,eia_residential_electricity_price_2024_by_state.csv,state,0,,,0,no_listed_facilities,WRI Aqueduct 4.0 baseline_annual
56031,2024,WY,Platte County,902.0,10.7,69034.0,1,peeringdb_us_facilities_20261006T160916Z.json,2024,12.47,eia_residential_electricity_price_2024_by_state.csv,state,1,3.197951895936595,100.0,0,complete_coverage,WRI Aqueduct 4.0 baseline_annual
56033,2024,WY,Sheridan County,2923.0,9.0,75757.0,2,peeringdb_us_facilities_20261006T160916Z.json,2024,12.47,eia_residential_electricity_price_2024_by_state.csv,state,2,2.8922512418376827,100.0,0,complete_coverage,WRI Aqueduct 4.0 baseline_annual
56035,2024,WY,Sublette County,633.0,7.1,88948.0,0,peeringdb_us_facilities_20261006T160916Z.json,2024,12.47,eia_residential_electricity_price_2024_by_state.csv,state,0,,,0,no_listed_facilities,WRI Aqueduct 4.0 baseline_annual
56037,2024,WY,Sweetwater County,3719.0,9.1,76906.0,0,peeringdb_us_facilities_20261006T160916Z.json,2024,12.47,eia_residential_electricity_price_2024_by_state.csv,state,0,,,0,no_listed_facilities,WRI Aqueduct 4.0 baseline_annual
56039,2024,WY,Teton County,1243.0,5.4,151604.0,0,peeringdb_us_facilities_20261006T160916Z.json,2024,12.47,eia_residential_electricity_price_2024_by_state.csv,state,0,,,0,no_listed_facilities,WRI Aqueduct 4.0 baseline_annual
56041,2024,WY,Uinta County,2180.0,10.7,79267.0,0,peeringdb_us_facilities_20261006T160916Z.json,2024,12.47,eia_residential_electricity_price_2024_by_state.csv,state,0,,,0,no_listed_facilities,WRI Aqueduct 4.0 baseline_annual
56043,2024,WY,Washakie County,861.0,11.4,68635.0,0,peeringdb_us_facilities_20261006T160916Z.json,2024,12.47,eia_residential_electricity_price_2024_by_state.csv,state,0,,,0,no_listed_facilities,WRI Aqueduct 4.0 baseline_annual
56045,2024,WY,Weston County,665.0,10.5,70640.0,0,peeringdb_us_facilities_20261006T160916Z.json,2024,12.47,eia_residential_electricity_price_2024_by_state.csv,state,0,,,0,no_listed_facilities,WRI Aqueduct 4.0 baseline_annual
