facility_id,facility_name,country,state,city,address,address_line_2,latitude,longitude,status,latitude_original,longitude_original,review_reason,source_file,county_fips,matched_county_name,county_match_count
1,"Equinix DC1-DC15,DC21-DC22 - Ashburn",US,VA,Ashburn,21715 Filigree Ct,Building F,39.016363,-77.459023,ok,39.016363,-77.459023,,peeringdb_us_facilities_20261006T160916Z.json,51107,Loudoun,1
2,Digital Realty SFO (200 Paul),US,CA,San Francisco,200 Paul Ave,,37.723407,-122.397923,ok,37.723407,-122.397923,,peeringdb_us_facilities_20261006T160916Z.json,06075,San Francisco,1
4,Equinix DA1 - Dallas,US,TX,Dallas,1950 N Stemmons Fwy,,32.800955,-96.81955,ok,32.800955,-96.81955,,peeringdb_us_facilities_20261006T160916Z.json,48113,Dallas,1
5,"Equinix SV8 - Silicon Valley, Palo Alto",US,CA,Palo Alto,529 Bryant St,,37.445896,-122.160775,ok,37.445896,-122.160775,,peeringdb_us_facilities_20261006T160916Z.json,06085,Santa Clara,1
6,"Equinix SV1/SV5/SV10 - Silicon Valley, San Jose",US,CA,San Jose,11 Great Oaks Blvd,,37.241767,-121.782967,ok,37.241767,-121.782967,,peeringdb_us_facilities_20261006T160916Z.json,06085,Santa Clara,1
7,Equinix CH1/CH2/CH4 - Chicago,US,IL,Chicago,350 E Cermak Rd,,41.85365,-87.618342,ok,41.85365,-87.618342,,peeringdb_us_facilities_20261006T160916Z.json,17031,Cook,1
8,Equinix LA1 - Los Angeles,US,CA,Los Angeles,600 W 7th St,,34.047501,-118.2573,ok,34.047501,-118.2573,,peeringdb_us_facilities_20261006T160916Z.json,06037,Los Angeles,1
9,"Equinix NY1 - New York, Newark",US,NJ,Newark,165 Halsey St,,40.736844,-74.173402,ok,40.736844,-74.173402,,peeringdb_us_facilities_20261006T160916Z.json,34013,Essex,1
10,Digital Realty NYC (60 Hudson),US,NY,New York,60 Hudson St,,40.717723,-74.008299,ok,40.717723,-74.008299,,peeringdb_us_facilities_20261006T160916Z.json,36061,New York,1
11,Equinix AT2/AT3 - Atlanta,US,GA,Atlanta,56 Marietta St NW,,33.755456,-84.39153,ok,33.755456,-84.39153,,peeringdb_us_facilities_20261006T160916Z.json,13121,Fulton,1
15,"Equinix MI1 - Miami, NOTA",US,FL,Miami,50 NE 9th St,,25.782648,-80.193157,ok,25.782648,-80.193157,,peeringdb_us_facilities_20261006T160916Z.json,12086,Miami-Dade,1
16,Digital Realty NYC (111 8th Ave),US,NY,New York,111 8th Ave,,40.741469,-74.003387,ok,40.741469,-74.003387,,peeringdb_us_facilities_20261006T160916Z.json,36061,New York,1
19,CoreSite - Los Angeles (LA1) One Wilshire,US,CA,Los Angeles,624 S. Grand Ave.,,34.047942,-118.255564,ok,34.047942,-118.255564,,peeringdb_us_facilities_20261006T160916Z.json,06037,Los Angeles,1
20,CoreSite - San Jose (SV1),US,CA,San Jose,55 S. Market Street,,37.334147,-121.891649,ok,37.334147,-121.891649,,peeringdb_us_facilities_20261006T160916Z.json,06085,Santa Clara,1
21,FedConnect San Francisco,US,CA,San Francisco,60 Federal Street,,37.783322,-122.392048,ok,37.783322,-122.392048,,peeringdb_us_facilities_20261006T160916Z.json,06075,San Francisco,1
22,JMA NAC Los Angeles,US,CA,Los Angeles,530 West 6th Street,,34.048428,-118.255186,ok,34.048428,-118.255186,,peeringdb_us_facilities_20261006T160916Z.json,06037,Los Angeles,1
23,Digital Realty SFO (365 Main),US,CA,San Francisco,365 Main Street,,37.788669,-122.390509,ok,37.788669,-122.390509,,peeringdb_us_facilities_20261006T160916Z.json,06075,San Francisco,1
24,The Mission Street Center,US,CA,San Francisco,1019 Mission Street,,37.780351,-122.408954,ok,37.780351,-122.408954,,peeringdb_us_facilities_20261006T160916Z.json,06075,San Francisco,1
33,SVTIX San Jose,US,CA,San Jose,250 Stockton St,,37.333765,-121.904828,ok,37.333765,-121.904828,,peeringdb_us_facilities_20261006T160916Z.json,06085,Santa Clara,1
36,"Equinix NY2/NY4/NY5/NY6 - New York, Secaucus",US,NJ,Secaucus,800 Secaucus Road,,40.778534,-74.072237,ok,40.778534,-74.072237,,peeringdb_us_facilities_20261006T160916Z.json,34017,Hudson,1
38,"Equinix NY9 - New York, 111 8th Avenue",US,NY,New York,111 8th Ave,,40.741469,-74.003387,ok,40.741469,-74.003387,,peeringdb_us_facilities_20261006T160916Z.json,36061,New York,1
69,Equinix DA3 - Dallas,US,TX,Dallas,1950 N Stemmons Fwy,,32.800955,-96.81955,ok,32.800955,-96.81955,,peeringdb_us_facilities_20261006T160916Z.json,48113,Dallas,1
71,Digital Realty Seattle SEA10,US,WA,Seattle,2001 Sixth Avenue,,47.614347,-122.338883,ok,47.614347,-122.338883,,peeringdb_us_facilities_20261006T160916Z.json,53033,King,1
84,KDWEB San Jose,US,CA,San Jose,50 W San Fernando,,37.333885,-121.889302,ok,37.333885,-121.889302,,peeringdb_us_facilities_20261006T160916Z.json,06085,Santa Clara,1
85,"Equinix SV17 - Silicon Valley, Santa Clara",US,CA,Santa Clara,3030 Corvin Dr,,37.376348,-121.988591,ok,37.376348,-121.988591,,peeringdb_us_facilities_20261006T160916Z.json,06085,Santa Clara,1
86,Equinix SE2/SE3 - Seattle,US,WA,Seattle,2001 Sixth Avenue,,47.614358,-122.338864,ok,47.614358,-122.338864,,peeringdb_us_facilities_20261006T160916Z.json,53033,King,1
88,"Equinix DC7 - Ashburn, Vienna",US,VA,Vienna,7990 Science Applications Ct,,38.908422,-77.219692,ok,38.908422,-77.219692,,peeringdb_us_facilities_20261006T160916Z.json,51059,Fairfax,1
102,Equinix LA2 - Los Angeles,US,CA,Los Angeles,818 W 7th St,,34.048897,-118.259585,ok,34.048897,-118.259585,,peeringdb_us_facilities_20261006T160916Z.json,06037,Los Angeles,1
120,Digital Realty NYC (32 AofA),US,NY,New York,32 6th Ave (Avenue of the Americas),,40.72,-74.004561,ok,40.72,-74.004561,,peeringdb_us_facilities_20261006T160916Z.json,36061,New York,1
125,Digital Realty ATL13 - Atlanta,US,GA,Atlanta,56 Marietta Street,,33.755456,-84.39153,ok,33.755456,-84.39153,,peeringdb_us_facilities_20261006T160916Z.json,13121,Fulton,1
144,"Equinix DC8 - Ashburn, Vienna",US,VA,Vienna,8502A Tyco Rd,,38.931419,-77.238951,ok,38.931419,-77.238951,,peeringdb_us_facilities_20261006T160916Z.json,51059,Fairfax,1
146,Equinix PH1 - Philadelphia,US,PA,Philadelphia,401 North Broad Street,,39.959668,-75.161377,ok,39.959668,-75.161377,,peeringdb_us_facilities_20261006T160916Z.json,42101,Philadelphia,1
147,Evocative San Jose (SV7),US,CA,San Jose,534 Stockton Avenue,,37.338431,-121.910133,ok,37.338431,-121.910133,,peeringdb_us_facilities_20261006T160916Z.json,06085,Santa Clara,1
149,iM Critical Miami,US,FL,Miami,100 NE 80th. Terrace,,25.848356,-80.194926,ok,25.848356,-80.194926,,peeringdb_us_facilities_20261006T160916Z.json,12086,Miami-Dade,1
171,Digital Realty PHX10 (120 E Van Buren),US,AZ,Phoenix,120 East Van Buren Street,,33.452003,-112.072042,ok,33.452003,-112.072042,,peeringdb_us_facilities_20261006T160916Z.json,04013,Maricopa,1
176,Level(3) Sunnyvale,US,CA,Sunnyvale,1380 Kifer Rd.,,37.373412,-121.98778,ok,37.373412,-121.98778,,peeringdb_us_facilities_20261006T160916Z.json,06085,Santa Clara,1
184,Printer's Square Chicago (600 S Federal),US,IL,Chicago,600 S Federal,,41.874302,-87.629928,ok,41.874302,-87.629928,,peeringdb_us_facilities_20261006T160916Z.json,17031,Cook,1
186,Netrality - Indy Telcom Center - 733 W. Henry,US,IN,Indianapolis,733 W. Henry St,,39.75988,-86.172275,ok,39.75988,-86.172275,,peeringdb_us_facilities_20261006T160916Z.json,18097,Marion,1
188,FiberNet Telecom Group - 60 Hudson St,US,NY,New York,60 Hudson St,,40.717664,-74.008333,ok,40.717664,-74.008333,,peeringdb_us_facilities_20261006T160916Z.json,36061,New York,1
189,FiberNet Telecom Group New York (111 Eighth Ave),US,NY,New York,111 Eighth Ave,,40.741355,-74.003203,ok,40.741355,-74.003203,,peeringdb_us_facilities_20261006T160916Z.json,36061,New York,1
209,Level(3) Weehawken,US,NJ,Weehawken,300 JFK Boulevard East,,40.761825,-74.025031,ok,40.761825,-74.025031,,peeringdb_us_facilities_20261006T160916Z.json,34017,Hudson,1
219,Markley Group One Summer Street Boston,US,MA,Boston,1 Summer Street,,42.354692,-71.060266,ok,42.354692,-71.060266,,peeringdb_us_facilities_20261006T160916Z.json,25025,Suffolk,1
234,Peace Communications KNX1,US,TN,Knoxville,500 W. Summit Hill,,35.965586,-83.921438,ok,35.965586,-83.921438,,peeringdb_us_facilities_20261006T160916Z.json,47093,Knox,1
246,Looking Glass Networks NYC Node,US,NY,New York,150 Varick Street,,40.726019,-74.00536,ok,40.726019,-74.00536,,peeringdb_us_facilities_20261006T160916Z.json,36061,New York,1
249,Level(3) Atlanta (Courtland),US,GA,Atlanta,345 Courtland St Ne,,33.765138,-84.383731,ok,33.765138,-84.383731,,peeringdb_us_facilities_20261006T160916Z.json,13121,Fulton,1
250,Level(3) Chicago (Canal),US,IL,Chicago,"111 Canal, Suite 200",,41.880436,-87.639611,ok,41.880436,-87.639611,,peeringdb_us_facilities_20261006T160916Z.json,17031,Cook,1
256,ServerCondo-219 Albuquerque,US,NM,Albuquerque,219 Central Ave NW,,35.084663,-106.650102,ok,35.084663,-106.650102,,peeringdb_us_facilities_20261006T160916Z.json,35001,Bernalillo,1
267,Citynet Columbus,US,OH,Columbus,251 Neilston St.,,39.968171,-82.994861,ok,39.968171,-82.994861,,peeringdb_us_facilities_20261006T160916Z.json,39049,Franklin,1
268,Citynet Pittsburgh,US,PA,Pittsburgh,Allegheny Center Mall,,40.447383,-80.003614,ok,40.447383,-80.003614,,peeringdb_us_facilities_20261006T160916Z.json,42003,Allegheny,1
273,Citynet Indianapolis,US,IN,Indianapolis,701 W. Henry St.,,39.759534,-86.170711,ok,39.759534,-86.170711,,peeringdb_us_facilities_20261006T160916Z.json,18097,Marion,1
275,PTOR1,US,OR,Portland,921 SW Washington St,,45.521366,-122.680792,ok,45.521366,-122.680792,,peeringdb_us_facilities_20261006T160916Z.json,41051,Multnomah,1
279,Centersquare New Jersey (EWR5),US,NJ,Secaucus,15 Enterprise Avenue N,,40.78616,-74.06912,ok,40.78616,-74.06912,,peeringdb_us_facilities_20261006T160916Z.json,34017,Hudson,1
281,"Equinix BO1 - Boston, Waltham",US,MA,Waltham,74 West Street,,42.395346,-71.269187,ok,42.395346,-71.269187,,peeringdb_us_facilities_20261006T160916Z.json,25017,Middlesex,1
283,365 Data Centers Chicago (CH6),US,IL,Chicago,427 S. La Salle,,41.876212,-87.631453,ok,41.876212,-87.631453,,peeringdb_us_facilities_20261006T160916Z.json,17031,Cook,1
286,"CoreSite - Washington,DC (DC1)",US,DC,Washington,"1275 K Street, NW",,38.902918,-77.029149,ok,38.902918,-77.029149,,peeringdb_us_facilities_20261006T160916Z.json,11001,District of Columbia,1
293,Evocative SJC3,US,CA,Santa Clara,3080 Raymond Street,,37.378042,-121.954136,ok,37.378042,-121.954136,,peeringdb_us_facilities_20261006T160916Z.json,06085,Santa Clara,1
311,Level(3) Nashville (Sidco Drive),US,TN,Nashville,2992 Sidco Drive,,36.102726,-86.755786,ok,36.102726,-86.755786,,peeringdb_us_facilities_20261006T160916Z.json,47037,Davidson,1
312,IRIS - Nashville,US,TN,Nashville,211 Commerce Street,,36.162621,-86.776316,ok,36.162621,-86.776316,,peeringdb_us_facilities_20261006T160916Z.json,47037,Davidson,1
314,Cincinnatti Bell - West 7th Street,US,OH,Cincinnati,209 West 7 Street,,39.102789,-84.517261,ok,39.102789,-84.517261,,peeringdb_us_facilities_20261006T160916Z.json,39061,Hamilton,1
315,Level(3) Cincinnati,US,OH,Cincinnati,400 Pike Street,,39.102533,-84.50313,ok,39.102533,-84.50313,,peeringdb_us_facilities_20261006T160916Z.json,39061,Hamilton,1
317,Telehouse - Los Angeles,US,CA,Los Angeles,626 Wilshire Blvd #600,,34.048275,-118.256985,ok,34.048275,-118.256985,,peeringdb_us_facilities_20261006T160916Z.json,06037,Los Angeles,1
330,Newport Financial Center,US,NJ,Jersey City,111 Pavonia Ave.,,40.726597,-74.033401,ok,40.726597,-74.033401,,peeringdb_us_facilities_20261006T160916Z.json,34017,Hudson,1
332,Netrality St. Louis - 900 Walnut,US,MO,St. Louis,900 Walnut - Netrality Data Center Meet Me Room,900 Walnut Street,38.625536,-90.195238,ok,38.625536,-90.195238,,peeringdb_us_facilities_20261006T160916Z.json,29510,St. Louis,1
333,"Equinix LA3/LA4 - Los Angeles, El Segundo",US,CA,El Segundo,445 North Douglas Street,,33.921239,-118.383778,ok,33.921239,-118.383778,,peeringdb_us_facilities_20261006T160916Z.json,06037,Los Angeles,1
348,Level(3) New York,US,NY,New York,85 10th Avenue,,40.743136,-74.007652,ok,40.743136,-74.007652,,peeringdb_us_facilities_20261006T160916Z.json,36061,New York,1
350,165 Halsey Meet-Me Room,US,NJ,Newark,165 Halsey St,,40.736844,-74.173402,ok,40.736844,-74.173402,,peeringdb_us_facilities_20261006T160916Z.json,34013,Essex,1
356,Crown Castle Brentwood (1650 Islip),US,NY,Brentwood,1650 Islip Ave,,40.784184,-73.219864,ok,40.784184,-73.219864,,peeringdb_us_facilities_20261006T160916Z.json,36103,Suffolk,1
362,710 Tucker St Louis,US,MO,St. Louis,710 North Tucker,,38.632728,-90.195813,ok,38.632728,-90.195813,,peeringdb_us_facilities_20261006T160916Z.json,29510,St. Louis,1
363,CoreSite - Los Angeles (LA2),US,CA,Los Angeles,900 N. Alameda,,34.058096,-118.235357,ok,34.058096,-118.235357,,peeringdb_us_facilities_20261006T160916Z.json,06037,Los Angeles,1
368,XO Nashville,US,TN,Nashville,101 Molloy Street,,36.158837,-86.772516,ok,36.158837,-86.772516,,peeringdb_us_facilities_20261006T160916Z.json,47037,Davidson,1
372,Network 222,US,WI,Madison,222 West Washington Avenue,,43.073336,-89.386996,ok,43.073336,-89.386996,,peeringdb_us_facilities_20261006T160916Z.json,55025,Dane,1
378,OCDC Orange County Datacenter Santa Ana,US,CA,Santa Ana,1400 S. Grand,,33.729872,-117.851779,ok,33.729872,-117.851779,,peeringdb_us_facilities_20261006T160916Z.json,06059,Orange,1
380,iConnect Billings Fiber Hotel,US,MT,Billings,Granite Tower,,45.781098,-108.512522,ok,45.781098,-108.512522,,peeringdb_us_facilities_20261006T160916Z.json,30111,Yellowstone,1
381,iConnect Missoula,US,MT,Missoula,Broadway Center,110 East Broadway,46.87101,-113.989835,ok,46.87101,-113.989835,,peeringdb_us_facilities_20261006T160916Z.json,30063,Missoula,1
389,CoreSite - Denver (DE1),US,CO,Denver,910 15th Street,,39.745636,-104.995636,ok,39.745636,-104.995636,,peeringdb_us_facilities_20261006T160916Z.json,08031,Denver,1
397,WOW! Business (Tampa Datacenter),US,FL,Tampa,400 N Tampa St.,Suite #1000,27.947729,-82.459331,ok,27.947729,-82.459331,,peeringdb_us_facilities_20261006T160916Z.json,12057,Hillsborough,1
402,Digital Realty DFW (2323 Bryan St),US,TX,Dallas,2323 Bryan St.,,32.787212,-96.794219,ok,32.787212,-96.794219,,peeringdb_us_facilities_20261006T160916Z.json,48113,Dallas,1
403,Digital Realty LAX (600 W 7th),US,CA,Los Angeles,600 West 7th Street,,34.047335,-118.25745,ok,34.047335,-118.25745,,peeringdb_us_facilities_20261006T160916Z.json,06037,Los Angeles,1
408,Digital Realty IAD (44480 Hastings),US,VA,Ashburn,44480 Hastings Drive,,39.017808,-77.462489,ok,39.017808,-77.462489,,peeringdb_us_facilities_20261006T160916Z.json,51107,Loudoun,1
409,Netrality Houston - 1301 Fannin,US,TX,Houston,1301 Fannin - Netrality Data Center Meet Me Room,1301 Fannin Street,29.753242,-95.365882,ok,29.753242,-95.365882,,peeringdb_us_facilities_20261006T160916Z.json,48201,Harris,1
410,KOMO Plaza Seattle (Formerly Fisher Plaza),US,WA,Seattle,140 4th Ave N,,47.619238,-122.348278,ok,47.619238,-122.348278,,peeringdb_us_facilities_20261006T160916Z.json,53033,King,1
411,University of Wisconsin-Madison,US,WI,Madison,1210 W. Dayton Street,,43.071309,-89.406318,ok,43.071309,-89.406318,,peeringdb_us_facilities_20261006T160916Z.json,55025,Dane,1
414,190 Park Center Plaza San Jose,US,CA,San Jose,190 Park Center Plaza,,37.332218,-121.892948,ok,37.332218,-121.892948,,peeringdb_us_facilities_20261006T160916Z.json,06085,Santa Clara,1
420,The Franklin Exchange Tampa,US,FL,Tampa,655 N Franklin Street,,27.949606,-82.458393,ok,27.949606,-82.458393,,peeringdb_us_facilities_20261006T160916Z.json,12057,Hillsborough,1
430,Level(3) Oakland,US,CA,Emeryville,5000 Hollis Ave,,37.834675,-122.286597,ok,37.834675,-122.286597,,peeringdb_us_facilities_20261006T160916Z.json,06001,Alameda,1
435,Netrality Kansas City - 1102 Grand,US,MO,Kansas City,1102 Grand - Netrality Data Center Meet Me Room,1102 Grand Boulevard,39.100941,-94.581036,ok,39.100941,-94.581036,,peeringdb_us_facilities_20261006T160916Z.json,29095,Jackson,1
436,"Equinix SV3 - Silicon Valley, San Jose",US,CA,San Jose,1735 Lundy Ave,,37.388235,-121.888457,ok,37.388235,-121.888457,,peeringdb_us_facilities_20261006T160916Z.json,06085,Santa Clara,1
437,"Equinix SV2 - Silicon Valley, Santa Clara",US,CA,Santa Clara,1350 Duane Ave,,37.378463,-121.954945,ok,37.378463,-121.954945,,peeringdb_us_facilities_20261006T160916Z.json,06085,Santa Clara,1
440,CoreSite - Chicago (CH1),US,IL,Chicago,427 S. LaSalle,,41.876212,-87.631453,ok,41.876212,-87.631453,,peeringdb_us_facilities_20261006T160916Z.json,17031,Cook,1
448,CSSNW Bellingham,US,WA,Bellingham,1911 C Street,,48.757306,-122.4805,ok,48.757306,-122.4805,,peeringdb_us_facilities_20261006T160916Z.json,53073,Whatcom,1
466,Digital Realty CHI (350 E Cermak),US,IL,Chicago,350 E Cermak Rd.,,41.85365,-87.618342,ok,41.85365,-87.618342,,peeringdb_us_facilities_20261006T160916Z.json,17031,Cook,1
468,Digital Realty OAK (720 2nd St),US,CA,Oakland,720 2nd St,,37.799021,-122.282507,ok,37.799021,-122.282507,,peeringdb_us_facilities_20261006T160916Z.json,06001,Alameda,1
469,Digital Realty SJC (2820 NW Pkwy),US,CA,Santa Clara,2820 Northwestern Pkwy,Vantage Building V1,37.372818,-121.973377,ok,37.372818,-121.973377,,peeringdb_us_facilities_20261006T160916Z.json,06085,Santa Clara,1
474,GAP Union Station,US,IN,South Bend,506 W South St.,,41.669526,-86.255805,ok,41.669526,-86.255805,,peeringdb_us_facilities_20261006T160916Z.json,18141,St. Joseph,1
476,360 Spear,US,CA,San Francisco,360 Spear St.,,37.788931,-122.390267,ok,37.788931,-122.390267,,peeringdb_us_facilities_20261006T160916Z.json,06075,San Francisco,1
485,Carolina Internet / CaroNet,US,NC,Charlotte,900 Center Park Drive,,35.173324,-80.925975,ok,35.173324,-80.925975,,peeringdb_us_facilities_20261006T160916Z.json,37119,Mecklenburg,1
500,TierPoint Spokane,US,WA,Liberty Lake,23403 E Mission Ave,,47.671879,-117.09123,ok,47.671879,-117.09123,,peeringdb_us_facilities_20261006T160916Z.json,53063,Spokane,1
501,US Bank Building,US,WA,Spokane,428 West Riverside,,47.658139,-117.4193,ok,47.658139,-117.4193,,peeringdb_us_facilities_20261006T160916Z.json,53063,Spokane,1
505,Equinix DA - Dallas (previously Infomart Dallas),US,TX,Dallas,1950 N Stemmons Fwy,,32.800748,-96.819412,ok,32.800748,-96.819412,,peeringdb_us_facilities_20261006T160916Z.json,48113,Dallas,1
507,324 E Wisconsin,US,WI,Milwaukee,324 E. Wisconsin Ave,,43.039016,-87.906937,ok,43.039016,-87.906937,,peeringdb_us_facilities_20261006T160916Z.json,55079,Milwaukee,1
510,"Equinix SV6 - Silicon Valley, Sunnyvale",US,CA,Sunnyvale,444 Toyama Dr,,37.399589,-122.014572,ok,37.399589,-122.014572,,peeringdb_us_facilities_20261006T160916Z.json,06085,Santa Clara,1
519,Lumen Boston,US,MA,Cambridge,300 Bent St.,,42.367691,-71.086779,ok,42.367691,-71.086779,,peeringdb_us_facilities_20261006T160916Z.json,25017,Middlesex,1
520,"1101 Stewart Ave, Garden City",US,NY,Garden City,1101 Stewart Ave,,40.73616,-73.594195,ok,40.73616,-73.594195,,peeringdb_us_facilities_20261006T160916Z.json,36059,Nassau,1
525,180 E Broad St.,US,OH,Columbus,Meet-Me-Room,180 E Broad St,39.963183,-82.995994,ok,39.963183,-82.995994,,peeringdb_us_facilities_20261006T160916Z.json,39049,Franklin,1
531,Iron Mountain Data Center - Scottsdale (AZS-1),US,AZ,Scottsdale,8521 E. Princess Drive,,33.64465,-111.895495,ok,33.64465,-111.895495,,peeringdb_us_facilities_20261006T160916Z.json,04013,Maricopa,1
539,Equinix DA4 - Dallas,US,TX,Dallas,2323 Bryan St.,,32.787212,-96.794219,ok,32.787212,-96.794219,,peeringdb_us_facilities_20261006T160916Z.json,48113,Dallas,1
540,QTD - 60 Hudson,US,NY,New York,60 Hudson Street,,40.717723,-74.008299,ok,40.717723,-74.008299,,peeringdb_us_facilities_20261006T160916Z.json,36061,New York,1
541,SBTC,US,WA,Seattle,1914 3rd Avenue,,47.612139,-122.340036,ok,47.612139,-122.340036,,peeringdb_us_facilities_20261006T160916Z.json,53033,King,1
542,"Equinix NY7 - New York, North Bergen",US,NJ,North Bergen,5851 Westside Ave,,40.796857,-74.031129,ok,40.796857,-74.031129,,peeringdb_us_facilities_20261006T160916Z.json,34017,Hudson,1
547,Hurricane Electric Fremont 2,US,CA,Fremont,48233 Warm Springs Blvd,,37.471809,-121.920111,ok,37.471809,-121.920111,,peeringdb_us_facilities_20261006T160916Z.json,06001,Alameda,1
548,3500 Garrott,US,TX,Houston,3500 Garrott,,29.741436,-95.385784,ok,29.741436,-95.385784,,peeringdb_us_facilities_20261006T160916Z.json,48201,Harris,1
558,Equinix MI2 - Miami,US,FL,Miami,36 NE 2nd St,,25.775869,-80.19313,ok,25.775869,-80.19313,,peeringdb_us_facilities_20261006T160916Z.json,12086,Miami-Dade,1
559,5Nines Data,US,WI,Madison,"222 West Washington Avenue, Suite 170",,43.073336,-89.386996,ok,43.073336,-89.386996,,peeringdb_us_facilities_20261006T160916Z.json,55025,Dane,1
561,H5 Data Centers Nashville,US,TN,Nashville,147 Fourth Avenue,,36.162626,-86.778674,ok,36.162626,-86.778674,,peeringdb_us_facilities_20261006T160916Z.json,47037,Davidson,1
569,Epsilon Global Hubs New York (60 Hudson),US,NY,New York,60 Hudson St,,40.717664,-74.008333,ok,40.717664,-74.008333,,peeringdb_us_facilities_20261006T160916Z.json,36061,New York,1
572,Iron Mountain Data Center - Phoenix (AZP-1),US,AZ,Phoenix,615 N. 48th Street,,33.454411,-111.976435,ok,33.454411,-111.976435,,peeringdb_us_facilities_20261006T160916Z.json,04013,Maricopa,1
574,"Equinix SV4 - Silicon Valley, Sunnyvale",US,CA,Sunnyvale,255 Caspian Dr,,37.41438,-122.014482,ok,37.41438,-122.014482,,peeringdb_us_facilities_20261006T160916Z.json,06085,Santa Clara,1
575,1623 Farnam - Omaha,US,NE,Omaha,1623 Farnam St.,,41.257352,-95.938191,ok,41.257352,-95.938191,,peeringdb_us_facilities_20261006T160916Z.json,31055,Douglas,1
578,QTS Santa Clara (SJC1/SJC2),US,CA,Santa Clara,2807 Mission College Blvd,,37.394031,-121.978279,ok,37.394031,-121.978279,,peeringdb_us_facilities_20261006T160916Z.json,06085,Santa Clara,1
579,QTS Jersey City (JCY1),US,NJ,Jersey City,95 Christopher Columbus Drive,,40.716892,-74.03382,ok,40.716892,-74.03382,,peeringdb_us_facilities_20261006T160916Z.json,34017,Hudson,1
580,QTS Atlanta-Suwanee (SUW1),US,GA,Suwanee,300 Satellite Blvd NW,,34.035431,-84.06101,ok,34.035431,-84.06101,,peeringdb_us_facilities_20261006T160916Z.json,13135,Gwinnett,1
581,QTS Atlanta-Metro (ATL1),US,GA,Atlanta,1033 Jefferson St. NW,,33.777526,-84.421036,ok,33.777526,-84.421036,,peeringdb_us_facilities_20261006T160916Z.json,13121,Fulton,1
582,QTS Miami (MIA1),US,FL,Miami,11234 NW 20th St,,25.791541,-80.379598,ok,25.791541,-80.379598,,peeringdb_us_facilities_20261006T160916Z.json,12086,Miami-Dade,1
584,CoreSite - Boston (BO1),US,MA,Somerville,70 Innerbelt Rd,,42.376703,-71.079763,ok,42.376703,-71.079763,,peeringdb_us_facilities_20261006T160916Z.json,25017,Middlesex,1
585,1025Connect,US,NY,Westbury,1025 Old Country Road,,40.7558,-73.557923,ok,40.7558,-73.557923,,peeringdb_us_facilities_20261006T160916Z.json,36059,Nassau,1
590,Intergate West / Digital.forest / Fortress,US,WA,Tukwila,12101 Tukwila International Blvd.,,47.494136,-122.29441,ok,47.494136,-122.29441,,peeringdb_us_facilities_20261006T160916Z.json,53033,King,1
593,274 Brannan Street,US,CA,San Francisco,274 Brannan Street,,37.782582,-122.391764,ok,37.782582,-122.391764,,peeringdb_us_facilities_20261006T160916Z.json,06075,San Francisco,1
604,FiberNet Telecom Group Newark - 165 Halsey,US,NJ,Newark,165 Halsey Street,,40.736844,-74.173402,ok,40.736844,-74.173402,,peeringdb_us_facilities_20261006T160916Z.json,34013,Essex,1
605,365 Data Centers Ft. Lauderdale (FLL),US,FL,Ft. Lauderdale,3250 West Commercial Blvd,,26.184971,-80.190819,ok,26.184971,-80.190819,,peeringdb_us_facilities_20261006T160916Z.json,12011,Broward,1
613,Centersquare Phoenix (PHX3),US,AZ,Mesa,1301 West University Drive,,33.421225,-111.858984,ok,33.421225,-111.858984,,peeringdb_us_facilities_20261006T160916Z.json,04013,Maricopa,1
619,"Colo at 55, LLC",US,GA,Atlanta,55 Marietta ST NW,,33.755807,-84.391066,ok,33.755807,-84.391066,,peeringdb_us_facilities_20261006T160916Z.json,13121,Fulton,1
642,Telecom Center LA,US,CA,Los Angeles,530 West 6th Street,,34.048428,-118.255186,ok,34.048428,-118.255186,,peeringdb_us_facilities_20261006T160916Z.json,06037,Los Angeles,1
643,Colo4Dallas,US,TX,Dallas,3000 Irving Blvd.,,32.807888,-96.857296,ok,32.807888,-96.857296,,peeringdb_us_facilities_20261006T160916Z.json,48113,Dallas,1
668,CoreSite - Reston (VA1),US,VA,Reston,12100 Sunrise Valley Drive,,38.950631,-77.364541,ok,38.950631,-77.364541,,peeringdb_us_facilities_20261006T160916Z.json,51059,Fairfax,1
669,CoreSite - Miami (MI1),US,FL,Miami,2115 NW 22nd Street,,25.797548,-80.230038,ok,25.797548,-80.230038,,peeringdb_us_facilities_20261006T160916Z.json,12086,Miami-Dade,1
670,CoreSite - New York (NY1),US,NY,New York,32 Avenue of the Americas,,40.72,-74.004561,ok,40.72,-74.004561,,peeringdb_us_facilities_20261006T160916Z.json,36061,New York,1
671,Coresite - Milpitas (SV2),US,CA,Milpitas,1656 McCarthy Blvd.,,37.405693,-121.916261,ok,37.405693,-121.916261,,peeringdb_us_facilities_20261006T160916Z.json,06085,Santa Clara,1
679,ColoHouse Miami,US,FL,Miami,36 NE 2nd Street,,25.775811,-80.192959,ok,25.775811,-80.192959,,peeringdb_us_facilities_20261006T160916Z.json,12086,Miami-Dade,1
696,Equinix DE2 - Denver,US,CO,Denver,335 Inverness Drive South,,39.560317,-104.857528,ok,39.560317,-104.857528,,peeringdb_us_facilities_20261006T160916Z.json,08035,Douglas,1
702,Hurricane Electric Fremont 1,US,CA,Fremont,760 Mission Ct,,37.489879,-121.931012,ok,37.489879,-121.931012,,peeringdb_us_facilities_20261006T160916Z.json,06001,Alameda,1
710,Equinix CU1/CU2/CU3/CU4 - Culpeper,US,VA,Culpeper,18155 Technology Dr.,,38.454881,-77.978325,ok,38.454881,-77.978325,,peeringdb_us_facilities_20261006T160916Z.json,51047,Culpeper,1
737,Telehouse - Teleport Center (New York),US,NY,Staten Island,The Teleport,7 Teleport Drive,40.606231,-74.173722,ok,40.606231,-74.173722,,peeringdb_us_facilities_20261006T160916Z.json,36085,Richmond,1
739,Level(3) Jersey City,US,NJ,Jersey City,1 Evertrust Plaza,,40.718534,-74.037494,ok,40.718534,-74.037494,,peeringdb_us_facilities_20261006T160916Z.json,34017,Hudson,1
766,YRIX,US,MT,Billings,"222 N. 32nd, Suite 503",,45.781051,-108.512531,ok,45.781051,-108.512531,,peeringdb_us_facilities_20261006T160916Z.json,30111,Yellowstone,1
767,TelePacific,US,CA,San Francisco,630 3rd Street,,37.77942,-122.394082,ok,37.77942,-122.394082,,peeringdb_us_facilities_20261006T160916Z.json,06075,San Francisco,1
770,Switch Las Vegas,US,NV,Las Vegas,7135 S Decatur Boulevard,,36.059914,-115.210194,ok,36.059914,-115.210194,,peeringdb_us_facilities_20261006T160916Z.json,32003,Clark,1
784,"Kanobe, LLC",US,WA,Bothell,3301 Monte Villa Parkway Suite 125,,47.779371,-122.190511,ok,47.779371,-122.190511,,peeringdb_us_facilities_20261006T160916Z.json,53061,Snohomish,1
799,LightEdge San Diego 1 (SAN1),US,CA,San Diego,9305 Lightwave Ave,,32.828068,-117.129906,ok,32.828068,-117.129906,,peeringdb_us_facilities_20261006T160916Z.json,06073,San Diego,1
800,LightEdge San Diego 2 (SAN2),US,CA,San Diego,9725 Scranton Rd,,32.897149,-117.20105,ok,32.897149,-117.20105,,peeringdb_us_facilities_20261006T160916Z.json,06073,San Diego,1
803,Cologix MIN1,US,MN,Minneapolis,511 11th Ave S Ste 100,,44.971408,-93.25458,ok,44.971408,-93.25458,,peeringdb_us_facilities_20261006T160916Z.json,27053,Hennepin,1
809,JSLLC Bozeman,US,MT,Bozeman,Johnson Building,112 N Black Ave,45.680672,-111.035371,ok,45.680672,-111.035371,,peeringdb_us_facilities_20261006T160916Z.json,30031,Gallatin,1
829,Oak Tower,US,MO,Kansas City,324 E. 11th St.,,39.101138,-94.578927,ok,39.101138,-94.578927,,peeringdb_us_facilities_20261006T160916Z.json,29095,Jackson,1
854,Level(3) Salt Lake City,US,UT,Salt Lake City,572 Delong Street,,40.756316,-111.955031,ok,40.756316,-111.955031,,peeringdb_us_facilities_20261006T160916Z.json,49035,Salt Lake,1
855,XO Salt Lake City IP PoP,US,UT,Salt Lake City,3709 W 800 South,,40.750975,-111.979876,ok,40.750975,-111.979876,,peeringdb_us_facilities_20261006T160916Z.json,49035,Salt Lake,1
865,NASA Moffet Field,US,CA,Mountain View,Building N254,Moffett Field,37.420567,-122.040197,ok,37.420567,-122.040197,,peeringdb_us_facilities_20261006T160916Z.json,06085,Santa Clara,1
895,Quonix Datacenter (2401 Locust St),US,PA,Philadelphia,2401 Locust St,,39.950345,-75.180048,ok,39.950345,-75.180048,,peeringdb_us_facilities_20261006T160916Z.json,42101,Philadelphia,1
908,Digital Realty EWR (100 Delawanna),US,NJ,Clifton,100 Delawanna Avenue,Building 1,40.829926,-74.126752,ok,40.829926,-74.126752,,peeringdb_us_facilities_20261006T160916Z.json,34031,Passaic,1
917,PhoenixNAP,US,AZ,Phoenix,3402 E. University Dr.,,33.41601,-112.009445,ok,33.41601,-112.009445,,peeringdb_us_facilities_20261006T160916Z.json,04013,Maricopa,1
925,Lumen Baltimore,US,MD,Baltimore,300 W Lexington,,39.291768,-76.620065,ok,39.291768,-76.620065,,peeringdb_us_facilities_20261006T160916Z.json,24510,Baltimore,1
940,Equinix AT1 - Atlanta,US,GA,Atlanta,180 Peachtree,2nd and 6th Floors,33.758567,-84.387874,ok,33.758567,-84.387874,,peeringdb_us_facilities_20261006T160916Z.json,13121,Fulton,1
941,Flex Data Center,US,VA,Reston,11513 Sunset Hills Rd,,38.951881,-77.346564,ok,38.951881,-77.346564,,peeringdb_us_facilities_20261006T160916Z.json,51059,Fairfax,1
942,Netriplex,US,NC,Asheville,100 Technology Drive,,35.488137,-82.557785,ok,35.488137,-82.557785,,peeringdb_us_facilities_20261006T160916Z.json,37021,Buncombe,1
966,800 south hope,US,CA,Los Angeles,800 South Hope Street,,34.045995,-118.258993,ok,34.045995,-118.258993,,peeringdb_us_facilities_20261006T160916Z.json,06037,Los Angeles,1
968,Equinix CH3 - Elk Grove,US,IL,Elk Grove Village,1905 Lunt Ave,,42.001171,-87.954882,ok,42.001171,-87.954882,,peeringdb_us_facilities_20261006T160916Z.json,17031,Cook,1
973,Login Tucson,US,AZ,Tucson,1855 N 6th Ave,,32.244939,-110.969165,ok,32.244939,-110.969165,,peeringdb_us_facilities_20261006T160916Z.json,04019,Pima,1
981,QuadraNet DTLA,US,CA,Los Angeles,530 West 6th Street,,34.048428,-118.255186,ok,34.048428,-118.255186,,peeringdb_us_facilities_20261006T160916Z.json,06037,Los Angeles,1
992,801 Main Street - Lenoir,US,NC,Lenoir,801 Main Street NW,,35.922479,-81.54274,ok,35.922479,-81.54274,,peeringdb_us_facilities_20261006T160916Z.json,37027,Caldwell,1
1001,Tonaquint Data Center - Saint George,US,UT,Saint George,1108 W. 1600 S.,,37.081472,-113.607242,ok,37.081472,-113.607242,,peeringdb_us_facilities_20261006T160916Z.json,49053,Washington,1
1003,XO 818 West 7th,US,CA,Los Angeles,818 West 7th Street,,34.04881,-118.259457,ok,34.04881,-118.259457,,peeringdb_us_facilities_20261006T160916Z.json,06037,Los Angeles,1
1004,XO 600 West 7th,US,CA,Los Angeles,600 West 7th Street,,34.047322,-118.25745,ok,34.047322,-118.25745,,peeringdb_us_facilities_20261006T160916Z.json,06037,Los Angeles,1
1020,Digital Fortress (PTL),US,OR,Portland,511 SW 10th ave.,,45.521223,-122.681823,ok,45.521223,-122.681823,,peeringdb_us_facilities_20261006T160916Z.json,41051,Multnomah,1
1021,Level(3) Dallas,US,TX,Dallas,3180 Irving Blvd.,,32.807584,-96.86816,ok,32.807584,-96.86816,,peeringdb_us_facilities_20261006T160916Z.json,48113,Dallas,1
1028,ixColo,US,NY,Buffalo,350 Main St.,,42.884227,-78.875514,ok,42.884227,-78.875514,,peeringdb_us_facilities_20261006T160916Z.json,36029,Erie,1
1038,Level(3) Seattle (Denny Way),US,WA,Seattle,1000 Denny Way,,47.619054,-122.336393,ok,47.619054,-122.336393,,peeringdb_us_facilities_20261006T160916Z.json,53033,King,1
1040,501 Franklin Ave,US,NY,Garden City,501 Franklin Ave,,40.722759,-73.631821,ok,40.722759,-73.631821,,peeringdb_us_facilities_20261006T160916Z.json,36059,Nassau,1
1049,Zayo Networks,US,CO,Louisville,400 Centennial Parkway,,39.964963,-105.165261,ok,39.964963,-105.165261,,peeringdb_us_facilities_20261006T160916Z.json,08013,Boulder,1
1060,SBA Edge - Jacksonville (JAX),US,FL,Jacksonville,421 W Church Street,,30.331375,-81.662322,ok,30.331375,-81.662322,,peeringdb_us_facilities_20261006T160916Z.json,12031,Duval,1
1069,Level(3) Kansas City,US,MO,Kansas City,1100 Walnut Street,,39.100517,-94.582419,ok,39.100517,-94.582419,,peeringdb_us_facilities_20261006T160916Z.json,29095,Jackson,1
1078,801 Tenth Street Modesto (Ayera),US,CA,Modesto,801 Tenth Street,,37.638551,-120.998503,ok,37.638551,-120.998503,,peeringdb_us_facilities_20261006T160916Z.json,06099,Stanislaus,1
1080,500 Green (AKA VOLICO 2.0),US,FL,Deerfield,500 Green Rd.,,26.289687,-80.130014,ok,26.289687,-80.130014,,peeringdb_us_facilities_20261006T160916Z.json,12011,Broward,1
1096,Level(3) Los Angeles,US,CA,Los Angeles,818 W 7th St,,34.048741,-118.25956,ok,34.048741,-118.25956,,peeringdb_us_facilities_20261006T160916Z.json,06037,Los Angeles,1
1101,Digital Realty SJC (2220 De La Cruz Blvd),US,CA,Santa Clara,2220 De La Cruz Blvd,,37.361768,-121.943773,ok,37.361768,-121.943773,,peeringdb_us_facilities_20261006T160916Z.json,06085,Santa Clara,1
1102,Vantage Data Centers (Santa Clara),US,CA,Santa Clara,2625 Walsh Ave,,37.372595,-121.973508,ok,37.372595,-121.973508,,peeringdb_us_facilities_20261006T160916Z.json,06085,Santa Clara,1
1110,RagingWire CA1 - NTT,US,CA,Sacramento,1200 Striker Avenue,,38.650318,-121.489184,ok,38.650318,-121.489184,,peeringdb_us_facilities_20261006T160916Z.json,06067,Sacramento,1
1111,RagingWire CA2 - NTT,US,CA,Sacramento,1312 Striker Avenue,,38.650382,-121.49192,ok,38.650382,-121.49192,,peeringdb_us_facilities_20261006T160916Z.json,06067,Sacramento,1
1112,RagingWire VA1 - NTT,US,VA,Ashburn,44664 Guilford Drive,,39.022561,-77.455012,ok,39.022561,-77.455012,,peeringdb_us_facilities_20261006T160916Z.json,51107,Loudoun,1
1115,"232 20th St NW, East Grand Forks",US,MN,East Grand Forks,232 20th St NW,,47.945477,-97.022654,ok,47.945477,-97.022654,,peeringdb_us_facilities_20261006T160916Z.json,27119,Polk,1
1136,IUPUI Informatics & Communications Technology Complex,US,IN,Indianapolis,535 W. Michigan St,,39.77382,-86.167904,ok,39.77382,-86.167904,,peeringdb_us_facilities_20261006T160916Z.json,18097,Marion,1
1142,INdigital,US,IN,Fort Wayne,5312 W. Washington Center,,41.132672,-85.211021,ok,41.132672,-85.211021,,peeringdb_us_facilities_20261006T160916Z.json,18003,Allen,1
1152,Syringa Networks Boise,US,ID,Boise,3795 S. Development Ave,,43.567545,-116.207057,ok,43.567545,-116.207057,,peeringdb_us_facilities_20261006T160916Z.json,16001,Ada,1
1155,SupraNet Communications Madison,US,WI,Madison,8000 Excelsior Drive,,43.075606,-89.524364,ok,43.075606,-89.524364,,peeringdb_us_facilities_20261006T160916Z.json,55025,Dane,1
1177,QTS Piscataway (PNJ1),US,NJ,Piscataway,101 Possumtown Road,,40.556905,-74.484735,ok,40.556905,-74.484735,,peeringdb_us_facilities_20261006T160916Z.json,34023,Middlesex,1
1183,I2B SAN02,US,CA,San Diego,8830 Complex Dr,,32.830414,-117.136849,ok,32.830414,-117.136849,,peeringdb_us_facilities_20261006T160916Z.json,06073,San Diego,1
1184,I2B SAN01,US,CA,San Diego,8971 Complex Dr,,32.830139,-117.13445,ok,32.830139,-117.13445,,peeringdb_us_facilities_20261006T160916Z.json,06073,San Diego,1
1205,USNAMES-NET,US,DE,Wilmington,3422 Old Capitol Trl,,39.730981,-75.627882,ok,39.730981,-75.627882,,peeringdb_us_facilities_20261006T160916Z.json,10003,New Castle,1
1221,Level(3) Denver,US,CO,Denver,1850 Pearl,,39.745119,-104.979669,ok,39.745119,-104.979669,,peeringdb_us_facilities_20261006T160916Z.json,08031,Denver,1
1223,DataBank Ashburn (IAD1),US,VA,Ashburn,21635 Red Rum Dr.,,39.015966,-77.48158,ok,39.015966,-77.48158,,peeringdb_us_facilities_20261006T160916Z.json,51107,Loudoun,1
1227,Fireline Data Center,US,CA,Los Angeles,5900 Wilshire Blvd,,34.062122,-118.358612,ok,34.062122,-118.358612,,peeringdb_us_facilities_20261006T160916Z.json,06037,Los Angeles,1
1229,CoreSite - Denver (DE2),US,CO,Denver,"639 E. 18th Ave., Suite 160",,39.744922,-104.97913,ok,39.744922,-104.97913,,peeringdb_us_facilities_20261006T160916Z.json,08031,Denver,1
1231,TierPoint Tulsa-Archer,US,OK,Tulsa,322 E. Archer,,36.158798,-95.988577,ok,36.158798,-95.988577,,peeringdb_us_facilities_20261006T160916Z.json,40143,Tulsa,1
1238,321 S Boston Ave,US,OK,Tulsa,321 S. Boston Ave. Suite LL06,,36.153266,-95.989196,ok,36.153266,-95.989196,,peeringdb_us_facilities_20261006T160916Z.json,40143,Tulsa,1
1271,"Equinix MI3 - Miami, Boca Raton",US,FL,Boca Raton,4680 Conference Way South,,26.387989,-80.108267,ok,26.387989,-80.108267,,peeringdb_us_facilities_20261006T160916Z.json,12099,Palm Beach,1
1272,Telehouse - New York Chelsea,US,NY,New York,85 10th Avenue,,40.743209,-74.007954,ok,40.743209,-74.007954,,peeringdb_us_facilities_20261006T160916Z.json,36061,New York,1
1291,INOC Albany (80 State St),US,NY,Albany,80 State Street,,42.649364,-73.75268,ok,42.649364,-73.75268,,peeringdb_us_facilities_20261006T160916Z.json,36001,Albany,1
1293,Colo@34 (Downtown),US,GA,Atlanta,34 Peachtree Street,,33.754975,-84.389635,ok,33.754975,-84.389635,,peeringdb_us_facilities_20261006T160916Z.json,13121,Fulton,1
1294,Level(3) Memphis,US,TN,Memphis,3993 Crowfarn Drive,,35.028826,-89.930755,ok,35.028826,-89.930755,,peeringdb_us_facilities_20261006T160916Z.json,47157,Shelby,1
1297,Fiberhub LAS1,US,NV,Las Vegas,1110 Palms Airport Dr,,36.066019,-115.138297,ok,36.066019,-115.138297,,peeringdb_us_facilities_20261006T160916Z.json,32003,Clark,1
1309,Hivelocity,US,FL,Tampa,8010 Woodland Center Blvd suite 700,,28.01989,-82.52466,ok,28.01989,-82.52466,,peeringdb_us_facilities_20261006T160916Z.json,12057,Hillsborough,1
1327,NP Rochester,US,MN,Rochester,220 S Broadway,,44.020868,-92.462576,ok,44.020868,-92.462576,,peeringdb_us_facilities_20261006T160916Z.json,27109,Olmsted,1
1328,DataCenter.BZ - Worthington-Columbus,US,OH,Worthington,535-575 Scherers Ct.,,40.115838,-83.00176,ok,40.115838,-83.00176,,peeringdb_us_facilities_20261006T160916Z.json,39049,Franklin,1
1334,Duluth Missabe,US,MN,Duluth,227 W 1st Street,,46.785022,-92.103083,ok,46.785022,-92.103083,,peeringdb_us_facilities_20261006T160916Z.json,27137,St. Louis,1
1335,XMission - Salt Lake City - Utah,US,UT,Salt Lake City,67 E 400 S,,40.7609,-111.888856,ok,40.7609,-111.888856,,peeringdb_us_facilities_20261006T160916Z.json,49035,Salt Lake,1
1337,CoreSite - Atlanta (AT1),US,GA,Atlanta,55 Marietta Street,Suites 570 & 800,33.755801,-84.390928,ok,33.755801,-84.390928,,peeringdb_us_facilities_20261006T160916Z.json,13121,Fulton,1
1348,EvoSwitch WDC1,US,VA,Manassas,9651 Hornbaker Road,,38.747494,-77.531749,ok,38.747494,-77.531749,,peeringdb_us_facilities_20261006T160916Z.json,51153,Prince William,1
1380,Digital Realty IAD (44521 Hastings),US,VA,Ashburn,44521 Hastings Drive,,39.020131,-77.463206,ok,39.020131,-77.463206,,peeringdb_us_facilities_20261006T160916Z.json,51107,Loudoun,1
1381,Digital Realty IAD (44461 Chilum),US,VA,Ashburn,44461 Chilum Place,,39.021133,-77.463564,ok,39.021133,-77.463564,,peeringdb_us_facilities_20261006T160916Z.json,51107,Loudoun,1
1382,Digital Realty DFW (1232 Alma),US,TX,Richardson,1232 Alma Rd.,,32.966309,-96.715602,ok,32.966309,-96.715602,,peeringdb_us_facilities_20261006T160916Z.json,48113,Dallas,1
1384,Digital Realty CH1 - Chicago,US,IL,Elk Grove Village,2200 Busse Rd.,,41.994269,-87.962053,ok,41.994269,-87.962053,,peeringdb_us_facilities_20261006T160916Z.json,17031,Cook,1
1389,Rackspace Dallas Grapevine (DFW1),US,TX,Grapevine,801 Industrial Blvd.,,32.929191,-97.104853,ok,32.929191,-97.104853,,peeringdb_us_facilities_20261006T160916Z.json,48439,Tarrant,1
1405,Carolina Internet / CaroNet XB,US,NC,Charlotte,1960 Cross Beam Drive,,35.179019,-80.932278,ok,35.179019,-80.932278,,peeringdb_us_facilities_20261006T160916Z.json,37119,Mecklenburg,1
1411,Westelcom Networks Watertown,US,NY,Watertown,130 Park Place,,43.974742,-75.913547,ok,43.974742,-75.913547,,peeringdb_us_facilities_20261006T160916Z.json,36045,Jefferson,1
1412,Westelcom Networks Plattsburgh,US,NY,Plattsburgh,24 Margaret Street,,44.696433,-73.452937,ok,44.696433,-73.452937,,peeringdb_us_facilities_20261006T160916Z.json,36019,Clinton,1
1419,Fusion - Cleveland,US,OH,Cleveland,1621 Euclid Ave,,41.501689,-81.680462,ok,41.501689,-81.680462,,peeringdb_us_facilities_20261006T160916Z.json,39035,Cuyahoga,1
1420,Datacenter.BZ,US,OH,Columbus,535 Scherers Court,,40.115757,-83.002414,ok,40.115757,-83.002414,,peeringdb_us_facilities_20261006T160916Z.json,39049,Franklin,1
1422,DataBank New York (LGA1),US,NY,New York,60 Hudson St,,40.717664,-74.008333,ok,40.717664,-74.008333,,peeringdb_us_facilities_20261006T160916Z.json,36061,New York,1
1423,Crown Castle Pittsburgh (Allegheny Center Mall),US,PA,Pittsburgh,100 South Commons,,40.451062,-80.005186,ok,40.451062,-80.005186,,peeringdb_us_facilities_20261006T160916Z.json,42003,Allegheny,1
1440,1500 Champa,US,CO,Denver,1500 Champa St,,39.745765,-104.994399,ok,39.745765,-104.994399,,peeringdb_us_facilities_20261006T160916Z.json,08031,Denver,1
1452,ColoCenter.com - Manchester NH,US,NH,Manchester,77 Sundial Avenue,,42.971981,-71.468877,ok,42.971981,-71.468877,,peeringdb_us_facilities_20261006T160916Z.json,33011,Hillsborough,1
1454,Implex Minneapolis,US,MN,Minneapolis,1229 NE 2nd St,,45.000634,-93.265888,ok,45.000634,-93.265888,,peeringdb_us_facilities_20261006T160916Z.json,27053,Hennepin,1
1460,IPR Wilmington CCC,US,DE,Wilmington,1201 N Market Street,,39.747859,-75.546753,ok,39.747859,-75.546753,,peeringdb_us_facilities_20261006T160916Z.json,10003,New Castle,1
1467,CyrusOne Cincinnati 7th St,US,OH,Cincinnati,209-229 West 7th St,,39.102771,-84.517262,ok,39.102771,-84.517262,,peeringdb_us_facilities_20261006T160916Z.json,39061,Hamilton,1
1468,CyrusOne Lebanon,US,OH,Lebanon,401 Fujitec Drive,,39.389053,-84.220796,ok,39.389053,-84.220796,,peeringdb_us_facilities_20261006T160916Z.json,39165,Warren,1
1469,CyrusOne Florence,US,KY,Florence,7190 Industrial Road,,38.98065,-84.618707,ok,38.98065,-84.618707,,peeringdb_us_facilities_20261006T160916Z.json,21015,Boone,1
1470,CyrusOne Mason,US,OH,Mason,4800 Parkway Dr suite 100,,39.303887,-84.311636,ok,39.303887,-84.311636,,peeringdb_us_facilities_20261006T160916Z.json,39165,Warren,1
1471,CyrusOne Hamilton,US,OH,Hamilton,103 Knightsbridge Dr,,39.386313,-84.567161,ok,39.386313,-84.567161,,peeringdb_us_facilities_20261006T160916Z.json,39017,Butler,1
1475,Databank Houston Galleria (HOU5),US,TX,Houston,4201 Southwest Freeway,,29.728119,-95.445075,ok,29.728119,-95.445075,,peeringdb_us_facilities_20261006T160916Z.json,48201,Harris,1
1476,Databank Houston West (HOU1) (HOU2),US,TX,Houston,5150 & 5170 Westway Park Blvd,,29.844182,-95.556656,ok,29.844182,-95.556656,,peeringdb_us_facilities_20261006T160916Z.json,48201,Harris,1
1478,CyrusOne Dallas (Lewisville),US,TX,Lewisville,2501 S. State Hwy 121 Business  Suite 500 (Bldg #5),,33.001402,-96.99766,ok,33.001402,-96.99766,,peeringdb_us_facilities_20261006T160916Z.json,48121,Denton,1
1481,CyrusOne Dallas (Carrollton),US,TX,Carrollton,1649 Frankford Rd. West,,32.991929,-96.930465,ok,32.991929,-96.930465,,peeringdb_us_facilities_20261006T160916Z.json,48121,Denton,1
1483,CyrusOne Austin (Met 2),US,TX,Austin,"7301 Metropolis Drive, Bldg #6",,30.205925,-97.69791,ok,30.205925,-97.69791,,peeringdb_us_facilities_20261006T160916Z.json,48453,Travis,1
1484,CyrusOne San Antonio,US,TX,San Antonio,9999 Westover Hills Blvd,,29.46661,-98.688078,ok,29.46661,-98.688078,,peeringdb_us_facilities_20261006T160916Z.json,48029,Bexar,1
1486,CyrusOne Chicago (Lombard),US,IL,Lombard,1850 Springer Drive,,41.849175,-88.029567,ok,41.849175,-88.029567,,peeringdb_us_facilities_20261006T160916Z.json,17043,DuPage,1
1488,CyrusOne Phoenix,US,AZ,Phoenix,2335 South Ellis Road,,33.270744,-111.882056,ok,33.270744,-111.882056,,peeringdb_us_facilities_20261006T160916Z.json,04013,Maricopa,1
1496,200 Quannapowitt Pkwy,US,MA,Wakefield,200 Quannapowitt Pkwy,,42.520526,-71.084976,ok,42.520526,-71.084976,,peeringdb_us_facilities_20261006T160916Z.json,25017,Middlesex,1
1513,Bay Area Internet,US,CA,Santa Clara,2050 Martin Ave,,37.365431,-121.961738,ok,37.365431,-121.961738,,peeringdb_us_facilities_20261006T160916Z.json,06085,Santa Clara,1
1517,60 Hudson,US,NY,New York,60 Hudson St.,,40.717723,-74.008299,ok,40.717723,-74.008299,,peeringdb_us_facilities_20261006T160916Z.json,36061,New York,1
1518,EZ Network Systems,US,CA,Stockton,"4203 Coronado Ave., Suite 4",,37.990788,-121.289822,ok,37.990788,-121.289822,,peeringdb_us_facilities_20261006T160916Z.json,06077,San Joaquin,1
1594,DataBank Las Vegas (LAS1),US,NV,Las Vegas,7185 Pollock Dr,,36.059162,-115.145989,ok,36.059162,-115.145989,,peeringdb_us_facilities_20261006T160916Z.json,32003,Clark,1
1601,Level(3) Newark,US,NJ,Newark,165 Halsey Street,,40.736844,-74.173402,ok,40.736844,-74.173402,,peeringdb_us_facilities_20261006T160916Z.json,34013,Essex,1
1619,CoreSite - Santa Clara (SV4),US,CA,Santa Clara,2972 Stender Way,,37.376259,-121.970705,ok,37.376259,-121.970705,,peeringdb_us_facilities_20261006T160916Z.json,06085,Santa Clara,1
1637,Level(3) Bellevue,US,NE,Bellevue,1514 Chandler Rd,,41.185518,-95.936099,ok,41.185518,-95.936099,,peeringdb_us_facilities_20261006T160916Z.json,31153,Sarpy,1
1644,Level(3) Hayward,US,CA,Hayward,23965 Connecticut St,,37.638508,-122.129908,ok,37.638508,-122.129908,,peeringdb_us_facilities_20261006T160916Z.json,06001,Alameda,1
1663,Parsec,US,MT,Billings,3450 Gabel Rd,,45.742945,-108.602984,ok,45.742945,-108.602984,,peeringdb_us_facilities_20261006T160916Z.json,30111,Yellowstone,1
1668,OneNet OSU Tulsa,US,OK,Tulsa,700 N. Greenwood,,36.163393,-95.987612,ok,36.163393,-95.987612,,peeringdb_us_facilities_20261006T160916Z.json,40143,Tulsa,1
1669,ARE-ON Hope,US,AR,Hope,358 Hwy 174 N,,33.664742,-93.600378,ok,33.664742,-93.600378,,peeringdb_us_facilities_20261006T160916Z.json,05057,Hempstead,1
1670,ARE-ON Forrest City,US,AR,Forrest City,1802 New Castle Road,,35.040103,-90.768064,ok,35.040103,-90.768064,,peeringdb_us_facilities_20261006T160916Z.json,05123,St. Francis,1
1671,CoreSite - Secaucus (NY2),US,NJ,Secaucus,2 Emerson Lane,,40.784501,-74.065119,ok,40.784501,-74.065119,,peeringdb_us_facilities_20261006T160916Z.json,34017,Hudson,1
1690,"375 Pearl, Intergate.Manhattan",US,NY,New York,375 Pearl,,40.71096,-74.00142,ok,40.71096,-74.00142,,peeringdb_us_facilities_20261006T160916Z.json,36061,New York,1
1698,Sungard AS Sacramento,US,CA,Rancho Cordova,11085 Sun Center Drive,,38.596081,-121.272635,ok,38.596081,-121.272635,,peeringdb_us_facilities_20261006T160916Z.json,06067,Sacramento,1
1701,SITCO Evansville,US,IN,Evansville,4631 Ohara Dr.,,38.019934,-87.521467,ok,38.019934,-87.521467,,peeringdb_us_facilities_20261006T160916Z.json,18163,Vanderburgh,1
1707,Northwestern University co-location facility,US,IL,Chicago,710 N. Lake Shore Drive,,41.895233,-87.616861,ok,41.895233,-87.616861,,peeringdb_us_facilities_20261006T160916Z.json,17031,Cook,1
1712,InfoBunker,US,IA,Boone,308 T ave,Bldg #2,42.164903,-93.794162,ok,42.164903,-93.794162,,peeringdb_us_facilities_20261006T160916Z.json,19015,Boone,1
1718,DataBank Miami (MIA1),US,FL,Miami,36 NE 2nd Street,,25.775811,-80.192959,ok,25.775811,-80.192959,,peeringdb_us_facilities_20261006T160916Z.json,12086,Miami-Dade,1
1720,Data Foundry Texas 1,US,TX,Austin,4100 Smith School Road,,30.198926,-97.713716,ok,30.198926,-97.713716,,peeringdb_us_facilities_20261006T160916Z.json,48453,Travis,1
1721,Level(3) Austin (Kramer),US,TX,Austin,1825-A Kramer Ln,,30.385034,-97.70922,ok,30.385034,-97.70922,,peeringdb_us_facilities_20261006T160916Z.json,48453,Travis,1
1722,Alpheus Houston (777 Walker Street),US,TX,Houston,Two Shell Plaza,777 Walker Street,29.75922,-95.366246,ok,29.75922,-95.366246,,peeringdb_us_facilities_20261006T160916Z.json,48201,Harris,1
1724,CLT2,US,NC,Charlotte,3101 International Airport Dr.,,35.193762,-80.938485,ok,35.193762,-80.938485,,peeringdb_us_facilities_20261006T160916Z.json,37119,Mecklenburg,1
1727,"SBA Edge, LLC",US,IL,Chicago,603 Discovery Dr.,West Chicago,41.875948,-88.248975,ok,41.875948,-88.248975,,peeringdb_us_facilities_20261006T160916Z.json,17043,DuPage,1
1729,Level(3) Atlanta (Peachtree),US,GA,Atlanta,180 Peachtree St NW,,33.758573,-84.387873,ok,33.758573,-84.387873,,peeringdb_us_facilities_20261006T160916Z.json,13121,Fulton,1
1730,Level(3) Chicago (Kingsbury),US,IL,Chicago,900 N Kingsbury St,,41.898951,-87.644642,ok,41.898951,-87.644642,,peeringdb_us_facilities_20261006T160916Z.json,17031,Cook,1
1731,Level(3) Miami (5th St),US,FL,Miami,49 NE 5th St,,25.779013,-80.192962,ok,25.779013,-80.192962,,peeringdb_us_facilities_20261006T160916Z.json,12086,Miami-Dade,1
1732,Level(3) Herndon,US,VA,Herndon,520 Van Buren Street,,38.964641,-77.382947,ok,38.964641,-77.382947,,peeringdb_us_facilities_20261006T160916Z.json,51059,Fairfax,1
1733,Level(3) McLean,US,VA,McLean,1755 Old Meadow Rd,,38.920062,-77.212126,ok,38.920062,-77.212126,,peeringdb_us_facilities_20261006T160916Z.json,51059,Fairfax,1
1736,Digital Realty New Jersey EWR10 (closed),US,NJ,Weehawken,300 Boulevard East,,40.761802,-74.025183,ok,40.761802,-74.025183,,peeringdb_us_facilities_20261006T160916Z.json,34017,Hudson,1
1738,DataBank Dallas (DFW6),US,TX,Dallas,8600 Harry Hines Blvd,,32.838552,-96.865083,ok,32.838552,-96.865083,,peeringdb_us_facilities_20261006T160916Z.json,48113,Dallas,1
1739,HSW-DC1RH,US,SC,Rock Hill,420 Dave Lyle Blvd.,,34.92958,-81.021841,ok,34.92958,-81.021841,,peeringdb_us_facilities_20261006T160916Z.json,45091,York,1
1751,LightPoint Corporation,US,OR,Portland,625 SW Stark St.,,45.521436,-122.677878,ok,45.521436,-122.677878,,peeringdb_us_facilities_20261006T160916Z.json,41051,Multnomah,1
1754,IC2NET Data Center,US,CA,Tustin,14351 Myford Rd,,33.717178,-117.803253,ok,33.717178,-117.803253,,peeringdb_us_facilities_20261006T160916Z.json,06059,Orange,1
1759,Northland Communications - Syracuse,US,NY,Syracuse,500 South Salina Street,,43.043813,-76.152378,ok,43.043813,-76.152378,,peeringdb_us_facilities_20261006T160916Z.json,36067,Onondaga,1
1760,Northland Communications - Utica,US,NY,Utica,258 Genesee St,,43.099765,-75.235426,ok,43.099765,-75.235426,,peeringdb_us_facilities_20261006T160916Z.json,36065,Oneida,1
1769,NYI NY1 (100 William Street),US,NY,New York,100 William Street,,40.708383,-74.007201,ok,40.708383,-74.007201,,peeringdb_us_facilities_20261006T160916Z.json,36061,New York,1
1776,Host Color,US,NY,New York,244 Fifth Ave,,40.74463,-73.987667,ok,40.74463,-73.987667,,peeringdb_us_facilities_20261006T160916Z.json,36061,New York,1
1816,H5 Data Centers New York,US,NY,New York,325 Hudson Street,,40.726868,-74.007703,ok,40.726868,-74.007703,,peeringdb_us_facilities_20261006T160916Z.json,36061,New York,1
1819,DataBank New York (LGA2),US,NY,New York,111 8th Ave,,40.741469,-74.003387,ok,40.741469,-74.003387,,peeringdb_us_facilities_20261006T160916Z.json,36061,New York,1
1820,DataBank Newark (EWR1),US,NJ,Newark,165 Halsey St,,40.736844,-74.173402,ok,40.736844,-74.173402,,peeringdb_us_facilities_20261006T160916Z.json,34013,Essex,1
1828,WOW! Business (Columbus Datacenter),US,OH,Columbus,226 North 5th Street,,39.967631,-82.995434,ok,39.967631,-82.995434,,peeringdb_us_facilities_20261006T160916Z.json,39049,Franklin,1
1835,DC74-CLT1,US,NC,Charlotte,3100 International Airport Dr,,35.193902,-80.937263,ok,35.193902,-80.937263,,peeringdb_us_facilities_20261006T160916Z.json,37119,Mecklenburg,1
1836,DC74-CLT4,US,NC,Charlotte,1612 Cross Beam Dr.,,35.180076,-80.92639,ok,35.180076,-80.92639,,peeringdb_us_facilities_20261006T160916Z.json,37119,Mecklenburg,1
1837,612 W Main,US,WI,Madison,612 W Main St.,,43.06776,-89.392409,ok,43.06776,-89.392409,,peeringdb_us_facilities_20261006T160916Z.json,55025,Dane,1
1841,Telefonica KeyCenter,US,FL,Miami,11300 NW 25th Street,,25.796769,-80.379841,ok,25.796769,-80.379841,,peeringdb_us_facilities_20261006T160916Z.json,12086,Miami-Dade,1
1842,Evocative SJC11,US,CA,Santa Clara,2151 Mission College Blvd,,37.389466,-121.962115,ok,37.389466,-121.962115,,peeringdb_us_facilities_20261006T160916Z.json,06085,Santa Clara,1
1866,DataBank Seattle (SEA1),US,WA,Seattle,2001 6th Ave,,47.614347,-122.338883,ok,47.614347,-122.338883,,peeringdb_us_facilities_20261006T160916Z.json,53033,King,1
1875,EdgeConneX Denver (EDCDEN01),US,CO,Englewood,8535 Highfield Pkwy,,39.561073,-104.826671,ok,39.561073,-104.826671,,peeringdb_us_facilities_20261006T160916Z.json,08035,Douglas,1
1878,Digital Realty IAD (43940 Digital Loudoun),US,VA,Ashburn,43940 Digital Loudoun Plaza,Building G,39.000821,-77.479198,ok,39.000821,-77.479198,,peeringdb_us_facilities_20261006T160916Z.json,51107,Loudoun,1
1880,QTS Phoenix (PHX1),US,AZ,Phoenix,120 E Van Buren St,,33.452003,-112.072042,ok,33.452003,-112.072042,,peeringdb_us_facilities_20261006T160916Z.json,04013,Maricopa,1
1895,Montana Opticom,US,MT,Bozeman,144 Quail Run Road,,45.673641,-111.19004,ok,45.673641,-111.19004,,peeringdb_us_facilities_20261006T160916Z.json,30031,Gallatin,1
1896,Iron Mountain Data Center - Denver (DEN-1),US,CO,Denver,4300 Brighton Boulevard,,39.777353,-104.968212,ok,39.777353,-104.968212,,peeringdb_us_facilities_20261006T160916Z.json,08031,Denver,1
1910,EdgeConneX Houston (EDCHOU01),US,TX,Katy,1510 Primewest Parkway,,29.794579,-95.745149,ok,29.794579,-95.745149,,peeringdb_us_facilities_20261006T160916Z.json,48201,Harris,1
1916,NEGMA Datacenter,US,TX,Farmers Branch,4215 N. Beltwood Parkway,,32.949582,-96.837348,ok,32.949582,-96.837348,,peeringdb_us_facilities_20261006T160916Z.json,48113,Dallas,1
1917,EdgeConneX Phoenix (EDCPHX01),US,AZ,Tempe,3011 S. 52nd St,,33.395544,-111.97012,ok,33.395544,-111.97012,,peeringdb_us_facilities_20261006T160916Z.json,04013,Maricopa,1
1918,EdgeConneX Las Vegas (EDCLAS01),US,NV,Las Vegas,1541 Pama Ln,,36.065272,-115.130816,ok,36.065272,-115.130816,,peeringdb_us_facilities_20261006T160916Z.json,32003,Clark,1
1921,EdgeConneX Norfolk (EDCNOR01),US,VA,Norfolk,3800 Village Ave,,36.86186,-76.235342,ok,36.86186,-76.235342,,peeringdb_us_facilities_20261006T160916Z.json,51710,Norfolk,1
1922,EdgeConneX Portland (EDCPOR01),US,OR,Hillsboro,6327 NE Evergreen Parkway,Building C,45.548296,-122.907473,ok,45.548296,-122.907473,,peeringdb_us_facilities_20261006T160916Z.json,41067,Washington,1
1923,EdgeConneX Miami (EDCMIA01),US,FL,Miami,2132 NW 114th Ave,,25.793016,-80.38119,ok,25.793016,-80.38119,,peeringdb_us_facilities_20261006T160916Z.json,12086,Miami-Dade,1
1924,EdgeConneX Nashville (EDCNAS01),US,TN,Nashville,1841 Air Lane Dr,Building 3,36.144881,-86.701721,ok,36.144881,-86.701721,,peeringdb_us_facilities_20261006T160916Z.json,47037,Davidson,1
1925,EdgeConneX Pittsburgh (EDCPIT01),US,PA,Pittsburgh,282 Corliss St,,40.452221,-80.041515,ok,40.452221,-80.041515,,peeringdb_us_facilities_20261006T160916Z.json,42003,Allegheny,1
1926,EdgeConneX Sacramento (EDCSAC01),US,CA,Rancho Cordova,10980 Gold Center Dr,,38.592346,-121.277389,ok,38.592346,-121.277389,,peeringdb_us_facilities_20261006T160916Z.json,06067,Sacramento,1
1927,EdgeConneX Detroit (EDCDET01),US,MI,Southfield,21005 Lahser Rd,Bldg 4,42.448537,-83.261226,ok,42.448537,-83.261226,,peeringdb_us_facilities_20261006T160916Z.json,26125,Oakland,1
1928,EdgeConneX San Diego (EDCSDG01),US,CA,San Diego,5761 Copley Dr,,32.84049,-117.168374,ok,32.84049,-117.168374,,peeringdb_us_facilities_20261006T160916Z.json,06073,San Diego,1
1929,EdgeConneX Atlanta (EDCATL01),US,GA,Atlanta,1003 Donnelly Ave SW,,33.729369,-84.420099,ok,33.729369,-84.420099,,peeringdb_us_facilities_20261006T160916Z.json,13121,Fulton,1
1930,EdgeConneX Memphis (EDCMEM01),US,TN,Memphis,4005 S Mendenhall Rd,,35.038995,-89.88623,ok,35.038995,-89.88623,,peeringdb_us_facilities_20261006T160916Z.json,47157,Shelby,1
1938,CME Cermak,US,IL,Chicago,350 East Cermak Road,,41.85365,-87.618342,ok,41.85365,-87.618342,,peeringdb_us_facilities_20261006T160916Z.json,17031,Cook,1
1941,Lifeline Eastgate,US,IN,Indianapolis,401 N Shadeland Ave.,,39.775998,-86.04275,ok,39.775998,-86.04275,,peeringdb_us_facilities_20261006T160916Z.json,18097,Marion,1
1946,Cologix JAX1,US,FL,Jacksonville,421 W. Church St.,,30.331403,-81.66242,ok,30.331403,-81.66242,,peeringdb_us_facilities_20261006T160916Z.json,12031,Duval,1
1947,Digital Realty MIA (36 NE 2nd St),US,FL,Miami,36 NE 2nd Street,,25.775811,-80.192959,ok,25.775811,-80.192959,,peeringdb_us_facilities_20261006T160916Z.json,12086,Miami-Dade,1
1948,Level(3) Boise,US,ID,Boise,435 W. McGregor Dr.,,43.56619,-116.185889,ok,43.56619,-116.185889,,peeringdb_us_facilities_20261006T160916Z.json,16001,Ada,1
1955,South Reach Networks,US,FL,Miami,36 NE 2nd St.,,25.775869,-80.193129,ok,25.775869,-80.193129,,peeringdb_us_facilities_20261006T160916Z.json,12086,Miami-Dade,1
1972,"LogInToUs, Inc.",US,NY,Malone,234 Park Street,,44.861059,-74.294006,ok,44.861059,-74.294006,,peeringdb_us_facilities_20261006T160916Z.json,36033,Franklin,1
1976,MDC McAllen,US,TX,McAllen,422 S 11th St,200 S 10th St,26.201918,-98.231633,ok,26.201918,-98.231633,,peeringdb_us_facilities_20261006T160916Z.json,48215,Hidalgo,1
1977,Laredo VTX,US,TX,Laredo,520 Matamoros,,27.50656,-99.501483,ok,27.50656,-99.501483,,peeringdb_us_facilities_20261006T160916Z.json,48479,Webb,1
1978,Netrality St. Louis - 210 N Tucker,US,MO,St. Louis,210 N Tucker - Netrality Data Center Meet Me Room,210 N Tucker Boulevard,38.629332,-90.197305,ok,38.629332,-90.197305,,peeringdb_us_facilities_20261006T160916Z.json,29510,St. Louis,1
1983,Level(3) Nashville (9th Ave),US,TN,Nashville,2208 9th Ave N,,36.189148,-86.804111,ok,36.189148,-86.804111,,peeringdb_us_facilities_20261006T160916Z.json,47037,Davidson,1
2010,Iron Mountain Data Center - Ohio (OHS-1),US,OH,Miamisburg,3366 S Tech Blvd,,39.591093,-84.236385,ok,39.591093,-84.236385,,peeringdb_us_facilities_20261006T160916Z.json,39113,Montgomery,1
2011,Iron Mountain Data Center - New Jersey (NJE-1),US,NJ,Edison,3003 Woodbridge Ave,,40.521083,-74.347384,ok,40.521083,-74.347384,,peeringdb_us_facilities_20261006T160916Z.json,34023,Middlesex,1
2013,Evocative Emeryville (EM1),US,CA,Emeryville,1400 65th Street,,37.847054,-122.293028,ok,37.847054,-122.293028,,peeringdb_us_facilities_20261006T160916Z.json,06001,Alameda,1
2014,365 Data Centers New York (NY10),US,NY,New York,65 Broadway,,40.707335,-74.012583,ok,40.707335,-74.012583,,peeringdb_us_facilities_20261006T160916Z.json,36061,New York,1
2015,365 Data Centers Philadelphia (PH2),US,PA,Philadelphia,3701 Market St,,39.956611,-75.196511,ok,39.956611,-75.196511,,peeringdb_us_facilities_20261006T160916Z.json,42101,Philadelphia,1
2018,Netrality - Indy Telcom Center - 701 W. Henry,US,IN,Indianapolis,701 W. Henry St.,,39.759534,-86.170711,ok,39.759534,-86.170711,,peeringdb_us_facilities_20261006T160916Z.json,18097,Marion,1
2021,365 Data Centers Detroit (DT1),US,MI,Southfield,24660 Lahser Road,,42.469879,-83.259651,ok,42.469879,-83.259651,,peeringdb_us_facilities_20261006T160916Z.json,26125,Oakland,1
2033,Wintek Corporation,US,IN,Lafayette,427 N 6th St,,40.421474,-86.890366,ok,40.421474,-86.890366,,peeringdb_us_facilities_20261006T160916Z.json,18157,Tippecanoe,1
2034,NETRIX - MTP,US,IL,Mount Prospect,1331 E Business Center Drive,,42.078163,-87.915633,ok,42.078163,-87.915633,,peeringdb_us_facilities_20261006T160916Z.json,17031,Cook,1
2035,NETRIX - ALSIP,US,IL,Alsip,12620 S Holiday Drive,,41.662716,-87.746531,ok,41.662716,-87.746531,,peeringdb_us_facilities_20261006T160916Z.json,17031,Cook,1
2036,NETRIX - BBN,US,IL,Bannockburn,2801 Lakeside Drive,,42.202902,-87.883783,ok,42.202902,-87.883783,,peeringdb_us_facilities_20261006T160916Z.json,17097,Lake,1
2068,DataBank Philadelphia (PHL1),US,PA,Philadelphia,401 N Broad St,,39.959612,-75.161014,ok,39.959612,-75.161014,,peeringdb_us_facilities_20261006T160916Z.json,42101,Philadelphia,1
2071,Pixel Factory Data Center,US,VA,Ashland,9680 Atlee Commons Dr.,,37.698641,-77.436436,ok,37.698641,-77.436436,,peeringdb_us_facilities_20261006T160916Z.json,51085,Hanover,1
2073,EdgeConneX Boston (EDCBOS01),US,MA,Billerica,22 Linnell Circle,,42.528505,-71.249495,ok,42.528505,-71.249495,,peeringdb_us_facilities_20261006T160916Z.json,25017,Middlesex,1
2074,EdgeConneX Tallahassee (EDCTAL01),US,FL,Tallahassee,1531 Commonwealth Business Dr.,Units 404-408,30.471969,-84.353232,ok,30.471969,-84.353232,,peeringdb_us_facilities_20261006T160916Z.json,12073,Leon,1
2075,EdgeConneX Richmond (EDCRIC01),US,VA,Richmond,1450 E Parham Road,,37.638915,-77.467703,ok,37.638915,-77.467703,,peeringdb_us_facilities_20261006T160916Z.json,51087,Henrico,1
2076,EdgeConneX Jacksonville (EDCJAX01),US,FL,Jacksonville,6602 Executive Park Court N,Unit 105,30.254238,-81.604183,ok,30.254238,-81.604183,,peeringdb_us_facilities_20261006T160916Z.json,12031,Duval,1
2077,EdgeConneX Salt Lake City (EDCSLC01),US,UT,Salt Lake City,2302 Presidents Drive,,40.720873,-111.984927,ok,40.720873,-111.984927,,peeringdb_us_facilities_20261006T160916Z.json,49035,Salt Lake,1
2078,EdgeConneX Seattle (EDCSEA01),US,WA,Tukwila,3425 S 116th St,,47.498209,-122.289962,ok,47.498209,-122.289962,,peeringdb_us_facilities_20261006T160916Z.json,53033,King,1
2082,FiberCloud-Westin1809,US,WA,Seattle,2001 6th Avenue,,47.614358,-122.338864,ok,47.614358,-122.338864,,peeringdb_us_facilities_20261006T160916Z.json,53033,King,1
2083,FiberCloud-Westin3205,US,WA,Seattle,2001 6th Avenue,,47.614358,-122.338864,ok,47.614358,-122.338864,,peeringdb_us_facilities_20261006T160916Z.json,53033,King,1
2084,123.NET - DC1 - 24700 Northwestern Hwy.,US,MI,Southfield,24700 Northwestern Hwy.,,42.471634,-83.238056,ok,42.471634,-83.238056,,peeringdb_us_facilities_20261006T160916Z.json,26125,Oakland,1
2086,H5 Data Centers Tampa,US,FL,Tampa,655 North Franklin St,,27.949508,-82.458396,ok,27.949508,-82.458396,,peeringdb_us_facilities_20261006T160916Z.json,12057,Hillsborough,1
2087,H5 Data Centers Buffalo III,US,NY,Buffalo,350 Main Street,,42.88427,-78.875707,ok,42.88427,-78.875707,,peeringdb_us_facilities_20261006T160916Z.json,36029,Erie,1
2096,TierPoint Hawthorne (fka Xand),US,NY,Hawthorne,11 Skyline Drive,,41.088318,-73.815224,ok,41.088318,-73.815224,,peeringdb_us_facilities_20261006T160916Z.json,36119,Westchester,1
2111,Netrality Philadelphia - 401 N Broad,US,PA,Philadelphia,401 N Broad Street - Netrality Data Center Meet Me Room,,39.959889,-75.161752,ok,39.959889,-75.161752,,peeringdb_us_facilities_20261006T160916Z.json,42101,Philadelphia,1
2112,833 Chestnut Street,US,PA,Philadelphia,833 Chestnut Street,,39.949905,-75.154973,ok,39.949905,-75.154973,,peeringdb_us_facilities_20261006T160916Z.json,42101,Philadelphia,1
2113,H5 Data Centers Philadelphia (PA01),US,PA,Philadelphia,"1500 Spring Garden Street, Suite 520",,39.962351,-75.163736,ok,39.962351,-75.163736,,peeringdb_us_facilities_20261006T160916Z.json,42101,Philadelphia,1
2126,SD Data Center,US,FL,Melbourne,8635 Holiday Springs Road,,28.259162,-80.694858,ok,28.259162,-80.694858,,peeringdb_us_facilities_20261006T160916Z.json,12009,Brevard,1
2140,Digital Fortress (SEA),US,WA,Seattle,3101 Western Ave,,47.617781,-122.356693,ok,47.617781,-122.356693,,peeringdb_us_facilities_20261006T160916Z.json,53033,King,1
2142,Digital Fortress (TUK),US,WA,Tukwila,12101 Tukwila International Blvd.,,47.494136,-122.29441,ok,47.494136,-122.29441,,peeringdb_us_facilities_20261006T160916Z.json,53033,King,1
2156,TierPoint Omaha - Midlands,US,NE,Papillion,11425 South 84th Street,,41.134508,-96.039042,ok,41.134508,-96.039042,,peeringdb_us_facilities_20261006T160916Z.json,31153,Sarpy,1
2157,Flexential - Dallas/Downtown (DAL01),US,TX,Dallas,1950 N Stemmons Fwy,,32.800748,-96.819412,ok,32.800748,-96.819412,,peeringdb_us_facilities_20261006T160916Z.json,48113,Dallas,1
2180,CyrusOne NJ-1,US,NJ,Somerset,800 Cottontail Lane,,40.538224,-74.546019,ok,40.538224,-74.546019,,peeringdb_us_facilities_20261006T160916Z.json,34035,Somerset,1
2181,CyrusOne NC-1,US,NC,Durham,2223 NE Creek Parkway,,35.936339,-78.879943,ok,35.936339,-78.879943,,peeringdb_us_facilities_20261006T160916Z.json,37063,Durham,1
2185,Psychz Networks LAX1,US,CA,Los Angeles,700 Wilshire Blvd #200,,34.048684,-118.257528,ok,34.048684,-118.257528,,peeringdb_us_facilities_20261006T160916Z.json,06037,Los Angeles,1
2190,230 Congress,US,MA,Boston,230 Congress St,,42.354552,-71.054087,ok,42.354552,-71.054087,,peeringdb_us_facilities_20261006T160916Z.json,25025,Suffolk,1
2198,DataBank Denver (DEN2),US,CO,Centennial,6900 South Peoria Street,,39.591303,-104.846748,ok,39.591303,-104.846748,,peeringdb_us_facilities_20261006T160916Z.json,08005,Arapahoe,1
2221,Flexential - Phoenix (PHX01),US,AZ,Phoenix,1850 W Deer Valley Rd,,33.684671,-112.098312,ok,33.684671,-112.098312,,peeringdb_us_facilities_20261006T160916Z.json,04013,Maricopa,1
2225,SoVerNet Burlington,US,VT,Burlington,110 Cherry St.,,44.479557,-73.213218,ok,44.479557,-73.213218,,peeringdb_us_facilities_20261006T160916Z.json,50007,Chittenden,1
2249,Simply Bits DC1,US,AZ,Tucson,1300 S Park Ave,,32.205098,-110.956748,ok,32.205098,-110.956748,,peeringdb_us_facilities_20261006T160916Z.json,04019,Pima,1
2250,DataBank Boston (BOS1),US,MA,Boston,1 Summer St,,42.354699,-71.060271,ok,42.354699,-71.060271,,peeringdb_us_facilities_20261006T160916Z.json,25025,Suffolk,1
2251,Digital Realty BOS14 - Boston,US,MA,Needham,128 First Avenue,,42.301316,-71.219029,ok,42.301316,-71.219029,,peeringdb_us_facilities_20261006T160916Z.json,25021,Norfolk,1
2261,Equinix DA6 - Dallas,US,TX,Dallas,1950 N Stemmons Fwy,,32.800748,-96.819412,ok,32.800748,-96.819412,,peeringdb_us_facilities_20261006T160916Z.json,48113,Dallas,1
2268,Colo@ (Buckhead),US,GA,Atlanta,470 East Paces Ferry Road NE,,33.83887,-84.372429,ok,33.83887,-84.372429,,peeringdb_us_facilities_20261006T160916Z.json,13121,Fulton,1
2269,Atlanta Tech Village,US,GA,Atlanta,3423 Piedmont Rd NE,,33.848673,-84.373313,ok,33.848673,-84.373313,,peeringdb_us_facilities_20261006T160916Z.json,13121,Fulton,1
2270,GIP Plano,US,TX,Plano,1009 Jupiter Rd,,33.012213,-96.683109,ok,33.012213,-96.683109,,peeringdb_us_facilities_20261006T160916Z.json,48085,Collin,1
2279,UFN Kearns,US,UT,Salt Lake City,136 South Main,,40.766212,-111.891494,ok,40.766212,-111.891494,,peeringdb_us_facilities_20261006T160916Z.json,49035,Salt Lake,1
2302,CyrusOne Sterling,US,VA,Sterling,21111 Ridgetop Circle,,39.025827,-77.41381,ok,39.025827,-77.41381,,peeringdb_us_facilities_20261006T160916Z.json,51107,Loudoun,1
2311,Stream Data Centers - San Antonio II,US,TX,San Antonio,9550 Westover Hills Blvd,,29.471741,-98.671576,ok,29.471741,-98.671576,,peeringdb_us_facilities_20261006T160916Z.json,48029,Bexar,1
2313,RSA Dexter Avenue Datacenter,US,AL,Montgomery,445 Dexter Avenue,,32.37803,-86.303007,ok,32.37803,-86.303007,,peeringdb_us_facilities_20261006T160916Z.json,01101,Montgomery,1
2320,Gafachi 1 West Main Rochester,US,NY,Rochester,1 W Main St,,43.155428,-77.612713,ok,43.155428,-77.612713,,peeringdb_us_facilities_20261006T160916Z.json,36055,Monroe,1
2325,Cologix MIN2,US,MN,Minneapolis,511 11th Ave S,,44.971385,-93.254494,ok,44.971385,-93.254494,,peeringdb_us_facilities_20261006T160916Z.json,27053,Hennepin,1
2338,Vaultas,US,WI,Milwaukee,1101 N Market Street,,43.044997,-87.910189,ok,43.044997,-87.910189,,peeringdb_us_facilities_20261006T160916Z.json,55079,Milwaukee,1
2340,Data Foundry Austin 1,US,TX,Austin,7401 East Ben White,,30.215259,-97.695071,ok,30.215259,-97.695071,,peeringdb_us_facilities_20261006T160916Z.json,48453,Travis,1
2341,Data Foundry Houston 1,US,TX,Houston,5555 San Felipe,,29.749429,-95.471792,ok,29.749429,-95.471792,,peeringdb_us_facilities_20261006T160916Z.json,48201,Harris,1
2342,Data Foundry Houston 2,US,TX,Houston,660 Greens Pkwy,,29.945145,-95.424212,ok,29.945145,-95.424212,,peeringdb_us_facilities_20261006T160916Z.json,48201,Harris,1
2349,TriTech Center,US,MN,Minneapolis,331 2nd Avenue South,,44.97859,-93.266407,ok,44.97859,-93.266407,,peeringdb_us_facilities_20261006T160916Z.json,27053,Hennepin,1
2354,CyrusOne Austin (Met 3),US,TX,Austin,7100 Metropolis Blvd,,30.207107,-97.700668,ok,30.207107,-97.700668,,peeringdb_us_facilities_20261006T160916Z.json,48453,Travis,1
2355,CyrusOne Wappingers Falls,US,NY,Wappingers Falls,155 Myers Corners Road,(f/k/a 165-167 Myers Corner Road),41.599043,-73.882221,ok,41.599043,-73.882221,,peeringdb_us_facilities_20261006T160916Z.json,36027,Dutchess,1
2356,CyrusOne Totowa,US,NJ,Totowa,50 Madison Road,,40.907217,-74.242258,ok,40.907217,-74.242258,,peeringdb_us_facilities_20261006T160916Z.json,34031,Passaic,1
2357,CyrusOne Norwalk,US,CT,Norwalk,6 Norden Place (f/k/a 10 Norden Place),,41.110989,-73.39827,ok,41.110989,-73.39827,,peeringdb_us_facilities_20261006T160916Z.json,09190,Western Connecticut,1
2365,QTS Richmond (RIC1),US,VA,Sandston,6000 Technology Blvd,,37.488073,-77.244177,ok,37.488073,-77.244177,,peeringdb_us_facilities_20261006T160916Z.json,51087,Henrico,1
2375,Cologix DAL1,US,TX,Dallas,1950 N Stemmons Fwy,,32.800748,-96.819412,ok,32.800748,-96.819412,,peeringdb_us_facilities_20261006T160916Z.json,48113,Dallas,1
2376,Cologix DAL2,US,TX,Dallas,1950 N Stemmons Fwy,,32.800748,-96.819412,ok,32.800748,-96.819412,,peeringdb_us_facilities_20261006T160916Z.json,48113,Dallas,1
2377,Cologix COL1,US,OH,Columbus,555 Scherers Court,,40.116491,-83.001985,ok,40.116491,-83.001985,,peeringdb_us_facilities_20261006T160916Z.json,39049,Franklin,1
2378,Cologix COL2,US,OH,Columbus,555 Scherers Court,,40.116491,-83.001985,ok,40.116491,-83.001985,,peeringdb_us_facilities_20261006T160916Z.json,39049,Franklin,1
2379,Cologix JAX2,US,FL,Jacksonville,4800 Spring Park Rd.,,30.273221,-81.613866,ok,30.273221,-81.613866,,peeringdb_us_facilities_20261006T160916Z.json,12031,Duval,1
2380,Cologix LAK1,US,FL,Lakeland,2850 Interstate Drive,,28.079624,-81.975179,ok,28.079624,-81.975179,,peeringdb_us_facilities_20261006T160916Z.json,12105,Polk,1
2381,Flexential - Cincinnati (CIN1/2),US,OH,West Chester,5307 Muhlhauser Road,,39.316449,-84.450172,ok,39.316449,-84.450172,,peeringdb_us_facilities_20261006T160916Z.json,39017,Butler,1
2398,Level(3) Charlotte,US,NC,Charlotte,4021 Rose Lake Drive,,35.17868,-80.928126,ok,35.17868,-80.928126,,peeringdb_us_facilities_20261006T160916Z.json,37119,Mecklenburg,1
2400,ERC Broadband,US,NC,Asheville,151 Patton Avenue,,35.594066,-82.55792,ok,35.594066,-82.55792,,peeringdb_us_facilities_20261006T160916Z.json,37021,Buncombe,1
2414,Lightboard ★ Massachusetts,US,MA,Springfield,1 Federal St.,,42.109443,-72.575141,ok,42.109443,-72.575141,,peeringdb_us_facilities_20261006T160916Z.json,25013,Hampden,1
2418,Stack Infrastructure Portland PORO2,US,OR,Hillsboro,8135 NE Evergreen Pkwy,,45.547403,-122.897906,ok,45.547403,-122.897906,,peeringdb_us_facilities_20261006T160916Z.json,41067,Washington,1
2427,EdgeConneX Santa Clara (EDCSVC01/EDCSVC02),US,CA,Santa Clara,1700 Richard Avenue,,37.36437,-121.958865,ok,37.36437,-121.958865,,peeringdb_us_facilities_20261006T160916Z.json,06085,Santa Clara,1
2432,"DataSite, Boise",US,ID,Boise,9700 Bethel Court,,43.606214,-116.303601,ok,43.606214,-116.303601,,peeringdb_us_facilities_20261006T160916Z.json,16001,Ada,1
2433,Lunavi - Westin1809,US,WA,Seattle,2001 6th Avenue,,47.614347,-122.338883,ok,47.614347,-122.338883,,peeringdb_us_facilities_20261006T160916Z.json,53033,King,1
2434,Lunavi - Westin1969,US,WA,Seattle,2001 6th Avenue,,47.614347,-122.338883,ok,47.614347,-122.338883,,peeringdb_us_facilities_20261006T160916Z.json,53033,King,1
2435,Lunavi - Westin3205,US,WA,Seattle,2001 6th Avenue,,47.614347,-122.338883,ok,47.614347,-122.338883,,peeringdb_us_facilities_20261006T160916Z.json,53033,King,1
2438,Flexential - Denver/Aurora (DEN03),US,CO,Aurora,11900 E Cornell Ave,,39.66107,-104.849813,ok,39.66107,-104.849813,,peeringdb_us_facilities_20261006T160916Z.json,08005,Arapahoe,1
2439,Flexential - Denver/Englewood (DEN11),US,CO,Englewood,8636 S Peoria St,,39.559047,-104.8386,ok,39.559047,-104.8386,,peeringdb_us_facilities_20261006T160916Z.json,08035,Douglas,1
2440,Flexential - Minneapolis/Chaska (MSP01),US,MN,Chaska,3500 Lyman Blvd,,44.851292,-93.599549,ok,44.851292,-93.599549,,peeringdb_us_facilities_20261006T160916Z.json,27019,Carver,1
2441,Flexential - Las Vegas/Downtown (LAS03),US,NV,Las Vegas,302 E Carson Ave Ste 100,,36.168644,-115.143561,ok,36.168644,-115.143561,,peeringdb_us_facilities_20261006T160916Z.json,32003,Clark,1
2442,Flexential - Las Vegas/Downtown (LAS05),US,NV,Las Vegas,304 E Carson Ave,,36.168333,-115.143126,ok,36.168333,-115.143126,,peeringdb_us_facilities_20261006T160916Z.json,32003,Clark,1
2443,Flexential - Las Vegas/North (LAS04),US,NV,North Las Vegas,3330 E Lone Mountain Rd,,36.248009,-115.101272,ok,36.248009,-115.101272,,peeringdb_us_facilities_20261006T160916Z.json,32003,Clark,1
2444,Flexential - Portland/Hillsboro (PDX01),US,OR,Hillsboro,3935 NE Aloclek Dr,Building C,45.54845,-122.891445,ok,45.54845,-122.891445,,peeringdb_us_facilities_20261006T160916Z.json,41067,Washington,1
2445,Flexential - Salt Lake City/Downtown (SLC04),US,UT,Salt Lake City,572 S Delong St,,40.756302,-111.954307,ok,40.756302,-111.954307,,peeringdb_us_facilities_20261006T160916Z.json,49035,Salt Lake,1
2447,Flexential - Portland/Hillsboro 2 (PDX02),US,OR,Hillsboro,5737 NE Huffman St,,45.557854,-122.917023,ok,45.557854,-122.917023,,peeringdb_us_facilities_20261006T160916Z.json,41067,Washington,1
2449,Flexential - Denver/Centennial (DEN05),US,CO,Centennial,12500 E Arapahoe Rd Ste C,,39.594144,-104.843142,ok,39.594144,-104.843142,,peeringdb_us_facilities_20261006T160916Z.json,08005,Arapahoe,1
2450,Flexential - Denver/Downtown (DEN02),US,CO,Denver,1500 Champa St Ste 100,,39.745765,-104.994399,ok,39.745765,-104.994399,,peeringdb_us_facilities_20261006T160916Z.json,08031,Denver,1
2452,Flexential - Dallas/Richardson (RCH01),US,TX,Richardson,3010 Waterview Pkwy,,32.993304,-96.756242,ok,32.993304,-96.756242,,peeringdb_us_facilities_20261006T160916Z.json,48085,Collin,1
2454,Flexential - Salt Lake City/Lindon (SLC03),US,UT,Lindon,333 S 520 W Ste 150,,40.332493,-111.728052,ok,40.332493,-111.728052,,peeringdb_us_facilities_20261006T160916Z.json,49049,Utah,1
2455,Flexential - Salt Lake City/Cottonwood (SLC05),US,UT,Salt Lake City,6340 S 3000 E Ste 510,,40.634811,-111.805979,ok,40.634811,-111.805979,,peeringdb_us_facilities_20261006T160916Z.json,49035,Salt Lake,1
2456,Flexential - Salt Lake City/Fairpark (SLC07),US,UT,Salt Lake City,118 S 1000 W,,40.766785,-111.920263,ok,40.766785,-111.920263,,peeringdb_us_facilities_20261006T160916Z.json,49035,Salt Lake,1
2457,Flexential - Salt Lake City/South Valley (SLC09),US,UT,West Jordan,3949 S Campus View Dr,,40.620556,-111.984644,ok,40.620556,-111.984644,,peeringdb_us_facilities_20261006T160916Z.json,49035,Salt Lake,1
2458,Flexential - Salt Lake City/Millcreek (SLC10),US,UT,Salt Lake City,3949 S 200 E Ste B1,,40.685494,-111.885063,ok,40.685494,-111.885063,,peeringdb_us_facilities_20261006T160916Z.json,49035,Salt Lake,1
2469,DataBank Dallas (DFW5),US,TX,Dallas,1950 N Stemmons Fwy,,32.800748,-96.819412,ok,32.800748,-96.819412,,peeringdb_us_facilities_20261006T160916Z.json,48113,Dallas,1
2508,Cologix NNJ2,US,NJ,Cedar Knolls,9 Wing Drive,,40.831821,-74.448794,ok,40.831821,-74.448794,,peeringdb_us_facilities_20261006T160916Z.json,34027,Morris,1
2509,Cologix NNJ3,US,NJ,Parsippany,200 Webro Road,,40.857084,-74.418907,ok,40.857084,-74.418907,,peeringdb_us_facilities_20261006T160916Z.json,34027,Morris,1
2511,Alpheus Austin (1905 E. 6th Street),US,TX,Austin,1905 E. 6th Street,,30.261059,-97.722123,ok,30.261059,-97.722123,,peeringdb_us_facilities_20261006T160916Z.json,48453,Travis,1
2519,Voonami SLC2,US,UT,West Valley City,2302 South Presidents Drive,,40.720873,-111.984927,ok,40.720873,-111.984927,,peeringdb_us_facilities_20261006T160916Z.json,49035,Salt Lake,1
2520,Voonami SLC1,US,UT,Orem,510 East Technology Ave,,40.326235,-111.681642,ok,40.326235,-111.681642,,peeringdb_us_facilities_20261006T160916Z.json,49049,Utah,1
2526,DRFortress HNL,US,HI,Honolulu,3375 Koapaka St,,21.335678,-157.917855,ok,21.335678,-157.917855,,peeringdb_us_facilities_20261006T160916Z.json,15003,Honolulu,1
2530,ACT Cheyenne,US,,Cheyenne,1621 Bruns Way,,41.131025,-104.900887,ok,41.131025,-104.900887,,peeringdb_us_facilities_20261006T160916Z.json,56021,Laramie,1
2532,ACT Wheatland,US,WY,Wheatland,1651 Cole Street,,42.045087,-104.963884,ok,42.045087,-104.963884,,peeringdb_us_facilities_20261006T160916Z.json,56031,Platte,1
2533,ACT Douglas,US,WY,Douglas,50 Orin Way,,42.734225,-105.338279,ok,42.734225,-105.338279,,peeringdb_us_facilities_20261006T160916Z.json,56009,Converse,1
2534,ACT Casper,US,WY,Casper,323 N Kimball,,42.852917,-106.319088,ok,42.852917,-106.319088,,peeringdb_us_facilities_20261006T160916Z.json,56025,Natrona,1
2535,ACT Riverton,US,WY,Riverton,115 S. 7th E.,,43.023952,-108.3816,ok,43.023952,-108.3816,,peeringdb_us_facilities_20261006T160916Z.json,56013,Fremont,1
2536,ACT Gillette,US,WY,Gillette,845T Southern Drive East,,44.246829,-105.504717,ok,44.246829,-105.504717,,peeringdb_us_facilities_20261006T160916Z.json,56005,Campbell,1
2537,ACT Buffalo,US,WY,Buffalo,169 US Highway 16 East,,44.354194,-106.696638,ok,44.354194,-106.696638,,peeringdb_us_facilities_20261006T160916Z.json,56019,Johnson,1
2538,ACT Sheridan,US,WY,Sheridan,155-1/2 W Loucks St.,,44.797251,-106.955883,ok,44.797251,-106.955883,,peeringdb_us_facilities_20261006T160916Z.json,56033,Sheridan,1
2539,ACT Colstrip,US,MT,Colstrip,227 Power Rd,,45.89347,-106.618344,ok,45.89347,-106.618344,,peeringdb_us_facilities_20261006T160916Z.json,30087,Rosebud,1
2542,Digital Realty SJC (2805 Lafayette),US,CA,Santa Clara,2805 Lafayette St,,37.372597,-121.947955,ok,37.372597,-121.947955,,peeringdb_us_facilities_20261006T160916Z.json,06085,Santa Clara,1
2547,Digital Realty LAX (2260 E El Segundo),US,CA,El Segundo,2260 E El Segundo Blvd,,33.915663,-118.384725,ok,33.915663,-118.384725,,peeringdb_us_facilities_20261006T160916Z.json,06037,Los Angeles,1
2553,325 Delaware Ave,US,NY,Buffalo,325 Delaware Ave,,42.893011,-78.875279,ok,42.893011,-78.875279,,peeringdb_us_facilities_20261006T160916Z.json,36029,Erie,1
2571,Forsythe Data Centers,US,IL,Elk Grove Village,1441 Touhy Ave,,42.00687,-87.96457,ok,42.00687,-87.96457,,peeringdb_us_facilities_20261006T160916Z.json,17031,Cook,1
2572,Columbia County Community Broadband Utility,US,GA,Evans,500 Faircloth Dr Bldg E,,33.545316,-82.135633,ok,33.545316,-82.135633,,peeringdb_us_facilities_20261006T160916Z.json,13073,Columbia,1
2578,Equinix DA2 - Dallas,US,TX,Dallas,1950 N Stemmons Fwy,,32.800955,-96.81955,ok,32.800955,-96.81955,,peeringdb_us_facilities_20261006T160916Z.json,48113,Dallas,1
2579,Equinix DA7 - Dallas,US,TX,Plano,6653 Pinecrest Drive,,33.064858,-96.810993,ok,33.064858,-96.810993,,peeringdb_us_facilities_20261006T160916Z.json,48085,Collin,1
2591,Centersquare Chicago (ORD1),US,IL,Chicago,350 E Cermak Rd Ste 8,,41.85365,-87.618342,ok,41.85365,-87.618342,,peeringdb_us_facilities_20261006T160916Z.json,17031,Cook,1
2593,Centersquare Chicago (ORD2),US,IL,Elk Grove Village,2425 Busse Road Elk Grove Village,,41.99209,-87.958015,ok,41.99209,-87.958015,,peeringdb_us_facilities_20261006T160916Z.json,17043,DuPage,1
2594,Centersquare Columbus (CMH1),US,OH,Lewis Center,8180 Green Meadows Dr. North,,40.16884,-83.010799,ok,40.16884,-83.010799,,peeringdb_us_facilities_20261006T160916Z.json,39041,Delaware,1
2596,Centersquare Northern Virginia (IAD1-A/F),US,VA,Sterling,45901 Nokes Blvd.,,39.023339,-77.413194,ok,39.023339,-77.413194,,peeringdb_us_facilities_20261006T160916Z.json,51107,Loudoun,1
2600,EdgeConneX Madison (EDCMAD01),US,WI,Madison,4916 E Broadway,,43.04802,-89.297331,ok,43.04802,-89.297331,,peeringdb_us_facilities_20261006T160916Z.json,55025,Dane,1
2601,EdgeConneX Minneapolis (EDCMSP01),US,MN,Eden Prairie,6875 Shady Oak Road,,44.878844,-93.404156,ok,44.878844,-93.404156,,peeringdb_us_facilities_20261006T160916Z.json,27053,Hennepin,1
2615,Centersquare Northern Virginia (IAD1-C/E),US,VA,Sterling,21110 Ridgetop Circle,,39.025283,-77.413213,ok,39.025283,-77.413213,,peeringdb_us_facilities_20261006T160916Z.json,51107,Loudoun,1
2616,Centersquare Northern Virginia (IAD2),US,VA,Sterling,22810 International Drive,,38.984122,-77.423889,ok,38.984122,-77.423889,,peeringdb_us_facilities_20261006T160916Z.json,51107,Loudoun,1
2618,Centersquare Northern Virginia (IAD3),US,VA,Sterling,22995 Wilder Court,,38.980226,-77.443486,ok,38.980226,-77.443486,,peeringdb_us_facilities_20261006T160916Z.json,51107,Loudoun,1
2619,Centersquare Dallas (DFW1),US,TX,Fort Worth,14901 Faa Blvd,Fort Worth TX  76155-2220,32.832607,-97.040726,ok,32.832607,-97.040726,,peeringdb_us_facilities_20261006T160916Z.json,48439,Tarrant,1
2621,Centersquare Denver (DEN1),US,CO,Highlands Ranch,9180 Commerce Center Circle,,39.550215,-105.033374,ok,39.550215,-105.033374,,peeringdb_us_facilities_20261006T160916Z.json,08035,Douglas,1
2623,Centersquare Denver (DEN2),US,CO,Englewood,8534 Concord Center Drive,,39.560863,-104.830727,ok,39.560863,-104.830727,,peeringdb_us_facilities_20261006T160916Z.json,08035,Douglas,1
2633,Centersquare Minneapolis (MSP1),US,MN,Shakopee,4450 Dean Lakes Blvd.,,44.778828,-93.461982,ok,44.778828,-93.461982,,peeringdb_us_facilities_20261006T160916Z.json,27139,Scott,1
2636,Centersquare New Jersey (EWR2),US,NJ,Weehawken,300 JFK Boulevard East,,40.76218,-74.024685,ok,40.76218,-74.024685,,peeringdb_us_facilities_20261006T160916Z.json,34017,Hudson,1
2638,Centersquare New Jersey (EWR3),US,NJ,Piscataway,3 Corporate Place,,40.554537,-74.4569,ok,40.554537,-74.4569,,peeringdb_us_facilities_20261006T160916Z.json,34023,Middlesex,1
2641,Centersquare Los Angeles (LAX3),US,CA,Irvine,17836 Gilette Ave.,,33.687339,-117.848727,ok,33.687339,-117.848727,,peeringdb_us_facilities_20261006T160916Z.json,06059,Orange,1
2642,Centersquare Phoenix (PHX1),US,AZ,Phoenix,615 N. 48th Street,,33.454411,-111.976435,ok,33.454411,-111.976435,,peeringdb_us_facilities_20261006T160916Z.json,04013,Maricopa,1
2643,Centersquare Silicon Valley (SFO1),US,CA,Santa Clara,2401 Walsh Avenue,,37.371485,-121.969739,ok,37.371485,-121.969739,,peeringdb_us_facilities_20261006T160916Z.json,06085,Santa Clara,1
2645,Centersquare Silicon Valley (SFO2),US,CA,Santa Clara,4700 Old Ironsides Drive,,37.398632,-121.980961,ok,37.398632,-121.980961,,peeringdb_us_facilities_20261006T160916Z.json,06085,Santa Clara,1
2647,Centersquare Seattle (SEA1-B),US,WA,Tukwila,3355 S 120th Pl Bldg 5,,47.491883,-122.289792,ok,47.491883,-122.289792,,peeringdb_us_facilities_20261006T160916Z.json,53033,King,1
2653,Centersquare Silicon Valley (SFO3),US,CA,Sunnyvale,1400 Kifer Road,,37.372078,-121.986073,ok,37.372078,-121.986073,,peeringdb_us_facilities_20261006T160916Z.json,06085,Santa Clara,1
2655,Centersquare Tampa (TPA1),US,FL,Tampa,9310 Florida Palm Drive,,27.945324,-82.351199,ok,27.945324,-82.351199,,peeringdb_us_facilities_20261006T160916Z.json,12057,Hillsborough,1
2686,Dataverge,US,NY,Brooklyn,882 3rd Avenue,,40.657808,-74.004881,ok,40.657808,-74.004881,,peeringdb_us_facilities_20261006T160916Z.json,36047,Kings,1
2733,NP Belle Plaine (MSP1),US,MN,Belle Plaine,713 Church St,,44.624122,-93.778109,ok,44.624122,-93.778109,,peeringdb_us_facilities_20261006T160916Z.json,27139,Scott,1
2754,I-Evolve Technology Datacenter Amherst,US,NY,Amherst,501 John James Audubon Pkwy,,43.018107,-78.784612,ok,43.018107,-78.784612,,peeringdb_us_facilities_20261006T160916Z.json,36029,Erie,1
2756,Lowest Host/Empire Technology,US,UT,Salt Lake City,1394 N Morton Dr,,40.7997,-111.946913,ok,40.7997,-111.946913,,peeringdb_us_facilities_20261006T160916Z.json,49035,Salt Lake,1
2762,CoreSite - Santa Clara (SV3),US,CA,Santa Clara,2901 Stender Way,,37.374919,-121.970216,ok,37.374919,-121.970216,,peeringdb_us_facilities_20261006T160916Z.json,06085,Santa Clara,1
2763,CoreSite - Reston (VA2),US,VA,Reston,12098 Sunrise Valley Drive,,38.948974,-77.364545,ok,38.948974,-77.364545,,peeringdb_us_facilities_20261006T160916Z.json,51059,Fairfax,1
2770,Ascent - CH2,US,IL,Northlake,505 N Railroad Ave,,41.920029,-87.912164,ok,41.920029,-87.912164,,peeringdb_us_facilities_20261006T160916Z.json,17031,Cook,1
2781,MultaCom Main,US,CA,Los Angeles,707 Wilshire Blvd,,34.049219,-118.257002,ok,34.049219,-118.257002,,peeringdb_us_facilities_20261006T160916Z.json,06037,Los Angeles,1
2782,Multacom One Wilshire,US,CA,Los Angeles,624 S Grand Ave,,34.047942,-118.255564,ok,34.047942,-118.255564,,peeringdb_us_facilities_20261006T160916Z.json,06037,Los Angeles,1
2783,Multacom Telecom Center,US,CA,Los Angeles,530 W 6th Street,,34.048428,-118.255186,ok,34.048428,-118.255186,,peeringdb_us_facilities_20261006T160916Z.json,06037,Los Angeles,1
2793,NetSolus Inc,US,MO,Kansas City,324 East 11th,STE 500,39.101274,-94.578821,ok,39.101274,-94.578821,,peeringdb_us_facilities_20261006T160916Z.json,29095,Jackson,1
2835,SDN Communications Campus Sioux Falls South Dakota,US,SD,Sioux Falls,2900 W 10th Street,,43.546529,-96.764101,ok,43.546529,-96.764101,,peeringdb_us_facilities_20261006T160916Z.json,46099,Minnehaha,1
2836,SDN Communication Mark Shlanta Technology Park,US,SD,Sioux Falls,5300 N La Mesa Dr,,43.605177,-96.808315,ok,43.605177,-96.808315,,peeringdb_us_facilities_20261006T160916Z.json,46099,Minnehaha,1
2853,BESTNAP,US,TX,Austin,1122 Colorado Street,,30.273541,-97.742944,ok,30.273541,-97.742944,,peeringdb_us_facilities_20261006T160916Z.json,48453,Travis,1
2861,Evocative DA4,US,TX,Dallas,1515 Round Table Dr,,32.837967,-96.878307,ok,32.837967,-96.878307,,peeringdb_us_facilities_20261006T160916Z.json,48113,Dallas,1
2873,H5 Data Centers Silicon Valley,US,CA,Sunnyvale,1360 Kifer Road,,37.372036,-121.987545,ok,37.372036,-121.987545,,peeringdb_us_facilities_20261006T160916Z.json,06085,Santa Clara,1
2924,Digital Realty CHI (600-780 S Federal),US,IL,Chicago,600 S Federal St,,41.874224,-87.629937,ok,41.874224,-87.629937,,peeringdb_us_facilities_20261006T160916Z.json,17031,Cook,1
2929,Zayo Pittsburgh - 2500 Allegheny Center Mall,US,PA,Pittsburgh,2500 Allegheny Center Mall,,40.451862,-80.006977,ok,40.451862,-80.006977,,peeringdb_us_facilities_20261006T160916Z.json,42003,Allegheny,1
2936,Zayo Nashville - 209 10th Ave. S,US,TN,Nashville,209 10th Ave. S,,36.155165,-86.782559,ok,36.155165,-86.782559,,peeringdb_us_facilities_20261006T160916Z.json,47037,Davidson,1
2943,Zayo Cleveland - 1525 Rockwell Ave,US,OH,Cleveland,1525 Rockwell Ave,,41.506167,-81.68395,ok,41.506167,-81.68395,,peeringdb_us_facilities_20261006T160916Z.json,39035,Cuyahoga,1
2954,Sungard AS Scottsdale,US,AZ,Scottsdale,7499 E Paradise Ln,#108,33.632423,-111.917795,ok,33.632423,-111.917795,,peeringdb_us_facilities_20261006T160916Z.json,04013,Maricopa,1
2955,INAP Houston,US,TX,Houston,1301 Fannin St.,,29.753536,-95.365771,ok,29.753536,-95.365771,,peeringdb_us_facilities_20261006T160916Z.json,48201,Harris,1
2956,DataBank Chicago (ORD1),US,IL,Chicago,600 S Federal St,,41.874224,-87.629937,ok,41.874224,-87.629937,,peeringdb_us_facilities_20261006T160916Z.json,17031,Cook,1
2957,Zayo Baltimore - 111 Market Pl,US,MD,Baltimore,111 Market Pl,,39.287414,-76.606104,ok,39.287414,-76.606104,,peeringdb_us_facilities_20261006T160916Z.json,24510,Baltimore,1
2958,DataBank Memphis (MEM1),US,TN,Memphis,7620 Appling Center Dr,,35.203086,-89.808615,ok,35.203086,-89.808615,,peeringdb_us_facilities_20261006T160916Z.json,47157,Shelby,1
2959,Zayo Minneapolis - 10300 6th Ave N,US,MN,Minneapolis,10300 6th Ave N,,44.98646,-93.411433,ok,44.98646,-93.411433,,peeringdb_us_facilities_20261006T160916Z.json,27053,Hennepin,1
2960,DataBank Chicago (ORD3),US,IL,Mount Prospect,800 E Business Center Dr,,42.078055,-87.923547,ok,42.078055,-87.923547,,peeringdb_us_facilities_20261006T160916Z.json,17031,Cook,1
2961,"Roller Network (Reno, NV)",US,NV,Reno,3545 Airway Dr. Suite 114,,39.469306,-119.76983,ok,39.469306,-119.76983,,peeringdb_us_facilities_20261006T160916Z.json,32031,Washoe,1
2971,Zayo Washington DC - 2100 M Street NW,US,DC,Washington,2100 M Street NW,,38.904888,-77.047082,ok,38.904888,-77.047082,,peeringdb_us_facilities_20261006T160916Z.json,11001,District of Columbia,1
2972,DataBank Seattle (SEA2),US,WA,Tukwila,3311 S 120th Pl,,47.495027,-122.290569,ok,47.495027,-122.290569,,peeringdb_us_facilities_20261006T160916Z.json,53033,King,1
2973,DataPipe Silicon Valley One,US,CA,San Jose,150 S 1st St,,37.333597,-121.887886,ok,37.333597,-121.887886,,peeringdb_us_facilities_20261006T160916Z.json,06085,Santa Clara,1
2974,1011 San Jacinto,US,TX,Austin,1011 San Jacinto,,30.27167,-97.738559,ok,30.27167,-97.738559,,peeringdb_us_facilities_20261006T160916Z.json,48453,Travis,1
2975,H5 Data Centers Cleveland,US,OH,Cleveland,1525 Rockwell Ave,,41.506167,-81.68395,ok,41.506167,-81.68395,,peeringdb_us_facilities_20261006T160916Z.json,39035,Cuyahoga,1
2976,Digital Realty CLT (125 N Myers St),US,NC,Charlotte,125 N Myers St,,35.222057,-80.8353,ok,35.222057,-80.8353,,peeringdb_us_facilities_20261006T160916Z.json,37119,Mecklenburg,1
2977,DataBank Denver (DEN1),US,CO,Englewood,393 Inverness Parkway,,39.564112,-104.866554,ok,39.564112,-104.866554,,peeringdb_us_facilities_20261006T160916Z.json,08035,Douglas,1
2978,Alpheus Fort Worth (307 W 7th St),US,TX,Fort Worth,307 W 7th St,,32.751443,-97.331678,ok,32.751443,-97.331678,,peeringdb_us_facilities_20261006T160916Z.json,48439,Tarrant,1
2979,Digital Realty EWR (3 Corporate Pl),US,NJ,Piscataway,3 Corporate Pl,,40.554537,-74.4569,ok,40.554537,-74.4569,,peeringdb_us_facilities_20261006T160916Z.json,34023,Middlesex,1
2980,DataBank Irvine (SNA1),US,CA,Irvine,17222 Von Karman Ave,,33.690423,-117.840518,ok,33.690423,-117.840518,,peeringdb_us_facilities_20261006T160916Z.json,06059,Orange,1
2981,Evocative EWR1,US,NJ,Secaucus,1 Enterprise Ave N,,40.787662,-74.068015,ok,40.787662,-74.068015,,peeringdb_us_facilities_20261006T160916Z.json,34017,Hudson,1
2982,TierPoint Chicago - West,US,IL,Franklin Park,9333 W Grand Ave,,41.927017,-87.858028,ok,41.927017,-87.858028,,peeringdb_us_facilities_20261006T160916Z.json,17031,Cook,1
2983,US Signal - Oak Brook,US,IL,Oak Brook,810 Jorie Blvd,,41.846308,-87.939656,ok,41.846308,-87.939656,,peeringdb_us_facilities_20261006T160916Z.json,17043,DuPage,1
2985,Evocative SEA1,US,WA,Seattle,140 4th Ave N,,47.619446,-122.34811,ok,47.619446,-122.34811,,peeringdb_us_facilities_20261006T160916Z.json,53033,King,1
2988,Gosnell - International Gateway 1 (8100 Boone),US,VA,Vienna,8100 Boone Blvd,,38.913686,-77.225887,ok,38.913686,-77.225887,,peeringdb_us_facilities_20261006T160916Z.json,51059,Fairfax,1
2989,Evocative Virginia (VA1),US,VA,Reston,1807 Michael Faraday Court,,38.948869,-77.329428,ok,38.948869,-77.329428,,peeringdb_us_facilities_20261006T160916Z.json,51059,Fairfax,1
3011,Long Lines Data Center,US,IA,Sioux City,4647 Stone Ave,,42.483287,-96.348107,ok,42.483287,-96.348107,,peeringdb_us_facilities_20261006T160916Z.json,19193,Woodbury,1
3012,UnitedLayer Los Angeles,US,CA,Los Angeles,530 W 6th Street,,34.048428,-118.255186,ok,34.048428,-118.255186,,peeringdb_us_facilities_20261006T160916Z.json,06037,Los Angeles,1
3013,TierPoint Philadelphia,US,PA,Philadelphia,4775 League Island Blvd,,39.892465,-75.165482,ok,39.892465,-75.165482,,peeringdb_us_facilities_20261006T160916Z.json,42101,Philadelphia,1
3014,TierPoint Chicago - Polk,US,IL,Chicago,601 W Polk St,,41.871616,-87.642825,ok,41.871616,-87.642825,,peeringdb_us_facilities_20261006T160916Z.json,17031,Cook,1
3071,H5 Data Centers Denver,US,CO,Greenwood Village,5350 South Valentia Way,,39.618102,-104.891509,ok,39.618102,-104.891509,,peeringdb_us_facilities_20261006T160916Z.json,08005,Arapahoe,1
3076,H5 Data Centers Phoenix,US,AZ,Chandler,2600 W. Germann Road,,33.277073,-111.885739,ok,33.277073,-111.885739,,peeringdb_us_facilities_20261006T160916Z.json,04013,Maricopa,1
3077,H5 Data Centers Seattle,US,WA,Seattle,1000 Denny Way,,47.619054,-122.336393,ok,47.619054,-122.336393,,peeringdb_us_facilities_20261006T160916Z.json,53033,King,1
3078,H5 Data Centers Atlanta,US,GA,Atlanta,345 Courtland St NE,,33.765199,-84.38365,ok,33.765199,-84.38365,,peeringdb_us_facilities_20261006T160916Z.json,13121,Fulton,1
3080,H5 Data Centers Ashburn,US,VA,Ashburn,21800 Beaumeade Cir,,39.013682,-77.451713,ok,39.013682,-77.451713,,peeringdb_us_facilities_20261006T160916Z.json,51107,Loudoun,1
3088,Amplex DC0,US,OH,Luckey,22690 Pemberville Rd,,41.481022,-83.451231,ok,41.481022,-83.451231,,peeringdb_us_facilities_20261006T160916Z.json,39173,Wood,1
3096,Markley Group Lowell,US,MA,Lowell,2 Prince Ave,,42.629897,-71.305788,ok,42.629897,-71.305788,,peeringdb_us_facilities_20261006T160916Z.json,25017,Middlesex,1
3099,GIP Dallas,US,TX,Dallas,2020 Live Oak St.,,32.783819,-96.79463,ok,32.783819,-96.79463,,peeringdb_us_facilities_20261006T160916Z.json,48113,Dallas,1
3127,Enseva Cedar Rapids,US,IA,Hiawatha,755 Metzger Dr,,42.05634,-91.679566,ok,42.05634,-91.679566,,peeringdb_us_facilities_20261006T160916Z.json,19113,Linn,1
3131,Digital Realty SJC (1100 Space Park),US,CA,Santa Clara,1100 Space Park,,37.375823,-121.953325,ok,37.375823,-121.953325,,peeringdb_us_facilities_20261006T160916Z.json,06085,Santa Clara,1
3143,CyrusOne Aurora I,US,IL,Aurora,2905 Deihl Rd,,41.796754,-88.24276,ok,41.796754,-88.24276,,peeringdb_us_facilities_20261006T160916Z.json,17043,DuPage,1
3149,AlohaNAP,US,HI,Kapolei,91-340 Farrington Highway,,21.335728,-158.086738,ok,21.335728,-158.086738,,peeringdb_us_facilities_20261006T160916Z.json,15003,Honolulu,1
3186,Optic Fusion - Perkins Building,US,WA,Tacoma,1101 A Street,,47.253338,-122.436709,ok,47.253338,-122.436709,,peeringdb_us_facilities_20261006T160916Z.json,53053,Pierce,1
3187,Optic Fusion - Westin Building 2505,US,WA,Seattle,2001 6th Ave,,47.614358,-122.338864,ok,47.614358,-122.338864,,peeringdb_us_facilities_20261006T160916Z.json,53033,King,1
3263,Digital Realty HOU (12001 North Freeway),US,TX,Houston,12001 North Freeway,,29.943168,-95.416846,ok,29.943168,-95.416846,,peeringdb_us_facilities_20261006T160916Z.json,48201,Harris,1
3286,Tech Vault South Burlington,US,VT,South Burlington,21 Gregory Drive,,44.45418,-73.141763,ok,44.45418,-73.141763,,peeringdb_us_facilities_20261006T160916Z.json,50007,Chittenden,1
3300,Digital Realty Portland - PDX10,US,OR,Hillsboro,3825 NE Aloclek Dr,,45.547609,-122.892017,ok,45.547609,-122.892017,,peeringdb_us_facilities_20261006T160916Z.json,41067,Washington,1
3312,Cologix MIN3,US,MN,Minneapolis,511 11th Ave S Ste 200,,44.971408,-93.25458,ok,44.971408,-93.25458,,peeringdb_us_facilities_20261006T160916Z.json,27053,Hennepin,1
3313,Cologix COL3,US,OH,Columbus,555 Scherers Court,,40.116491,-83.001985,ok,40.116491,-83.001985,,peeringdb_us_facilities_20261006T160916Z.json,39049,Franklin,1
3322,Consolidated - 811 Louisiana,US,TX,Houston,811 Louisiana St,,29.759292,-95.366313,ok,29.759292,-95.366313,,peeringdb_us_facilities_20261006T160916Z.json,48201,Harris,1
3344,CoreSite - Santa Clara (SV7),US,CA,Santa Clara,3020 Coronado Drive,,37.3761,-121.973055,ok,37.3761,-121.973055,,peeringdb_us_facilities_20261006T160916Z.json,06085,Santa Clara,1
3345,Prov.net PVD1 (1155 Westminster),US,RI,Providence,1155 Westminster St,,41.817374,-71.427671,ok,41.817374,-71.427671,,peeringdb_us_facilities_20261006T160916Z.json,44007,Providence,1
3346,Prov.net PVD2 (304 Carpenter),US,RI,Providence,304 Carpenter Street,,41.817622,-71.429267,ok,41.817622,-71.429267,,peeringdb_us_facilities_20261006T160916Z.json,44007,Providence,1
3347,Prov.net CHF1 (Boston North),US,MA,Chelmsford,187 Billerica Road,,42.597085,-71.331383,ok,42.597085,-71.331383,,peeringdb_us_facilities_20261006T160916Z.json,25017,Middlesex,1
3359,QTS Sacramento (SAC1),US,CA,Sacramento,1100 North Market Blvd,,38.646407,-121.486335,ok,38.646407,-121.486335,,peeringdb_us_facilities_20261006T160916Z.json,06067,Sacramento,1
3360,QTS Princeton (PJC1),US,NJ,East Windsor,Heart of the Northeast,159 Princeton-Hightstown Road,40.279249,-74.547551,ok,40.279249,-74.547551,,peeringdb_us_facilities_20261006T160916Z.json,34021,Mercer,1
3362,QTS Chicago (CHI1),US,IL,Chicago,2800 S. Ashland Ave,,41.841895,-87.668306,ok,41.841895,-87.668306,,peeringdb_us_facilities_20261006T160916Z.json,17031,Cook,1
3363,QTS Irving - Dallas (DFW1),US,TX,Irving,6431 Longhorn Drive,,32.89709,-96.982993,ok,32.89709,-96.982993,,peeringdb_us_facilities_20261006T160916Z.json,48113,Dallas,1
3364,QTS Overland Park (OVP1),US,KS,Overland Park,12851 Foster Street,,38.89627,-94.673374,ok,38.89627,-94.673374,,peeringdb_us_facilities_20261006T160916Z.json,20091,Johnson,1
3378,US Internet - Minnetonka,US,MN,Minnetonka,12450 Wayzata Blvd,,44.972011,-93.436607,ok,44.972011,-93.436607,,peeringdb_us_facilities_20261006T160916Z.json,27053,Hennepin,1
3394,Bluebird Fiber Parma Data Center,US,OH,Parma,12875 Corporate Drive,,41.407902,-81.780019,ok,41.407902,-81.780019,,peeringdb_us_facilities_20261006T160916Z.json,39035,Cuyahoga,1
3398,Netrality Chicago - 717 S Wells,US,IL,Chicago,717 S Wells - Netrality Data Center Meet Me Room,717 S Wells Street,41.872911,-87.63327,ok,41.872911,-87.63327,,peeringdb_us_facilities_20261006T160916Z.json,17031,Cook,1
3421,LADC1 - 624 S Grand Ave,US,CA,Los Angeles,624 S Grand Ave,,34.047948,-118.255358,ok,34.047948,-118.255358,,peeringdb_us_facilities_20261006T160916Z.json,06037,Los Angeles,1
3422,LADC2 - 707 Wilshire Blvd,US,CA,Los Angeles,707 Wilshire blvd,,34.049219,-118.257002,ok,34.049219,-118.257002,,peeringdb_us_facilities_20261006T160916Z.json,06037,Los Angeles,1
3423,LADC3 - 600 W 7th St,US,CA,Los Angeles,600 W 7th St,,34.047415,-118.257382,ok,34.047415,-118.257382,,peeringdb_us_facilities_20261006T160916Z.json,06037,Los Angeles,1
3424,LADC4 - 530 W 6th St,US,CA,Los Angeles,530 W 6th St,,34.048428,-118.255186,ok,34.048428,-118.255186,,peeringdb_us_facilities_20261006T160916Z.json,06037,Los Angeles,1
3425,LADC5 - 650 S Grand Ave,US,CA,Los Angeles,650 S Grand Ave,,34.047423,-118.25618,ok,34.047423,-118.25618,,peeringdb_us_facilities_20261006T160916Z.json,06037,Los Angeles,1
3426,SFDC1 - 200 Paul Ave,US,CA,San Francisco,200 Paul Ave,,37.723698,-122.398056,ok,37.723698,-122.398056,,peeringdb_us_facilities_20261006T160916Z.json,06075,San Francisco,1
3427,NYDC1 - 60 Hudson Street,US,NY,New York,60 Hudson Street,,40.717729,-74.008306,ok,40.717729,-74.008306,,peeringdb_us_facilities_20261006T160916Z.json,36061,New York,1
3428,NYDC2 - 111 8th ave,US,NY,New York,111 8th ave,,40.741469,-74.003387,ok,40.741469,-74.003387,,peeringdb_us_facilities_20261006T160916Z.json,36061,New York,1
3429,NYDC3 - 11 skyline dr,US,NY,Hawthorne,11 skyline dr,,41.088241,-73.815348,ok,41.088241,-73.815348,,peeringdb_us_facilities_20261006T160916Z.json,36119,Westchester,1
3430,NJDC1 - 100 Delawanna ave,US,NJ,Clifton,100 Delawanna ave,,40.829947,-74.126657,ok,40.829947,-74.126657,,peeringdb_us_facilities_20261006T160916Z.json,34031,Passaic,1
3431,NJDC2 - 300 J F Kennedy Blvd,US,NJ,Secaucus,275 Hartz Way,,40.777818,-74.075909,ok,40.777818,-74.075909,,peeringdb_us_facilities_20261006T160916Z.json,34017,Hudson,1
3432,BDC1 - 34 Saint Martin Dr,US,MA,Marlborough,34 Saint Martin Dr,,42.312902,-71.579257,ok,42.312902,-71.579257,,peeringdb_us_facilities_20261006T160916Z.json,25027,Worcester,1
3433,PDC1 - 9999 Hamilton blvd,US,PA,Breinigsville,9999 Hamilton blvd,unit 4,40.544235,-75.655718,ok,40.544235,-75.655718,,peeringdb_us_facilities_20261006T160916Z.json,42077,Lehigh,1
3434,PDC2 - 1000 Adams ave,US,PA,Audubon,1000 Adams ave,,40.121801,-75.421011,ok,40.121801,-75.421011,,peeringdb_us_facilities_20261006T160916Z.json,42091,Montgomery,1
3435,PDC3 - 3949 Schelden Cir,US,PA,Bethlehem,3949 Schelden Cir,,40.675013,-75.378107,ok,40.675013,-75.378107,,peeringdb_us_facilities_20261006T160916Z.json,42095,Northampton,1
3436,CDC1 - 350 E Cermak Rd,US,IL,Chicago,350 E Cermak Rd,,41.853701,-87.618252,ok,41.853701,-87.618252,,peeringdb_us_facilities_20261006T160916Z.json,17031,Cook,1
3437,CDC2 - 600 S Federal st,US,IL,Chicago,600 S Federal st,,41.874224,-87.629937,ok,41.874224,-87.629937,,peeringdb_us_facilities_20261006T160916Z.json,17031,Cook,1
3438,CDC3 - 800 E Business Center Dr,US,IL,Mount Prospect,800 E Business Center Dr,,42.078055,-87.923547,ok,42.078055,-87.923547,,peeringdb_us_facilities_20261006T160916Z.json,17031,Cook,1
3439,CDC4 - 1808 Swift Dr,US,IL,Oak Brook,1808 Swift Dr,,41.854051,-87.920916,ok,41.854051,-87.920916,,peeringdb_us_facilities_20261006T160916Z.json,17043,DuPage,1
3440,CDC5 - 2200 Busse Rd,US,IL,Elk Grove Village,2200 Busse Rd,,41.994269,-87.962053,ok,41.994269,-87.962053,,peeringdb_us_facilities_20261006T160916Z.json,17031,Cook,1
3441,MDC1 - 36 NE 2nd St,US,FL,Miami,36 NE 2nd St,,25.775825,-80.192808,ok,25.775825,-80.192808,,peeringdb_us_facilities_20261006T160916Z.json,12086,Miami-Dade,1
3442,HDC1 - 108 Bank St,US,CT,Waterbury,108 Bank St,,41.554434,-73.041219,ok,41.554434,-73.041219,,peeringdb_us_facilities_20261006T160916Z.json,09140,Naugatuck Valley,1
3457,"ColoSpace - Bedford, NH",US,NH,Bedford,8 Commerce Dr,,42.928233,-71.463933,ok,42.928233,-71.463933,,peeringdb_us_facilities_20261006T160916Z.json,33011,Hillsborough,1
3458,"ColoSpace - Waltham, MA",US,MA,Waltham,265 Winter Street,,42.399882,-71.253131,ok,42.399882,-71.253131,,peeringdb_us_facilities_20261006T160916Z.json,25017,Middlesex,1
3459,"ColoSpace - Rockland, MA",US,MA,Rockland,1050 Hingham Street,,42.166264,-70.898347,ok,42.166264,-70.898347,,peeringdb_us_facilities_20261006T160916Z.json,25023,Plymouth,1
3460,"ColoSpace - Somerville, MA",US,MA,Somerville,70 Innerbelt Road,,42.376703,-71.079763,ok,42.376703,-71.079763,,peeringdb_us_facilities_20261006T160916Z.json,25017,Middlesex,1
3469,MI Tech - Main Campus,US,MI,Houghton,1400 Townsend Drive,,47.119532,-88.551329,ok,47.119532,-88.551329,,peeringdb_us_facilities_20261006T160916Z.json,26061,Houghton,1
3482,Crown Castle Philadelphia (401 N Broad),US,PA,Philadelphia,401 N. Broad Street,,39.959668,-75.161377,ok,39.959668,-75.161377,,peeringdb_us_facilities_20261006T160916Z.json,42101,Philadelphia,1
3483,Crown Castle Hartford (960 Main),US,CT,Hartford,960 Main St,,41.768371,-72.672133,ok,41.768371,-72.672133,,peeringdb_us_facilities_20261006T160916Z.json,09110,Capitol,1
3484,Crown Castle Boston (1 Summer),US,MA,Boston,1 Summer St,,42.354692,-71.060266,ok,42.354692,-71.060266,,peeringdb_us_facilities_20261006T160916Z.json,25025,Suffolk,1
3485,Crown Castle Springfield (1 Federal),US,MA,Springfield,1 Federal St,,42.109052,-72.576013,ok,42.109052,-72.576013,,peeringdb_us_facilities_20261006T160916Z.json,25013,Hampden,1
3486,Crown Castle Newark (165 Halsey),US,NJ,Newark,165 Halsey St.,,40.736844,-74.173402,ok,40.736844,-74.173402,,peeringdb_us_facilities_20261006T160916Z.json,34013,Essex,1
3487,Crown Castle Providence (235 Promenade),US,RI,Providence,235 Promenade St.,,41.828542,-71.41934,ok,41.828542,-71.41934,,peeringdb_us_facilities_20261006T160916Z.json,44007,Providence,1
3488,Crown Castle Chicago (725 S Wells),US,IL,Chicago,725 S. Wells,,41.872619,-87.633278,ok,41.872619,-87.633278,,peeringdb_us_facilities_20261006T160916Z.json,17031,Cook,1
3489,Crown Castle Marlboro (34 St Martin),US,MA,Marlborough,34 St. Martin Dr.,,42.313247,-71.578316,ok,42.313247,-71.578316,,peeringdb_us_facilities_20261006T160916Z.json,25027,Worcester,1
3490,Crown Castle Worcester (474 Main),US,MA,Worcester,474 Main St,,42.262556,-71.802963,ok,42.262556,-71.802963,,peeringdb_us_facilities_20261006T160916Z.json,25027,Worcester,1
3491,Crown Castle New York (111 8th),US,NY,New York,111 8th Ave,,40.741469,-74.003387,ok,40.741469,-74.003387,,peeringdb_us_facilities_20261006T160916Z.json,36061,New York,1
3492,Crown Castle Providence (300 Carpenter),US,RI,Providence,300 Carpenter St.,,41.817911,-71.42888,ok,41.817911,-71.42888,,peeringdb_us_facilities_20261006T160916Z.json,44007,Providence,1
3493,Crown Castle Columbus (101 E Town),US,OH,Columbus,101 East Town St.,,39.958911,-82.996895,ok,39.958911,-82.996895,,peeringdb_us_facilities_20261006T160916Z.json,39049,Franklin,1
3498,ManagedWay TYM1,US,MI,Troy,319 Executive Dr,,42.537158,-83.099861,ok,42.537158,-83.099861,,peeringdb_us_facilities_20261006T160916Z.json,26125,Oakland,1
3499,ManagedWay TYM2,US,MI,Troy,600 Executive,,42.540615,-83.098459,ok,42.540615,-83.098459,,peeringdb_us_facilities_20261006T160916Z.json,26125,Oakland,1
3500,ManagedWay BYK1,US,MI,Byron Center,400 76th st,,42.825353,-85.672818,ok,42.825353,-85.672818,,peeringdb_us_facilities_20261006T160916Z.json,26081,Kent,1
3501,ManagedWay SFJ1,US,MI,Southfield,24700 Northwestern Hwy,,42.471634,-83.238056,ok,42.471634,-83.238056,,peeringdb_us_facilities_20261006T160916Z.json,26125,Oakland,1
3502,ManagedWay SFJ2,US,MI,Southfield,24275 Northwestern Hwy,,42.467029,-83.234962,ok,42.467029,-83.234962,,peeringdb_us_facilities_20261006T160916Z.json,26125,Oakland,1
3524,Liquid Web DC3,US,MI,Lansing,2703 Ena Dr,,42.705368,-84.666064,ok,42.705368,-84.666064,,peeringdb_us_facilities_20261006T160916Z.json,26045,Eaton,1
3581,NWT Data Center,US,FL,Miami,100 N.Biscayne Blvd,,25.775583,-80.188189,ok,25.775583,-80.188189,,peeringdb_us_facilities_20261006T160916Z.json,12086,Miami-Dade,1
3582,IM Datacenter,US,FL,Miami,36 NE 2nd St #520,,25.775811,-80.192959,ok,25.775811,-80.192959,,peeringdb_us_facilities_20261006T160916Z.json,12086,Miami-Dade,1
3634,Patmos KC1,US,MO,Kansas City,1325 Tracy Ave,,39.097212,-94.567238,ok,39.097212,-94.567238,,peeringdb_us_facilities_20261006T160916Z.json,29095,Jackson,1
3647,CoreSite - Orlando (OR1),US,FL,Orlando,9701 S John Young Parkway,,28.427139,-81.419829,ok,28.427139,-81.419829,,peeringdb_us_facilities_20261006T160916Z.json,12095,Orange,1
3663,"DartPoints Cincinnati, OH - CVG1",US,OH,Cincinnati,302 W 3rd St Ste 400,,39.098228,-84.517483,ok,39.098228,-84.517483,,peeringdb_us_facilities_20261006T160916Z.json,39061,Hamilton,1
3664,TierPoint Allentown-TekPark,US,PA,Breinigsville,9999 Hamilton Blvd,Building #4,40.544235,-75.655718,ok,40.544235,-75.655718,,peeringdb_us_facilities_20261006T160916Z.json,42077,Lehigh,1
3665,TierPoint Lehigh Valley,US,PA,Bethlehem,3949 Schelden Circle,,40.675013,-75.378107,ok,40.675013,-75.378107,,peeringdb_us_facilities_20261006T160916Z.json,42095,Northampton,1
3666,TierPoint Valley Forge,US,PA,Norristown,1000 Adams Ave,,40.121849,-75.420907,ok,40.121849,-75.420907,,peeringdb_us_facilities_20261006T160916Z.json,42091,Montgomery,1
3668,"DartPoints Asheville, NC - AVL1",US,NC,Asheville,100 Technology Dr Ste C,,35.488154,-82.558062,ok,35.488154,-82.558062,,peeringdb_us_facilities_20261006T160916Z.json,37021,Buncombe,1
3669,"DartPoints Greenville, SC - GSP1",US,SC,Greenville,78 Global Drive,,34.807763,-82.34338,ok,34.807763,-82.34338,,peeringdb_us_facilities_20261006T160916Z.json,45045,Greenville,1
3670,"DartPoints Columbia, SC - CAE1",US,SC,Columbia,1000 Catawba St Ste 180,,33.987661,-81.030715,ok,33.987661,-81.030715,,peeringdb_us_facilities_20261006T160916Z.json,45079,Richland,1
3671,"DartPoints Charleston, SC - CHS1",US,SC,Ladson,8480 Palmetto Commerce Parkway,,32.964888,-80.101283,ok,32.964888,-80.101283,,peeringdb_us_facilities_20261006T160916Z.json,45019,Charleston,1
3672,Hosted Backbone Richmond1,US,VA,Richmond,8851B Park Central Dr,,37.646784,-77.438443,ok,37.646784,-77.438443,,peeringdb_us_facilities_20261006T160916Z.json,51087,Henrico,1
3716,T5@Dallas,US,TX,Plano,6653 Pinecrest Drive,,33.064858,-96.810993,ok,33.064858,-96.810993,,peeringdb_us_facilities_20261006T160916Z.json,48085,Collin,1
3725,Digital Realty ATL14 - Atlanta,US,GA,Atlanta,250 Williams St NW,,33.761611,-84.391309,ok,33.761611,-84.391309,,peeringdb_us_facilities_20261006T160916Z.json,13121,Fulton,1
3771,Anexio NJ1,US,NJ,Piscataway,101 Possumtown Rd,,40.557342,-74.484434,ok,40.557342,-74.484434,,peeringdb_us_facilities_20261006T160916Z.json,34023,Middlesex,1
3772,Anexio ACC5,US,VA,Ashburn,44521 Hastings Dr,,39.020131,-77.463206,ok,39.020131,-77.463206,,peeringdb_us_facilities_20261006T160916Z.json,51107,Loudoun,1
3777,Aecero - Orange County (SNA1),US,CA,Anaheim,2463 W La Palma Ave,,33.848958,-117.971033,ok,33.848958,-117.971033,,peeringdb_us_facilities_20261006T160916Z.json,06059,Orange,1
3825,QuadraNet LAX,US,CA,Los Angeles,6171 W Century Blvd,Basement,33.945894,-118.393553,ok,33.945894,-118.393553,,peeringdb_us_facilities_20261006T160916Z.json,06037,Los Angeles,1
3853,DataBank Atlanta (ATL2),US,GA,Atlanta,1100 White SW,,33.733895,-84.425712,ok,33.733895,-84.425712,,peeringdb_us_facilities_20261006T160916Z.json,13121,Fulton,1
3860,FirstLight Regen Hut,US,ME,Portland,9 Westland Avenue,,43.658074,-70.29982,ok,43.658074,-70.29982,,peeringdb_us_facilities_20261006T160916Z.json,23005,Cumberland,1
3861,Opus Interactive Portland (PDX01),US,OR,Portland,1225 W Burnside Street,,45.52306,-122.683661,ok,45.52306,-122.683661,,peeringdb_us_facilities_20261006T160916Z.json,41051,Multnomah,1
3862,Opus Interactive Hillsboro (HIO01),US,OR,Hillsboro,8135 NE Evergreen Pkwy,,45.547403,-122.897906,ok,45.547403,-122.897906,,peeringdb_us_facilities_20261006T160916Z.json,41067,Washington,1
3863,Opus Interactive Dallas (DTX01),US,TX,Dallas,400 S. Akard,,32.778287,-96.7984,ok,32.778287,-96.7984,,peeringdb_us_facilities_20261006T160916Z.json,48113,Dallas,1
3864,Opus Interactive Silicon Valley (SJC01),US,CA,San Jose,2001 Fortune Dr,,37.402211,-121.892822,ok,37.402211,-121.892822,,peeringdb_us_facilities_20261006T160916Z.json,06085,Santa Clara,1
3868,Digital Fortress (PTL2),US,OR,Beaverton,9705 SW Sunshine Court,,45.476347,-122.776398,ok,45.476347,-122.776398,,peeringdb_us_facilities_20261006T160916Z.json,41067,Washington,1
3876,WhiteLabelITSolutions,US,NJ,Hackensack,150 Atlantic street,,40.883258,-74.050276,ok,40.883258,-74.050276,,peeringdb_us_facilities_20261006T160916Z.json,34003,Bergen,1
3890,Bresco Broadband Data Center,US,OH,Columbus,423 E Town Street,,39.959803,-82.988601,ok,39.959803,-82.988601,,peeringdb_us_facilities_20261006T160916Z.json,39049,Franklin,1
3891,Continental Plaza,US,OH,Columbus,180 E Broad Street,,39.963223,-82.995858,ok,39.963223,-82.995858,,peeringdb_us_facilities_20261006T160916Z.json,39049,Franklin,1
3919,H5 Data Centers Secaucus (NJ01),US,NJ,Secaucus,200B Meadowlands Parkway,,40.784817,-74.076264,ok,40.784817,-74.076264,,peeringdb_us_facilities_20261006T160916Z.json,34017,Hudson,1
3920,H5 Data Centers Portland (OR01),US,OR,Portland,"1233 NW 12th Avenue, Suite 201",,45.531851,-122.683964,ok,45.531851,-122.683964,,peeringdb_us_facilities_20261006T160916Z.json,41051,Multnomah,1
3922,Element Critical  Austin AUS1,US,TX,Austin,8025 North Interstate Highway 35,,30.3421,-97.6963,ok,30.3421,-97.6963,,peeringdb_us_facilities_20261006T160916Z.json,48453,Travis,1
3923,Tech Mahindra Cleveland,US,OH,Cleveland,Higbee Bldg.,,41.49786,-81.693321,ok,41.49786,-81.693321,,peeringdb_us_facilities_20261006T160916Z.json,39035,Cuyahoga,1
3924,Cologix MIN4,US,MN,Minneapolis,511 11th Ave S Ste 211,,44.971408,-93.25458,ok,44.971408,-93.25458,,peeringdb_us_facilities_20261006T160916Z.json,27053,Hennepin,1
3925,H5 Data Centers Nashville (TN01),US,TN,Nashville,"211 Commerce Street, Suite 700",,36.162621,-86.776316,ok,36.162621,-86.776316,,peeringdb_us_facilities_20261006T160916Z.json,47037,Davidson,1
3926,75 Broad Street,US,NY,New York,"75 Broad Street, 19th Floor",,40.704687,-74.01123,ok,40.704687,-74.01123,,peeringdb_us_facilities_20261006T160916Z.json,36061,New York,1
3927,H5 Data Centers Minneapolis,US,MN,St. Paul,"1125 Energy Park Drive, Suite 100",,44.972309,-93.147411,ok,44.972309,-93.147411,,peeringdb_us_facilities_20261006T160916Z.json,27123,Ramsey,1
3928,H5 Data Centers St. Louis (MO01),US,MO,St. Louis,"710 North Tucker Blvd., Suite 610",,38.632728,-90.195813,ok,38.632728,-90.195813,,peeringdb_us_facilities_20261006T160916Z.json,29510,St. Louis,1
3929,vXchnge Raleigh-Durham (NC01),US,NC,Durham,"4518 South Miami Blvd., Suite 100",,35.895769,-78.849214,ok,35.895769,-78.849214,,peeringdb_us_facilities_20261006T160916Z.json,37063,Durham,1
3930,Evocative New York (JFK2),US,NY,Chappaqua,480 N. Bedford Plaza,,41.180558,-73.755109,ok,41.180558,-73.755109,,peeringdb_us_facilities_20261006T160916Z.json,36119,Westchester,1
3931,H5 Data Centers Pittsburgh (PA02),US,PA,Pittsburgh,2202 Liberty Avenue,,40.452053,-79.980564,ok,40.452053,-79.980564,,peeringdb_us_facilities_20261006T160916Z.json,42003,Allegheny,1
3951,Verizon Atlanta,US,GA,Atlanta,999 Lee St. S.W.,,33.727965,-84.417833,ok,33.727965,-84.417833,,peeringdb_us_facilities_20261006T160916Z.json,13121,Fulton,1
4021,University of Oregon,US,OR,Eugene,Oregon Hall,1585 E 13th Ave,44.045988,-123.07043,ok,44.045988,-123.07043,,peeringdb_us_facilities_20261006T160916Z.json,41039,Lane,1
4047,Centersquare Albuquerque (ABQ1),US,NM,Albuquerque,400 Tijeras Blvd,,35.086183,-106.651864,ok,35.086183,-106.651864,,peeringdb_us_facilities_20261006T160916Z.json,35001,Bernalillo,1
4048,Centersquare Atlanta (ATL1-A/B/C),US,GA,Lithia Springs,375 Riverside Parkway,,33.74424,-84.58259,ok,33.74424,-84.58259,,peeringdb_us_facilities_20261006T160916Z.json,13097,Douglas,1
4049,Centersquare Boston (BOS1-A),US,MA,Waltham,580 Winter St,,42.396785,-71.267452,ok,42.396785,-71.267452,,peeringdb_us_facilities_20261006T160916Z.json,25017,Middlesex,1
4069,AINET - Beltsville,US,MD,Beltsville,11700 Montgomery Rd,,39.052767,-76.925864,ok,39.052767,-76.925864,,peeringdb_us_facilities_20261006T160916Z.json,24033,Prince George's,1
4104,Consolidated - 770 Elm St.,US,NH,Manchester,770 Elm St.,,42.989023,-71.46365,ok,42.989023,-71.46365,,peeringdb_us_facilities_20261006T160916Z.json,33011,Hillsborough,1
4105,Consolidated - 266 Main St.,US,VT,Burlington,266 Main St.,,44.476496,-73.208582,ok,44.476496,-73.208582,,peeringdb_us_facilities_20261006T160916Z.json,50007,Chittenden,1
4106,Consolidated - 45 Forest Ave.,US,ME,Portland,45 Forest Ave,,43.656009,-70.263803,ok,43.656009,-70.263803,,peeringdb_us_facilities_20261006T160916Z.json,23005,Cumberland,1
4165,Switch Tahoe Reno,US,NV,McCarran,1 Superloop Circle,,39.515706,-119.471281,ok,39.515706,-119.471281,,peeringdb_us_facilities_20261006T160916Z.json,32029,Storey,1
4226,Sabey Intergate East Building 4,US,WA,Tukwila,3433 South 120th Place,Sabey Intergate East Building 4,47.493087,-122.293706,ok,47.493087,-122.293706,,peeringdb_us_facilities_20261006T160916Z.json,53033,King,1
4279,Verus Corportation,US,MN,Coon Rapids,201 85th Avenue NW,,45.124986,-93.2728,ok,45.124986,-93.2728,,peeringdb_us_facilities_20261006T160916Z.json,27003,Anoka,1
4284,DataBank Dallas (DFW1),US,TX,Dallas,400 South Akard St,,32.778287,-96.7984,ok,32.778287,-96.7984,,peeringdb_us_facilities_20261006T160916Z.json,48113,Dallas,1
4285,DataBank Dallas (DFW2),US,TX,Richardson,904 Quality Way,,32.966683,-96.711345,ok,32.966683,-96.711345,,peeringdb_us_facilities_20261006T160916Z.json,48113,Dallas,1
4286,DataBank Dallas (DFW3),US,TX,Plano,8375 Dominion Pkwy,,33.08846,-96.813905,ok,33.08846,-96.813905,,peeringdb_us_facilities_20261006T160916Z.json,48085,Collin,1
4287,DataBank Minneapolis (MSP1),US,MN,Edina,7700 France Avenue South,,44.862766,-93.330405,ok,44.862766,-93.330405,,peeringdb_us_facilities_20261006T160916Z.json,27053,Hennepin,1
4288,DataBank Minneapolis (MSP2),US,MN,Eagan,3255 Neil Armstrong Boulevard,,44.838484,-93.145777,ok,44.838484,-93.145777,,peeringdb_us_facilities_20261006T160916Z.json,27037,Dakota,1
4290,DataBank Kansas City (MCI2),US,KS,Overland Park,10605 W. 84th Terrace,,38.975187,-94.708903,ok,38.975187,-94.708903,,peeringdb_us_facilities_20261006T160916Z.json,20091,Johnson,1
4291,DataBank Cleveland (CLE1),US,OH,Cleveland,1225 Euclid Avenue,,41.501022,-81.684102,ok,41.501022,-81.684102,,peeringdb_us_facilities_20261006T160916Z.json,39035,Cuyahoga,1
4292,DataBank Pittsburgh (PIT1),US,PA,Pittsburgh,100 South Commons,,40.451062,-80.005186,ok,40.451062,-80.005186,,peeringdb_us_facilities_20261006T160916Z.json,42003,Allegheny,1
4293,DataBank Salt Lake City (SLC1),US,UT,Salt Lake City,179 Social Hall Avenue,,40.768519,-111.885833,ok,40.768519,-111.885833,,peeringdb_us_facilities_20261006T160916Z.json,49035,Salt Lake,1
4294,DataBank Salt Lake City (SLC2),US,UT,Bluffdale,14944 Pony Express Road,,40.480032,-111.904533,ok,40.480032,-111.904533,,peeringdb_us_facilities_20261006T160916Z.json,49035,Salt Lake,1
4295,DataBank Salt Lake City (SLC3),US,UT,Bluffdale,14926 Pony Express Road,,40.479891,-111.905781,ok,40.479891,-111.905781,,peeringdb_us_facilities_20261006T160916Z.json,49035,Salt Lake,1
4334,1706 Richardson,US,AK,Delta Junction,1706 Richardson Hwy,,64.034628,-145.731673,ok,64.034628,-145.731673,,peeringdb_us_facilities_20261006T160916Z.json,02240,Southeast Fairbanks,1
4347,Smartcom Telephone (MCAL2),US,TX,McAllen,601 Beech Avenue,,26.203611,-98.225848,ok,26.203611,-98.225848,,peeringdb_us_facilities_20261006T160916Z.json,48215,Hidalgo,1
4348,Smartcom Telephone (MCAL1),US,TX,McAllen,601 Beech Avenue,,26.203638,-98.225835,ok,26.203638,-98.225835,,peeringdb_us_facilities_20261006T160916Z.json,48215,Hidalgo,1
4371,TierPoint Dallas,US,TX,Dallas,3004 Irving Blvd,,32.807982,-96.857362,ok,32.807982,-96.857362,,peeringdb_us_facilities_20261006T160916Z.json,48113,Dallas,1
4372,TierPoint Dallas2 - Allen,US,TX,Allen,820 Allen Commerce Parkway,,33.137525,-96.657906,ok,33.137525,-96.657906,,peeringdb_us_facilities_20261006T160916Z.json,48085,Collin,1
4373,TierPoint Jacksonville,US,FL,Jacksonville,8324 Baymeadows Way,,30.216587,-81.581459,ok,30.216587,-81.581459,,peeringdb_us_facilities_20261006T160916Z.json,12031,Duval,1
4374,TierPoint Nashville,US,TN,Franklin,311 Eddy Lane,,35.924575,-86.85582,ok,35.924575,-86.85582,,peeringdb_us_facilities_20261006T160916Z.json,47187,Williamson,1
4443,Equinix DE1 - Denver,US,CO,Englewood,9706 East Easter Avenue,,39.587739,-104.864707,ok,39.587739,-104.864707,,peeringdb_us_facilities_20261006T160916Z.json,08005,Arapahoe,1
4505,EDCDET01,US,MI,Southfield,21005 Lahser Rd,,42.448537,-83.261226,ok,42.448537,-83.261226,,peeringdb_us_facilities_20261006T160916Z.json,26125,Oakland,1
4514,Fireline Broadband,US,CA,Santa Fe Springs,9911 Norwalk Blvd,,33.948356,-118.073256,ok,33.948356,-118.073256,,peeringdb_us_facilities_20261006T160916Z.json,06037,Los Angeles,1
4546,LightEdge Des Moines 1 (DSM1),US,IA,Altoona,1435 Northridge Cir,,41.667665,-93.455473,ok,41.667665,-93.455473,,peeringdb_us_facilities_20261006T160916Z.json,19153,Polk,1
4547,LightEdge Des Moines 2 (DSM2),US,IA,Altoona,1401 Northridge Cir,,41.666762,-93.455725,ok,41.666762,-93.455725,,peeringdb_us_facilities_20261006T160916Z.json,19153,Polk,1
4548,LightEdge Kansas City Subtropolis (KCI1),US,MO,Kansas City,9050 NE Underground Drive,Pillar 312,39.159195,-94.471237,ok,39.159195,-94.471237,,peeringdb_us_facilities_20261006T160916Z.json,29047,Clay,1
4549,LightEdge Omaha (OMA1),US,NE,Papillion,1148 American Parkway,,41.159748,-96.025585,ok,41.159748,-96.025585,,peeringdb_us_facilities_20261006T160916Z.json,31153,Sarpy,1
4571,Quest Roseville,US,CA,Roseville,9000 Foothills Blvd,,38.789905,-121.313861,ok,38.789905,-121.313861,,peeringdb_us_facilities_20261006T160916Z.json,06061,Placer,1
4572,Omnis Network Phoenix,US,AZ,Tempe,1005 W. Geneva Dr.,,33.394673,-111.952418,ok,33.394673,-111.952418,,peeringdb_us_facilities_20261006T160916Z.json,04013,Maricopa,1
4580,MDC El Paso,US,TX,El Paso,11455 Cedar Oak Dr,,31.750001,-106.309928,ok,31.750001,-106.309928,,peeringdb_us_facilities_20261006T160916Z.json,48141,El Paso,1
4581,MDC Laredo,US,TX,Laredo,13619 Cabezut Dr,,27.690636,-99.450354,ok,27.690636,-99.450354,,peeringdb_us_facilities_20261006T160916Z.json,48479,Webb,1
4582,Cogent New York 1,US,NY,New York,25 Broadway,,40.705781,-74.013972,ok,40.705781,-74.013972,,peeringdb_us_facilities_20261006T160916Z.json,36061,New York,1
4600,CyrusOne Sterling V,US,VA,Sterling,21350 Pacific Blvd,,39.027202,-77.435827,ok,39.027202,-77.435827,,peeringdb_us_facilities_20261006T160916Z.json,51107,Loudoun,1
4604,Coloblox Data Centers ATL2,US,GA,Atlanta,55 Marietta St NW,,33.755851,-84.391243,ok,33.755851,-84.391243,,peeringdb_us_facilities_20261006T160916Z.json,13121,Fulton,1
4666,"Equinix BO2 - Boston, Billerica",US,MA,Billerica,41-43 Alexander Road,,42.55167,-71.215669,ok,42.55167,-71.215669,,peeringdb_us_facilities_20261006T160916Z.json,25017,Middlesex,1
4675,Digital Realty SJC (3205 Alfred St),US,CA,Santa Clara,3205 Alfred Street,,37.379576,-121.958562,ok,37.379576,-121.958562,,peeringdb_us_facilities_20261006T160916Z.json,06085,Santa Clara,1
4676,Digital Realty SJC (3105 Alfred St),US,CA,Santa Clara,3105 Alfred Street,,37.378271,-121.958112,ok,37.378271,-121.958112,,peeringdb_us_facilities_20261006T160916Z.json,06085,Santa Clara,1
4678,Digital Realty SJC (3011 Lafayette St),US,CA,Santa Clara,3011 Lafayette Street,,37.376362,-121.948543,ok,37.376362,-121.948543,,peeringdb_us_facilities_20261006T160916Z.json,06085,Santa Clara,1
4679,Digital Realty SJC (1725 Comstock St),US,CA,Santa Clara,1725 Comstock St,,37.375034,-121.958096,ok,37.375034,-121.958096,,peeringdb_us_facilities_20261006T160916Z.json,06085,Santa Clara,1
4680,Digital Realty SJC (1525 Comstock St),US,CA,Santa Clara,1525 Comstock Street,,37.37493,-121.956008,ok,37.37493,-121.956008,,peeringdb_us_facilities_20261006T160916Z.json,06085,Santa Clara,1
4681,Digital Realty SJC (1500 Space Park Dr),US,CA,Santa Clara,1500 Space Park Drive,,37.375801,-121.955182,ok,37.375801,-121.955182,,peeringdb_us_facilities_20261006T160916Z.json,06085,Santa Clara,1
4682,Digital Realty SJC (1201 Comstock St),US,CA,Santa Clara,1201 Comstock Street,,37.37498,-121.954079,ok,37.37498,-121.954079,,peeringdb_us_facilities_20261006T160916Z.json,06085,Santa Clara,1
4745,Digital Realty IAD (44100 Digital Loudoun),US,VA,Ashburn,44100 Digital Loudoun Plaza,Building J,39.001795,-77.47841,ok,39.001795,-77.47841,,peeringdb_us_facilities_20261006T160916Z.json,51107,Loudoun,1
4747,H5 Data Centers Virginia (4030),US,VA,Chantilly,4030 Lafayette Center Dr.,,38.910141,-77.472549,ok,38.910141,-77.472549,,peeringdb_us_facilities_20261006T160916Z.json,51059,Fairfax,1
4748,H5 Data Centers Virginia (4040),US,VA,Chantilly,4040 Lafayette Center Dr.,,38.909881,-77.473498,ok,38.909881,-77.473498,,peeringdb_us_facilities_20261006T160916Z.json,51059,Fairfax,1
4749,H5 Data Centers Virginia (4050),US,VA,Chantilly,4050 Lafayette Center Dr.,,38.909241,-77.472266,ok,38.909241,-77.472266,,peeringdb_us_facilities_20261006T160916Z.json,51059,Fairfax,1
4750,43915 Devin Shafron,US,VA,Ashburn,43915 Devin Shafron Drive,Building A,39.002814,-77.481851,ok,39.002814,-77.481851,,peeringdb_us_facilities_20261006T160916Z.json,51107,Loudoun,1
4751,Digital Realty IAD (43881 Devin Shafron),US,VA,Ashburn,43881 Devin Shafron Drive,Building B,39.002034,-77.483444,ok,39.002034,-77.483444,,peeringdb_us_facilities_20261006T160916Z.json,51107,Loudoun,1
4752,Digital Realty IAD (43791 Devin Shafron),US,VA,Ashburn,43791 Devin Shafron Drive,Building D,39.003285,-77.487214,ok,39.003285,-77.487214,,peeringdb_us_facilities_20261006T160916Z.json,51107,Loudoun,1
4753,Digital Realty IAD (43830 Devin Shafron),US,VA,Ashburn,43830 Devin Shafron Dr,Building F,39.004182,-77.484108,ok,39.004182,-77.484108,,peeringdb_us_facilities_20261006T160916Z.json,51107,Loudoun,1
4754,Digital Realty IAD (44060 Digital Loudoun),US,VA,Ashburn,44060 Digital Loudoun Plaza,Building K,39.001795,-77.47841,ok,39.001795,-77.47841,,peeringdb_us_facilities_20261006T160916Z.json,51107,Loudoun,1
4755,Digital Realty IAD (44490 Chilum),US,VA,Ashburn,44490 Chilum Place,,39.020901,-77.459831,ok,39.020901,-77.459831,,peeringdb_us_facilities_20261006T160916Z.json,51107,Loudoun,1
4756,Digital Realty IAD (44520 Hastings),US,VA,Ashburn,44520 Hastings Drive,,39.020372,-77.459125,ok,39.020372,-77.459125,,peeringdb_us_facilities_20261006T160916Z.json,51107,Loudoun,1
4757,Digital Realty IAD (21625 Gresham),US,VA,Ashburn,21625 Gresham Drive,,39.017522,-77.465676,ok,39.017522,-77.465676,,peeringdb_us_facilities_20261006T160916Z.json,51107,Loudoun,1
4758,Digital Realty IAD (21745 Sir Timothy),US,VA,Ashburn,21745 Sir Timothy Drive,,39.014286,-77.466327,ok,39.014286,-77.466327,,peeringdb_us_facilities_20261006T160916Z.json,51107,Loudoun,1
4759,Digital Realty IAD (1780 Business Center),US,VA,Reston,1780 Business Center Drive,,38.948482,-77.327203,ok,38.948482,-77.327203,,peeringdb_us_facilities_20261006T160916Z.json,51059,Fairfax,1
4760,Digital Realty GNV (8217 Linton Hall),US,VA,Gainesville,8217 Linton Hall Rd,,38.775892,-77.596103,ok,38.775892,-77.596103,,peeringdb_us_facilities_20261006T160916Z.json,51153,Prince William,1
4770,Digital Realty CLT (113 N Myers St),US,NC,Charlotte,113 North Myers Street,,35.221885,-80.835538,ok,35.221885,-80.835538,,peeringdb_us_facilities_20261006T160916Z.json,37119,Mecklenburg,1
4773,Digital Realty EWR (2 Peekay),US,NJ,Clifton,2 Peekay Drive,,40.830886,-74.125188,ok,40.830886,-74.125188,,peeringdb_us_facilities_20261006T160916Z.json,34031,Passaic,1
4804,Aphorio Carter Trumbull Data Center,US,CT,Trumbull,60-80 Merritt Boulevard,,41.240684,-73.147321,ok,41.240684,-73.147321,,peeringdb_us_facilities_20261006T160916Z.json,09120,Greater Bridgeport,1
4870,Digital Realty AUS11 - Austin,US,TX,Austin,7500 Metro Center Drive,,30.212179,-97.695775,ok,30.212179,-97.695775,,peeringdb_us_facilities_20261006T160916Z.json,48453,Travis,1
4906,Jaguar Communications,US,MN,Owatonna,213 S. Oak,,44.083125,-93.228236,ok,44.083125,-93.228236,,peeringdb_us_facilities_20261006T160916Z.json,27147,Steele,1
4952,Serverfarm LAX1 Los Angeles,US,CA,El Segundo,444 North Nash Street,,33.921614,-118.386551,ok,33.921614,-118.386551,,peeringdb_us_facilities_20261006T160916Z.json,06037,Los Angeles,1
4953,Cogent Seattle,US,WA,Federal Way,32275 32nd Avenue South,,47.31176,-122.294551,ok,47.31176,-122.294551,,peeringdb_us_facilities_20261006T160916Z.json,53033,King,1
4966,Cogent Herndon,US,VA,Herndon,510 Huntmar Park Dr,,38.962883,-77.380442,ok,38.962883,-77.380442,,peeringdb_us_facilities_20261006T160916Z.json,51059,Fairfax,1
4990,Burbank Water and Power,US,CA,Burbank,164 W. Magnolia Blvd,,34.177856,-118.316743,ok,34.177856,-118.316743,,peeringdb_us_facilities_20261006T160916Z.json,06037,Los Angeles,1
4992,Flexential - Philadelphia/Collegeville (PHL01),US,PA,Collegeville,1000 Black Rock Road,,40.151699,-75.479529,ok,40.151699,-75.479529,,peeringdb_us_facilities_20261006T160916Z.json,42091,Montgomery,1
4993,Flexential - Dallas/Plano (DFW01),US,TX,Plano,3500 E Plano Parkway,,33.007418,-96.666318,ok,33.007418,-96.666318,,peeringdb_us_facilities_20261006T160916Z.json,48085,Collin,1
4994,Flexential - Fort Lauderdale (FLL1/2),US,FL,Fort Lauderdale,5301 NW 33rd Ave,,26.190264,-80.19326,ok,26.190264,-80.19326,,peeringdb_us_facilities_20261006T160916Z.json,12011,Broward,1
4995,Flexential - Atlanta/Norcross (ATL1/2),US,GA,Norcross,2775 Northwoods Parkway NW,,33.954763,-84.198645,ok,33.954763,-84.198645,,peeringdb_us_facilities_20261006T160916Z.json,13135,Gwinnett,1
4996,Flexential - Atlanta/Alpharetta (ATL3/4),US,GA,Alpharetta,12655 Edison Dr.,,34.08716,-84.252346,ok,34.08716,-84.252346,,peeringdb_us_facilities_20261006T160916Z.json,13121,Fulton,1
4998,Flexential - Charlotte/South (CLT1/2/3),US,NC,Charlotte,"8910 Lenox Pointe Drive, Suite A",,35.135366,-80.93693,ok,35.135366,-80.93693,,peeringdb_us_facilities_20261006T160916Z.json,37119,Mecklenburg,1
4999,Flexential - Charlotte/North (CLT4/5),US,NC,Charlotte,10105 David Taylor Dr,,35.329674,-80.766017,ok,35.329674,-80.766017,,peeringdb_us_facilities_20261006T160916Z.json,37119,Mecklenburg,1
5000,Flexential - Jacksonville (JAX1/2),US,FL,Jacksonville,"4905 Belfort Road, Suite 145",,30.24567,-81.581866,ok,30.24567,-81.581866,,peeringdb_us_facilities_20261006T160916Z.json,12031,Duval,1
5001,Flexential - Louisville/Downtown (LOU02/03/04),US,KY,Louisville,752 Barret Avenue,,38.242458,-85.733412,ok,38.242458,-85.733412,,peeringdb_us_facilities_20261006T160916Z.json,21111,Jefferson,1
5002,Flexential - Louisville/East (LOU5),US,KY,Louisville,2101  Nelson Miller Pkwy,,38.276081,-85.50733,ok,38.276081,-85.50733,,peeringdb_us_facilities_20261006T160916Z.json,21111,Jefferson,1
5003,Flexential - Nashville/Brentwood (NAS01/04),US,TN,Brentwood,"7100 Commerce Way, Suite 25,",,35.972453,-86.808748,ok,35.972453,-86.808748,,peeringdb_us_facilities_20261006T160916Z.json,47187,Williamson,1
5004,Flexential - Nashville/Cool Springs (NAS02/03),US,TN,Franklin,"425 Duke Drive, Suite 400",,35.951091,-86.833251,ok,35.951091,-86.833251,,peeringdb_us_facilities_20261006T160916Z.json,47187,Williamson,1
5005,Flexential - Nashville/Franklin (NAS05/06),US,TN,Franklin,4600 Carothers Parkway,,35.92028,-86.815618,ok,35.92028,-86.815618,,peeringdb_us_facilities_20261006T160916Z.json,47187,Williamson,1
5007,Flexential - Raleigh (RAL01/02/03),US,NC,Morrisville,"5150 McCrimmon Parkway Suite 419,",,35.84984,-78.829017,ok,35.84984,-78.829017,,peeringdb_us_facilities_20261006T160916Z.json,37183,Wake,1
5008,Flexential - Richmond (RIC01/02),US,VA,Richmond,8851 Park Central Dr. Suite B,,37.646784,-77.438443,ok,37.646784,-77.438443,,peeringdb_us_facilities_20261006T160916Z.json,51087,Henrico,1
5009,Flexential - Tampa/West (TPA01/02),US,FL,Tampa,9417 Corporate Lake Dr,,28.036955,-82.540938,ok,28.036955,-82.540938,,peeringdb_us_facilities_20261006T160916Z.json,12057,Hillsborough,1
5010,Flexential - Tampa/North (TPA03),US,FL,Tampa,8350 Parkedge Drive,,28.074222,-82.368201,ok,28.074222,-82.368201,,peeringdb_us_facilities_20261006T160916Z.json,12057,Hillsborough,1
5020,Colocation Northwest - Tacoma,US,WA,Tacoma,1101 A Street,,47.253339,-122.436765,ok,47.253339,-122.436765,,peeringdb_us_facilities_20261006T160916Z.json,53053,Pierce,1
5042,"702 Communications - Moorhead, MN",US,MN,Moorhead,702 Main Ave,,46.874078,-96.769171,ok,46.874078,-96.769171,,peeringdb_us_facilities_20261006T160916Z.json,27027,Clay,1
5084,Data Center West Medford,US,OR,Medford,739 Welch Street,,42.332451,-122.880416,ok,42.332451,-122.880416,,peeringdb_us_facilities_20261006T160916Z.json,41029,Jackson,1
5085,Data Center West Eugene,US,OR,Eugene,800 Willamette Street,,44.05071,-123.093116,ok,44.05071,-123.093116,,peeringdb_us_facilities_20261006T160916Z.json,41039,Lane,1
5092,H5 Data Centers Albuquerque,US,NM,Albuquerque,505 Marquette Ave NW,,35.088555,-106.652284,ok,35.088555,-106.652284,,peeringdb_us_facilities_20261006T160916Z.json,35001,Bernalillo,1
5111,EdgeConneX Miami (EDCMIA02),US,FL,Miami,475 NE 185th St,,25.945524,-80.191391,ok,25.945524,-80.191391,,peeringdb_us_facilities_20261006T160916Z.json,12086,Miami-Dade,1
5113,University of Maine - Neville Telecom Colo,US,ME,Orono,5752 Neville Hall,,44.901994,-68.66674,ok,44.901994,-68.66674,,peeringdb_us_facilities_20261006T160916Z.json,23019,Penobscot,1
5138,Digital Realty PHX15 (2121 S Price Rd),US,AZ,Chandler,2121 South Price Road,,33.27485,-111.886948,ok,33.27485,-111.886948,,peeringdb_us_facilities_20261006T160916Z.json,04013,Maricopa,1
5150,QTS Ashburn (ASH1),US,VA,Sterling,22271 Broderick Drive,,39.000373,-77.448809,ok,39.000373,-77.448809,,peeringdb_us_facilities_20261006T160916Z.json,51107,Loudoun,1
5183,WowRack,US,WA,Tukwila,12201 Tukwila International Blvd,,47.49312,-122.293712,ok,47.49312,-122.293712,,peeringdb_us_facilities_20261006T160916Z.json,53033,King,1
5187,Digital Realty IAD 39 (44274 Round Table),US,VA,Ashburn,44274 Round Table Plaza,,32.958748,-96.822079,ok,32.958748,-96.822079,,peeringdb_us_facilities_20261006T160916Z.json,48113,Dallas,1
5197,CyrusOne Dallas (Allen),US,TX,Allen,840 Allen Commerce Parkway,,33.137525,-96.657906,ok,33.137525,-96.657906,,peeringdb_us_facilities_20261006T160916Z.json,48085,Collin,1
5204,"Lawton Information Services, LLC",US,FL,Lakeland,6000 S Florida Ave #7284,,27.958465,-81.965329,ok,27.958465,-81.965329,,peeringdb_us_facilities_20261006T160916Z.json,12105,Polk,1
5211,HostDime Orlando Data Center,US,FL,Orlando,440 West Kennedy Blvd,,28.617526,-81.393381,ok,28.617526,-81.393381,,peeringdb_us_facilities_20261006T160916Z.json,12095,Orange,1
5231,CentriLogic Rochester (ROC),US,NY,Rochester,28 Mansfield Street,,43.167127,-77.673029,ok,43.167127,-77.673029,,peeringdb_us_facilities_20261006T160916Z.json,36055,Monroe,1
5232,CentriLogic Buffalo (BUF),US,NY,Buffalo,350 Main Street,,42.884112,-78.875431,ok,42.884112,-78.875431,,peeringdb_us_facilities_20261006T160916Z.json,36029,Erie,1
5246,X2nSat Petaluma,US,CA,Petaluma,"1310 Redwood Way, Ste C",,38.274793,-122.666564,ok,38.274793,-122.666564,,peeringdb_us_facilities_20261006T160916Z.json,06097,Sonoma,1
5268,TRG Datacenters Houston (HOU1) (HOU2),US,TX,Spring,2626 Spring Cypress Road,,30.065987,-95.459024,ok,30.065987,-95.459024,,peeringdb_us_facilities_20261006T160916Z.json,48201,Harris,1
5269,TierPoint St. Louis - Olive,US,MO,St. Louis,1111 Olive Street,,38.629757,-90.196398,ok,38.629757,-90.196398,,peeringdb_us_facilities_20261006T160916Z.json,29510,St. Louis,1
5270,TierPoint St. Louis - Walnut,US,MO,St. Louis,900 Walnut Street,,38.625536,-90.195238,ok,38.625536,-90.195238,,peeringdb_us_facilities_20261006T160916Z.json,29510,St. Louis,1
5326,Wave Data Centers San Francisco,US,CA,San Francisco,200 Paul Ave,,37.723698,-122.398056,ok,37.723698,-122.398056,,peeringdb_us_facilities_20261006T160916Z.json,06075,San Francisco,1
5334,Equinix HO1 - Houston,US,TX,Houston,1515 Aldine Meadows Road,,29.9358,-95.36435,ok,29.9358,-95.36435,,peeringdb_us_facilities_20261006T160916Z.json,48201,Harris,1
5342,TierPoint Baltimore,US,MD,Baltimore,1401 Russell Street,,39.27541,-76.625461,ok,39.27541,-76.625461,,peeringdb_us_facilities_20261006T160916Z.json,24510,Baltimore,1
5363,Aunalytics Kalamazoo Datacenter,US,MI,Kalamazoo,6395 Technology Ave,,42.246545,-85.675111,ok,42.246545,-85.675111,,peeringdb_us_facilities_20261006T160916Z.json,26077,Kalamazoo,1
5373,Iron Mountain Data Center - Manassas (VA-1),US,VA,Manassas,11680 Hayden Road,,38.778046,-77.547069,ok,38.778046,-77.547069,,peeringdb_us_facilities_20261006T160916Z.json,51153,Prince William,1
5434,Serverfarm CH1 Chicago,US,IL,Chicago,840 S. Canal Street,,41.870905,-87.640153,ok,41.870905,-87.640153,,peeringdb_us_facilities_20261006T160916Z.json,17031,Cook,1
5435,Serverfarm ATL1 Atlanta,US,GA,Suwanee,305 Satellite Blvd,,34.036063,-84.063817,ok,34.036063,-84.063817,,peeringdb_us_facilities_20261006T160916Z.json,13135,Gwinnett,1
5436,ScaleMatrix Charlotte Data Center US-East 01,US,NC,Charlotte,1805 Center Park Drive,,35.173088,-80.927807,ok,35.173088,-80.927807,,peeringdb_us_facilities_20261006T160916Z.json,37119,Mecklenburg,1
5437,Serverfarm TiTAN Moses Lake,US,WA,Moses Lake,4949 Randolph Rd NE,,47.181497,-119.3215,ok,47.181497,-119.3215,,peeringdb_us_facilities_20261006T160916Z.json,53025,Grant,1
5438,Serverfarm CH2 Oak Brook / Chicago,US,IL,Oak Brook,800 Jorie Blvd,,41.845343,-87.941522,ok,41.845343,-87.941522,,peeringdb_us_facilities_20261006T160916Z.json,17043,DuPage,1
5439,ServerFarm SC1,US,CA,Santa Clara,5101 Lafayette Street,,37.407382,-121.965885,ok,37.407382,-121.965885,,peeringdb_us_facilities_20261006T160916Z.json,06085,Santa Clara,1
5467,CoreSite - Reston (VA3),US,VA,Reston,12369 Sunrise Valley Dr,,38.948941,-77.371495,ok,38.948941,-77.371495,,peeringdb_us_facilities_20261006T160916Z.json,51059,Fairfax,1
5483,Peace Communications NSH2,US,TN,Nashville,1661 Murfreesboro Pike,,36.103326,-86.668932,ok,36.103326,-86.668932,,peeringdb_us_facilities_20261006T160916Z.json,47037,Davidson,1
5500,INOC Albany (11 North Pearl St),US,NY,Albany,11 North Pearl St,,42.650018,-73.752061,ok,42.650018,-73.752061,,peeringdb_us_facilities_20261006T160916Z.json,36001,Albany,1
5501,INOC Albany (4 Tower Pl),US,NY,Albany,4 Tower Place,,42.686106,-73.84255,ok,42.686106,-73.84255,,peeringdb_us_facilities_20261006T160916Z.json,36001,Albany,1
5522,OzarksGo Fayetteville,US,AR,Fayetteville,3641 Wedington Drive,,36.077952,-94.212464,ok,36.077952,-94.212464,,peeringdb_us_facilities_20261006T160916Z.json,05143,Washington,1
5545,Intergate.Quincy,US,WA,Quincy,2200 M St NE,,47.246308,-119.815715,ok,47.246308,-119.815715,,peeringdb_us_facilities_20261006T160916Z.json,53025,Grant,1
5600,Subrigo LAX11,US,CA,Los Angeles,"650 S Grand Ave, Ste 701",,34.047423,-118.25618,ok,34.047423,-118.25618,,peeringdb_us_facilities_20261006T160916Z.json,06037,Los Angeles,1
5601,Subrigo DET11,US,MI,Southfield,24700 Northwestern Highway,,42.471612,-83.238138,ok,42.471612,-83.238138,,peeringdb_us_facilities_20261006T160916Z.json,26125,Oakland,1
5609,Indiana University Data Center,US,IN,Bloomington,2737 E 10th St,,39.174464,-86.500753,ok,39.174464,-86.500753,,peeringdb_us_facilities_20261006T160916Z.json,18105,Monroe,1
5617,JAX NAP,US,FL,Jacksonville,421 W Church St.,,30.331375,-81.662322,ok,30.331375,-81.662322,,peeringdb_us_facilities_20261006T160916Z.json,12031,Duval,1
5648,Simple Helix,US,AL,Huntsville,165 West Park Loop,,34.745454,-86.691888,ok,34.745454,-86.691888,,peeringdb_us_facilities_20261006T160916Z.json,01089,Madison,1
5693,RACK59 Data Center,US,OK,Oklahoma City,"7725 W Reno Ave, Ste #304",,35.466482,-97.649302,ok,35.466482,-97.649302,,peeringdb_us_facilities_20261006T160916Z.json,40109,Oklahoma,1
5745,Hawaii Pacific Teleport,US,HI,Kapolei,91340 Farrington Highway,,21.334443,-158.08691,ok,21.334443,-158.08691,,peeringdb_us_facilities_20261006T160916Z.json,15003,Honolulu,1
5775,Crown Castle Los Angeles (624 S Grand),US,CA,Los Angeles,"624 South Grand Ave, Suite 1207",,34.047948,-118.255358,ok,34.047948,-118.255358,,peeringdb_us_facilities_20261006T160916Z.json,06037,Los Angeles,1
5804,IP Pathways DSM1,US,IA,Urbandale,3600 109th St,,41.627418,-93.768033,ok,41.627418,-93.768033,,peeringdb_us_facilities_20261006T160916Z.json,19153,Polk,1
5835,TulsaConnect DC3,US,OK,Tulsa,4500 S 129th E Ave,,36.098083,-95.839889,ok,36.098083,-95.839889,,peeringdb_us_facilities_20261006T160916Z.json,40143,Tulsa,1
5839,QX.Net Lexington,US,KY,Lexington,333 West Vine St,,38.047912,-84.499563,ok,38.047912,-84.499563,,peeringdb_us_facilities_20261006T160916Z.json,21067,Fayette,1
5890,Evocative ATL1,US,GA,Atlanta,250 Williams Street,,33.761505,-84.39141,ok,33.761505,-84.39141,,peeringdb_us_facilities_20261006T160916Z.json,13121,Fulton,1
5945,NJFX,US,NJ,Wall,1410 Wall Church Rd.,,40.16059,-74.052962,ok,40.16059,-74.052962,,peeringdb_us_facilities_20261006T160916Z.json,34025,Monmouth,1
5951,LightWave Networks,US,MA,Needham,105 Cabot St,,42.302267,-71.219577,ok,42.302267,-71.219577,,peeringdb_us_facilities_20261006T160916Z.json,25021,Norfolk,1
5970,LightEdge Austin 1 (AUS1),US,TX,Austin,2916 Montopolis Dr,,30.214315,-97.712733,ok,30.214315,-97.712733,,peeringdb_us_facilities_20261006T160916Z.json,48453,Travis,1
5971,LightEdge Austin 2 (AUS2),US,TX,Austin,7000-B Burleson Rd,,30.200169,-97.70627,ok,30.200169,-97.70627,,peeringdb_us_facilities_20261006T160916Z.json,48453,Travis,1
6011,H5 Data Centers San Antonio,US,TX,San Antonio,100 Taylor St,,29.429369,-98.486791,ok,29.429369,-98.486791,,peeringdb_us_facilities_20261006T160916Z.json,48029,Bexar,1
6022,Coloblox Data Centers ATL3,US,GA,Atlanta,900 Circle 75 Pkwy SE,,33.887451,-84.467834,ok,33.887451,-84.467834,,peeringdb_us_facilities_20261006T160916Z.json,13067,Cobb,1
6064,InterConnX Realty,US,TX,Houston,1415 Louisiana St.,,29.754605,-95.369869,ok,29.754605,-95.369869,,peeringdb_us_facilities_20261006T160916Z.json,48201,Harris,1
6084,NYI NY2 (60 Hudson Street),US,NY,New York,60 Hudson Street,,40.717729,-74.008306,ok,40.717729,-74.008306,,peeringdb_us_facilities_20261006T160916Z.json,36061,New York,1
6085,365 Data Centers Bridgewater (BW1),US,NJ,Bridgewater,999 Frontier Road,,40.58144,-74.573881,ok,40.58144,-74.573881,,peeringdb_us_facilities_20261006T160916Z.json,34035,Somerset,1
6090,COPT DC-6,US,VA,Manassas,9651 Hornbaker Rd,,38.747494,-77.531749,ok,38.747494,-77.531749,,peeringdb_us_facilities_20261006T160916Z.json,51153,Prince William,1
6095,Stack Infrastructure Silicon Valley SVY01,US,CA,San Jose,2001 Fortune Drive,,37.402211,-121.892822,ok,37.402211,-121.892822,,peeringdb_us_facilities_20261006T160916Z.json,06085,Santa Clara,1
6206,Encompass New York 60 Hudson,US,NY,New York,60 Hudson Street,,40.717729,-74.008306,ok,40.717729,-74.008306,,peeringdb_us_facilities_20261006T160916Z.json,36061,New York,1
6207,Encompass New York 111 8th Ave,US,NY,New York,111 8th Ave,,40.741469,-74.003387,ok,40.741469,-74.003387,,peeringdb_us_facilities_20261006T160916Z.json,36061,New York,1
6272,Element Critical Chicago CH2,US,IL,Wood Dale,341 Haynes Drive,,41.974047,-87.966966,ok,41.974047,-87.966966,,peeringdb_us_facilities_20261006T160916Z.json,17043,DuPage,1
6273,Element Critical Northern Virginia VA1,US,VA,Vienna,7990 Quantum Drive,,38.908613,-77.220473,ok,38.908613,-77.220473,,peeringdb_us_facilities_20261006T160916Z.json,51059,Fairfax,1
6317,"ark data centers - Duluth, MN",US,MN,Duluth,3401 Technology Drive,,46.827451,-92.130338,ok,46.827451,-92.130338,,peeringdb_us_facilities_20261006T160916Z.json,27137,St. Louis,1
6334,Cloudpath CT1 (26 Fahey St),US,CT,Stamford,26 Fahey St,,41.091604,-73.516758,ok,41.091604,-73.516758,,peeringdb_us_facilities_20261006T160916Z.json,09190,Western Connecticut,1
6338,365 Data Centers Herndon (VA1),US,VA,Herndon,13873 Park Center Rd,,38.934436,-77.428691,ok,38.934436,-77.428691,,peeringdb_us_facilities_20261006T160916Z.json,51059,Fairfax,1
6339,Iron Mountain Data Center - Boston (BOS-1),US,MA,Northborough,171 Bearfoot Rd,,42.340622,-71.639811,ok,42.340622,-71.639811,,peeringdb_us_facilities_20261006T160916Z.json,25027,Worcester,1
6340,Iron Mountain Data Center - Western Pennsylvania (WPA-1),US,PA,Boyers,1137 Branchton Rd,,41.092096,-79.912188,ok,41.092096,-79.912188,,peeringdb_us_facilities_20261006T160916Z.json,42019,Butler,1
6342,Iron Mountain Data Center - Kansas City (KCM-1),US,MO,Kansas City,6301 Winchester Ave,,39.010862,-94.501281,ok,39.010862,-94.501281,,peeringdb_us_facilities_20261006T160916Z.json,29095,Jackson,1
6344,Iron Mountain Data Center - Manassas (VA-2),US,VA,Manassas,11660 Hayden Road,,38.770228,-77.539018,ok,38.770228,-77.539018,,peeringdb_us_facilities_20261006T160916Z.json,51153,Prince William,1
6346,Iron Mountain Data Center - Phoenix (AZP-2),US,AZ,Phoenix,4802 East Van Buren Street,,33.452061,-111.977263,ok,33.452061,-111.977263,,peeringdb_us_facilities_20261006T160916Z.json,04013,Maricopa,1
6352,SFN MN-Albert Lea,US,MN,Albert Lea,1202 W 9th St,,43.633435,-93.383825,ok,43.633435,-93.383825,,peeringdb_us_facilities_20261006T160916Z.json,27047,Freeborn,1
6380,H5 Data Centers Quincy,US,WA,Quincy,1711 M Street NE,,47.252471,-119.819721,ok,47.252471,-119.819721,,peeringdb_us_facilities_20261006T160916Z.json,53025,Grant,1
6381,H5 Data Centers Cincinnati,US,OH,Cincinnati,360 Gest Street,,39.097935,-84.524095,ok,39.097935,-84.524095,,peeringdb_us_facilities_20261006T160916Z.json,39061,Hamilton,1
6418,ColoCrossing BUF1,US,NY,Buffalo,325 Delaware Ave,,42.893049,-78.875318,ok,42.893049,-78.875318,,peeringdb_us_facilities_20261006T160916Z.json,36029,Erie,1
6422,ColoCrossing SJ1,US,CA,San Jose,55 S. Market Street,,37.33417,-121.891703,ok,37.33417,-121.891703,,peeringdb_us_facilities_20261006T160916Z.json,06085,Santa Clara,1
6423,ColoCrossing SEA1,US,WA,Seattle,12201 Tukwila International Blvd,,47.49312,-122.293712,ok,47.49312,-122.293712,,peeringdb_us_facilities_20261006T160916Z.json,53033,King,1
6425,ColoCrossing NJ1,US,NJ,Piscataway,101 Possumtown Rd,,40.557342,-74.484434,ok,40.557342,-74.484434,,peeringdb_us_facilities_20261006T160916Z.json,34023,Middlesex,1
6426,ColoCrossing LA1,US,CA,Los Angeles,530 W. 6th Street,,34.048336,-118.255083,ok,34.048336,-118.255083,,peeringdb_us_facilities_20261006T160916Z.json,06037,Los Angeles,1
6427,ColoCrossing DFW1,US,TX,Dallas,3000 Irving Blvd.,,32.807888,-96.857296,ok,32.807888,-96.857296,,peeringdb_us_facilities_20261006T160916Z.json,48113,Dallas,1
6428,ColoCrossing CHI1,US,IL,Elk Grove Village,2200 Busse Road,,41.994256,-87.961965,ok,41.994256,-87.961965,,peeringdb_us_facilities_20261006T160916Z.json,17031,Cook,1
6436,CloudHQ MCC1,US,VA,Manassas,10880 Airman Ave,,38.716855,-77.499738,ok,38.716855,-77.499738,,peeringdb_us_facilities_20261006T160916Z.json,51153,Prince William,1
6439,Peer-Point Colocation,US,FL,Miami,600 Brickell Ave,,25.767492,-80.191037,ok,25.767492,-80.191037,,peeringdb_us_facilities_20261006T160916Z.json,12086,Miami-Dade,1
6453,ATI Solutions,US,VA,Chantilly,4227 Lafayette Center Drive,,38.908137,-77.475261,ok,38.908137,-77.475261,,peeringdb_us_facilities_20261006T160916Z.json,51059,Fairfax,1
6458,Heyburn Building,US,KY,Louisville,332 W. Broadway,,38.245857,-85.758047,ok,38.245857,-85.758047,,peeringdb_us_facilities_20261006T160916Z.json,21111,Jefferson,1
6461,Lunavi - Cheyenne,US,WY,Cheyenne,340 Progress Cir,,41.129714,-104.741612,ok,41.129714,-104.741612,,peeringdb_us_facilities_20261006T160916Z.json,56021,Laramie,1
6480,SFN IA-Emery,US,IA,Mason City,16455 Lark Ave,,43.132695,-93.27891,ok,43.132695,-93.27891,,peeringdb_us_facilities_20261006T160916Z.json,19033,Cerro Gordo,1
6505,Endeavor Data Center,US,HI,Honolulu,2339 Kamehameha Hwy,,21.331924,-157.888183,ok,21.331924,-157.888183,,peeringdb_us_facilities_20261006T160916Z.json,15003,Honolulu,1
6529,UPX Miami,US,FL,Miami,16901 Collins Avenue,Unit 3601,25.932848,-80.121136,ok,25.932848,-80.121136,,peeringdb_us_facilities_20261006T160916Z.json,12086,Miami-Dade,1
6536,AiNET WDC8,US,MD,Beltsville,11700 Montgomery Rd,,39.052767,-76.925864,ok,39.052767,-76.925864,,peeringdb_us_facilities_20261006T160916Z.json,24033,Prince George's,1
6537,AiNET WDC11,US,MD,Laurel,312 Laurel Ave,,39.101379,-76.847997,ok,39.101379,-76.847997,,peeringdb_us_facilities_20261006T160916Z.json,24033,Prince George's,1
6538,AiNET MD-300L,US,MD,Baltimore,300 West Lexington Ave,,39.291768,-76.620065,ok,39.291768,-76.620065,,peeringdb_us_facilities_20261006T160916Z.json,24510,Baltimore,1
6539,AiNET MD-790R,US,MD,Glen Burnie,7900 Ritchie Highway,,39.13848,-76.605528,ok,39.13848,-76.605528,,peeringdb_us_facilities_20261006T160916Z.json,24003,Anne Arundel,1
6543,AiNET DC-900S,US,DC,Washington,900 2nd Street NE,,38.90101,-77.003861,ok,38.90101,-77.003861,,peeringdb_us_facilities_20261006T160916Z.json,11001,District of Columbia,1
6553,RagingWire CA3 - NTT,US,CA,Sacramento,1625 W National Dr,,38.644384,-121.498636,ok,38.644384,-121.498636,,peeringdb_us_facilities_20261006T160916Z.json,06067,Sacramento,1
6554,RagingWire TX1 - NTT,US,TX,Garland,2008 Lookout Dr,,32.981068,-96.657798,ok,32.981068,-96.657798,,peeringdb_us_facilities_20261006T160916Z.json,48113,Dallas,1
6555,RagingWire VA3 - NTT,US,VA,Ashburn,21583 Megawatt Dr,,39.019293,-77.470655,ok,39.019293,-77.470655,,peeringdb_us_facilities_20261006T160916Z.json,51107,Loudoun,1
6556,RagingWire VA2 - NTT,US,VA,Ashburn,44610 Guilford Dr,,39.02489,-77.457559,ok,39.02489,-77.457559,,peeringdb_us_facilities_20261006T160916Z.json,51107,Loudoun,1
6575,Colocation Northwest - Bellevue,US,WA,Bellevue,15400 SE 30th Place,,47.583534,-122.134492,ok,47.583534,-122.134492,,peeringdb_us_facilities_20261006T160916Z.json,53033,King,1
6576,Colocation Northwest - Redmond,US,WA,Redmond,2457 152nd Ave NE,,47.632512,-122.138538,ok,47.632512,-122.138538,,peeringdb_us_facilities_20261006T160916Z.json,53033,King,1
6577,Colocation Northwest - Seattle,US,WA,Seattle,2001 6th Ave,,47.614347,-122.338883,ok,47.614347,-122.338883,,peeringdb_us_facilities_20261006T160916Z.json,53033,King,1
6578,Colocation Northwest - South Hill,US,WA,Puyallup,1023 39th Ave SE,,47.154859,-122.279018,ok,47.154859,-122.279018,,peeringdb_us_facilities_20261006T160916Z.json,53053,Pierce,1
6587,Digital Realty CHI (505 N Railroad),US,IL,Northlake,505 N Railroad Ave,,41.920267,-87.912334,ok,41.920267,-87.912334,,peeringdb_us_facilities_20261006T160916Z.json,17031,Cook,1
6598,Wnet Telecom USA,US,NY,New York,"8760 23rd Ave, Suite 2, Brooklyn",,40.59761,-73.995101,ok,40.59761,-73.995101,,peeringdb_us_facilities_20261006T160916Z.json,36047,Kings,1
6638,CoreSite - Atlanta (AT2),US,GA,Marietta,1130 Powers Ferry Pl,,33.925548,-84.481654,ok,33.925548,-84.481654,,peeringdb_us_facilities_20261006T160916Z.json,13067,Cobb,1
6669,Centersquare Los Angeles (LAX4),US,CA,Hawthorne,2301 West 120th Street,,33.924259,-118.320802,ok,33.924259,-118.320802,,peeringdb_us_facilities_20261006T160916Z.json,06037,Los Angeles,1
6670,Centersquare Los Angeles (LAX5),US,CA,Irvine,2681 Kelvin Avenue,,33.684675,-117.836821,ok,33.684675,-117.836821,,peeringdb_us_facilities_20261006T160916Z.json,06059,Orange,1
6675,Centersquare Atlanta (ATL1-D),US,GA,Lithia Springs,375 Riverside Parkway,,33.744326,-84.581852,ok,33.744326,-84.581852,,peeringdb_us_facilities_20261006T160916Z.json,13097,Douglas,1
6676,Centersquare Chicago (ORD4),US,IL,Lisle,4513 Western Avenue,,41.802407,-88.094656,ok,41.802407,-88.094656,,peeringdb_us_facilities_20261006T160916Z.json,17043,DuPage,1
6678,Centersquare Boston (BOS4-A),US,MA,Watertown,486 Arsenal Way,,42.365768,-71.158084,ok,42.365768,-71.158084,,peeringdb_us_facilities_20261006T160916Z.json,25017,Middlesex,1
6681,Centersquare Dallas (DFW2),US,TX,Allen,900 Guardians Way,,33.094894,-96.68326,ok,33.094894,-96.68326,,peeringdb_us_facilities_20261006T160916Z.json,48085,Collin,1
6682,Centersquare Dallas (DFW3),US,TX,Dallas,11800 Webb Chapel Road,,32.911684,-96.87274,ok,32.911684,-96.87274,,peeringdb_us_facilities_20261006T160916Z.json,48113,Dallas,1
6684,Centersquare Northern Virginia (IAD4),US,VA,Ashburn,21571 Beaumeade Circle,Bldg. A,39.021941,-77.453284,ok,39.021941,-77.453284,,peeringdb_us_facilities_20261006T160916Z.json,51107,Loudoun,1
6716,UnReal Servers,US,MO,North Kansas City,1321 Burling St,,39.13335,-94.580005,ok,39.13335,-94.580005,,peeringdb_us_facilities_20261006T160916Z.json,29047,Clay,1
6747,Level(3) Raleigh,US,NC,Raleigh,5301 Departure Drive,,35.854381,-78.597011,ok,35.854381,-78.597011,,peeringdb_us_facilities_20261006T160916Z.json,37183,Wake,1
6765,Border Crossing Pop 1,US,CA,San Diego,5959 Rail Ct.,,32.544028,-117.027372,ok,32.544028,-117.027372,,peeringdb_us_facilities_20261006T160916Z.json,06073,San Diego,1
6776,Lincoln Rackhouse Dallas,US,TX,Plano,1000 Coit Rd,,33.015496,-96.766132,ok,33.015496,-96.766132,,peeringdb_us_facilities_20261006T160916Z.json,48085,Collin,1
6885,Lincoln Rackhouse Silver Spring,US,MD,Silver Spring,12401 Prosperity Drive,,39.058289,-76.964548,ok,39.058289,-76.964548,,peeringdb_us_facilities_20261006T160916Z.json,24031,Montgomery,1
6886,Lincoln Rackhouse Aurora,US,IL,Aurora,4267 Meridian Pkwy,,41.772203,-88.217055,ok,41.772203,-88.217055,,peeringdb_us_facilities_20261006T160916Z.json,17043,DuPage,1
6904,Element Critical Chicago CH1,US,IL,Wood Dale,711 North Edgewood Ave,,41.975882,-87.964568,ok,41.975882,-87.964568,,peeringdb_us_facilities_20261006T160916Z.json,17043,DuPage,1
6915,Smart City Telecom Maitland Colo,US,FL,Orlando,1101 N Keller Rd,,28.638819,-81.39965,ok,28.638819,-81.39965,,peeringdb_us_facilities_20261006T160916Z.json,12095,Orange,1
6937,Liberty Center One,US,MI,Royal Oak,4815 Delemere Ave,,42.533508,-83.177393,ok,42.533508,-83.177393,,peeringdb_us_facilities_20261006T160916Z.json,26125,Oakland,1
6972,Volt Modesto,US,CA,Modesto,1150 9th Street,,37.641953,-121.00224,ok,37.641953,-121.00224,,peeringdb_us_facilities_20261006T160916Z.json,06099,Stanislaus,1
7047,Lumen Norfolk,US,VA,Norfolk,2600 Eltham Ave,,36.878851,-76.221387,ok,36.878851,-76.221387,,peeringdb_us_facilities_20261006T160916Z.json,51710,Norfolk,1
7073,Globalinx Virginia Beach CLS,US,VA,Virginia Beach,1632 Corporate Landing Pkwy,,36.784195,-76.00859,ok,36.784195,-76.00859,,peeringdb_us_facilities_20261006T160916Z.json,51810,Virginia Beach,1
7074,"Equinix SE4 - Seattle, Kent",US,WA,Kent,6906 South 204th Street,,47.420627,-122.247527,ok,47.420627,-122.247527,,peeringdb_us_facilities_20261006T160916Z.json,53033,King,1
7109,Evocative DAL6,US,TX,Plano,1221 Coit Rd,,33.015681,-96.768421,ok,33.015681,-96.768421,,peeringdb_us_facilities_20261006T160916Z.json,48085,Collin,1
7142,WēConnect Westerville,US,OH,Westerville,35 Collegeview Rd,,40.123627,-82.943999,ok,40.123627,-82.943999,,peeringdb_us_facilities_20261006T160916Z.json,39049,Franklin,1
7169,AlohaNAP Datacenter,US,HI,Kapolei,91340 Farrington Highway,,21.334443,-158.08691,ok,21.334443,-158.08691,,peeringdb_us_facilities_20261006T160916Z.json,15003,Honolulu,1
7173,TSR Solutions Data Center,US,WI,Milwaukee,"324 E Wisconsin Ave #825, Milwaukee, WI 53202",,43.03904,-87.907046,ok,43.03904,-87.907046,,peeringdb_us_facilities_20261006T160916Z.json,55079,Milwaukee,1
7187,CloudHQ MCC2,US,VA,Manassas,10100 Harry J Parrish Boulevard,,38.722972,-77.499229,ok,38.722972,-77.499229,,peeringdb_us_facilities_20261006T160916Z.json,51153,Prince William,1
7217,DC BLOX CHA1 - DCBLOX Chattanooga,US,TN,Chattanooga,"807 E 16th St,",,35.031582,-85.297262,ok,35.031582,-85.297262,,peeringdb_us_facilities_20261006T160916Z.json,47065,Hamilton,1
7218,DC BLOX HSV1 - DCBLOX Huntsville,US,AL,Huntsville,333 Diamond Drive NW,,34.711822,-86.692154,ok,34.711822,-86.692154,,peeringdb_us_facilities_20261006T160916Z.json,01089,Madison,1
7219,DC BLOX BHM1 - DCBLOX Birmingham,US,AL,Birmingham,433 6th St S,,33.49959,-86.821129,ok,33.49959,-86.821129,,peeringdb_us_facilities_20261006T160916Z.json,01073,Jefferson,1
7220,DC BLOX ATL1 - DCBLOX Atlanta,US,GA,Atlanta,6 West Druid Hills Dr NE,,33.831665,-84.339169,ok,33.831665,-84.339169,,peeringdb_us_facilities_20261006T160916Z.json,13089,DeKalb,1
7262,TurnKey Internet,US,NY,Latham,175 Old Loudon Road,,42.74545,-73.75914,ok,42.74545,-73.75914,,peeringdb_us_facilities_20261006T160916Z.json,36001,Albany,1
7263,TurnKey Internet - CA,US,CA,Los Angeles,530 W. 6th Street,,34.048336,-118.255083,ok,34.048336,-118.255083,,peeringdb_us_facilities_20261006T160916Z.json,06037,Los Angeles,1
7264,TurnKey Internet - DR,US,NY,Albany,80 State Street,,42.649423,-73.752684,ok,42.649423,-73.752684,,peeringdb_us_facilities_20261006T160916Z.json,36001,Albany,1
7265,Cogent Albany,US,NY,Albany,80 State Street,,42.649423,-73.752684,ok,42.649423,-73.752684,,peeringdb_us_facilities_20261006T160916Z.json,36001,Albany,1
7267,Lumen New York,US,NY,New York,601 W 26th St,,40.751657,-74.007158,ok,40.751657,-74.007158,,peeringdb_us_facilities_20261006T160916Z.json,36061,New York,1
7271,TierPoint Omaha - Bellevue,US,NE,Bellevue,1001 Fort Crook Road North,,41.178209,-95.924766,ok,41.178209,-95.924766,,peeringdb_us_facilities_20261006T160916Z.json,31153,Sarpy,1
7273,"Crown Castle Baltimore (111 Market, 700 E Pratt)",US,MD,Baltimore,111 Market Pl,,39.287345,-76.606434,ok,39.287345,-76.606434,,peeringdb_us_facilities_20261006T160916Z.json,24510,Baltimore,1
7288,Planet Networks Newton Datacenter,US,NJ,Newton,4 Park Place,,41.058209,-74.75396,ok,41.058209,-74.75396,,peeringdb_us_facilities_20261006T160916Z.json,34037,Sussex,1
7297,Xfernet LAX01,US,CA,Los Angeles,3250 Wilshire Blvd,#301,34.061086,-118.293315,ok,34.061086,-118.293315,,peeringdb_us_facilities_20261006T160916Z.json,06037,Los Angeles,1
7332,SFN IA-IowaFalls,US,IA,Iowa Falls,10048 US Hwy 65,,42.555386,-93.259636,ok,42.555386,-93.259636,,peeringdb_us_facilities_20261006T160916Z.json,19083,Hardin,1
7345,"702 Communications - Fargo, ND",US,ND,Fargo,2911 Fiechtner Dr S,,46.864784,-96.832308,ok,46.864784,-96.832308,,peeringdb_us_facilities_20261006T160916Z.json,38017,Cass,1
7359,Sabey Intergate.Ashburn,US,VA,Ashburn,21741 Red Rum Dr,,39.015352,-77.478264,ok,39.015352,-77.478264,,peeringdb_us_facilities_20261006T160916Z.json,51107,Loudoun,1
7525,NYI CH1 (800 Jorie Blvd),US,IL,Oak Brook,800 Jorie Blvd,,41.845343,-87.941522,ok,41.845343,-87.941522,,peeringdb_us_facilities_20261006T160916Z.json,17043,DuPage,1
7563,Neutron - Spokane,US,WA,Spokane,422 W Riverside Ave,,47.658366,-117.419213,ok,47.658366,-117.419213,,peeringdb_us_facilities_20261006T160916Z.json,53063,Spokane,1
7566,EdgeConneX Hillsboro (EDCPOR02),US,OR,Hillsboro,6397 NE Evergreen Pkwy,Bldg A,45.548296,-122.907473,ok,45.548296,-122.907473,,peeringdb_us_facilities_20261006T160916Z.json,41067,Washington,1
7568,EdgeConneX Atlanta (EDCATL02),US,GA,Atlanta,1101 Donnelly Ave SW,,33.731803,-84.423585,ok,33.731803,-84.423585,,peeringdb_us_facilities_20261006T160916Z.json,13121,Fulton,1
7609,Racksquared Data Centers,US,OH,Columbus,325 E Spring Street,,39.966878,-82.992615,ok,39.966878,-82.992615,,peeringdb_us_facilities_20261006T160916Z.json,39049,Franklin,1
7670,Unwired FAT1 - Fresno Colocation,US,CA,Fresno,414 W. Bedford,,36.846165,-119.799363,ok,36.846165,-119.799363,,peeringdb_us_facilities_20261006T160916Z.json,06019,Fresno,1
7671,RagingWire VA4 - NTT,US,VA,Ashburn,21583 Megawatt Dr,,39.019293,-77.470655,ok,39.019293,-77.470655,,peeringdb_us_facilities_20261006T160916Z.json,51107,Loudoun,1
7705,SFN IA-Davenport,US,IA,Davenport,2814 N Clark St,,41.548129,-90.621185,ok,41.548129,-90.621185,,peeringdb_us_facilities_20261006T160916Z.json,19163,Scott,1
7706,SFN IA-Waterloo,US,IA,Waterloo,206 W 13th Street,,42.488836,-92.330614,ok,42.488836,-92.330614,,peeringdb_us_facilities_20261006T160916Z.json,19013,Black Hawk,1
7736,"DartPoints Spartanburg, SC - SPA1",US,SC,Spartanburg,5700 N Blackstock Road,,34.996536,-82.033518,ok,34.996536,-82.033518,,peeringdb_us_facilities_20261006T160916Z.json,45083,Spartanburg,1
7737,"DartPoints Columbus, IN - CLU1",US,IN,Columbus,2425 Technology Boulevard,,39.182544,-85.897349,ok,39.182544,-85.897349,,peeringdb_us_facilities_20261006T160916Z.json,18005,Bartholomew,1
7740,Citynet Charleston,US,WV,Charleston,233 Virginia Street East,,38.353138,-81.640921,ok,38.353138,-81.640921,,peeringdb_us_facilities_20261006T160916Z.json,54039,Kanawha,1
7741,Citynet Bridgeport,US,WV,Bridgeport,100 Citynet Drive,,39.276713,-80.270157,ok,39.276713,-80.270157,,peeringdb_us_facilities_20261006T160916Z.json,54033,Harrison,1
7836,Centersquare Silicon Valley (SFO4-A),US,CA,Santa Clara,1500 Space Park Dr,,37.375719,-121.955154,ok,37.375719,-121.955154,,peeringdb_us_facilities_20261006T160916Z.json,06085,Santa Clara,1
7861,Aligned Ashburn (IAD-01),US,VA,Ashburn,21890 Uunet Drive,,39.014003,-77.469729,ok,39.014003,-77.469729,,peeringdb_us_facilities_20261006T160916Z.json,51107,Loudoun,1
7862,Aligned Dallas (DFW-01),US,TX,Plano,2800 Summit Ave,,33.009295,-96.676434,ok,33.009295,-96.676434,,peeringdb_us_facilities_20261006T160916Z.json,48085,Collin,1
7863,Aligned Phoenix (PHX-01),US,AZ,Phoenix,2500 W Union Hills Drive,Phoenix,33.658881,-112.110606,ok,33.658881,-112.110606,,peeringdb_us_facilities_20261006T160916Z.json,04013,Maricopa,1
7864,Aligned Salt Lake (SLC-02),US,UT,South West Jordan,3333 West 9000,,40.585936,-111.969762,ok,40.585936,-111.969762,,peeringdb_us_facilities_20261006T160916Z.json,49035,Salt Lake,1
7865,Aligned Salt Lake (SLC-01),US,UT,South West Jordan,3333 West 9000,,40.585936,-111.969762,ok,40.585936,-111.969762,,peeringdb_us_facilities_20261006T160916Z.json,49035,Salt Lake,1
7872,QTS Hillsboro (HIL1),US,OR,Hillsboro,4951 NE Huffman Street,,45.55717,-122.927173,ok,45.55717,-122.927173,,peeringdb_us_facilities_20261006T160916Z.json,41067,Washington,1
7874,QTS Manassas (MAN1),US,VA,Manassas,9340 Godwin Drive,,38.754611,-77.51326,ok,38.754611,-77.51326,,peeringdb_us_facilities_20261006T160916Z.json,51153,Prince William,1
7875,QTS Fort Worth (FTW1),US,TX,Fort Worth,14100 Park Vista Boulevard,,32.988738,-97.258448,ok,32.988738,-97.258448,,peeringdb_us_facilities_20261006T160916Z.json,48439,Tarrant,1
7878,CENTRA CLT01 - Charlotte NC (701 E Trade),US,NC,Charlotte,701 E Trade St,,35.222101,-80.836747,ok,35.222101,-80.836747,,peeringdb_us_facilities_20261006T160916Z.json,37119,Mecklenburg,1
7938,Coloblox Data Centers ATL1,US,GA,Atlanta,1100 Circle 75 Pkwy SE,Atlanta GA 30339-3064,33.889646,-84.465365,ok,33.889646,-84.465365,,peeringdb_us_facilities_20261006T160916Z.json,13067,Cobb,1
7985,The Garland Center / West 7 Center,US,CA,Los Angeles,1200 W.7th Street,,34.05112,-118.26591,ok,34.05112,-118.26591,,peeringdb_us_facilities_20261006T160916Z.json,06037,Los Angeles,1
8021,AlasConnect Data Center 1,US,AK,Fairbanks,612 Illinois Street,,64.851655,-147.719813,ok,64.851655,-147.719813,,peeringdb_us_facilities_20261006T160916Z.json,02090,Fairbanks North Star,1
8025,AlasConnect Data Center 5,US,AK,Anchorage,3403 Minnesota Dr,,61.188879,-149.912324,ok,61.188879,-149.912324,,peeringdb_us_facilities_20261006T160916Z.json,02020,Anchorage,1
8032,Bluebird Underground Data Center,US,MO,Springfield,1904 N Le Compte Ave Bldg 25,,37.231398,-93.212181,ok,37.231398,-93.212181,,peeringdb_us_facilities_20261006T160916Z.json,29077,Greene,1
8081,Stream Data Centers - DFW VII,US,TX,Garland,1813 Lookout Dr,,32.983596,-96.655836,ok,32.983596,-96.655836,,peeringdb_us_facilities_20261006T160916Z.json,48113,Dallas,1
8082,Stream Data Centers - Houston I,US,TX,The Woodlands,4001 Technology Forest Blvd,,30.177801,-95.486494,ok,30.177801,-95.486494,,peeringdb_us_facilities_20261006T160916Z.json,48339,Montgomery,1
8083,Stream Data Centers - MN I,US,MN,Chaska,1708 W Creek Ln,,44.808431,-93.636931,ok,44.808431,-93.636931,,peeringdb_us_facilities_20261006T160916Z.json,27019,Carver,1
8087,Stream Data Centers - Chicago I,US,IL,Elk Grove Village,2080 Lunt Ave,,42.002586,-87.951707,ok,42.002586,-87.951707,,peeringdb_us_facilities_20261006T160916Z.json,17031,Cook,1
8088,Stream Data Centers - Phoenix I,US,AZ,Goodyear,2950 S Litchfield Rd,,33.419639,-112.359487,ok,33.419639,-112.359487,,peeringdb_us_facilities_20261006T160916Z.json,04013,Maricopa,1
8125,DQE Communications (Downtown Pittsburgh),US,PA,Pittsburgh,322 4th Avenue,,40.438903,-80.000547,ok,40.438903,-80.000547,,peeringdb_us_facilities_20261006T160916Z.json,42003,Allegheny,1
8126,DQE Communications (Butler),US,PA,Butler,238 Pillow Street,,40.860587,-79.907512,ok,40.860587,-79.907512,,peeringdb_us_facilities_20261006T160916Z.json,42019,Butler,1
8127,DQE Communications (Allegheny Center Mall),US,PA,Pittsburgh,100 South Commons Street,,40.451062,-80.005186,ok,40.451062,-80.005186,,peeringdb_us_facilities_20261006T160916Z.json,42003,Allegheny,1
8223,Data102 - COS01,US,CO,Colorado Springs,102 South Tejon St,Suite #1250,38.832108,-104.82403,ok,38.832108,-104.82403,,peeringdb_us_facilities_20261006T160916Z.json,08041,El Paso,1
8224,Data102 - COS02,US,CO,Colorado Springs,102 South Tejon St,Suite #220,38.832108,-104.82403,ok,38.832108,-104.82403,,peeringdb_us_facilities_20261006T160916Z.json,08041,El Paso,1
8240,Frontier Tampa Main Tandem Office,US,FL,Tampa,610 N Morgan St,,27.950136,-82.456447,ok,27.950136,-82.456447,,peeringdb_us_facilities_20261006T160916Z.json,12057,Hillsborough,1
8257,Navégalo Data Center Miami (MI1),US,FL,Miami,36 NE 2nd St,,25.775869,-80.19313,ok,25.775869,-80.19313,,peeringdb_us_facilities_20261006T160916Z.json,12086,Miami-Dade,1
8281,Agile Silver Spring,US,MD,Silver Spring,12401 Prosperity Dr,,39.058289,-76.964548,ok,39.058289,-76.964548,,peeringdb_us_facilities_20261006T160916Z.json,24031,Montgomery,1
8283,Agile Aurora,US,IL,Aurora,4267 Meridian Parkway,,41.772203,-88.217055,ok,41.772203,-88.217055,,peeringdb_us_facilities_20261006T160916Z.json,17043,DuPage,1
8315,Crosspoint Data College Station,US,TX,College Station,3001 Earl Rudder Fwy S,,30.601412,-96.2873,ok,30.601412,-96.2873,,peeringdb_us_facilities_20261006T160916Z.json,48041,Brazos,1
8317,FIBERTOWN Houston Data Center,US,TX,Houston,12031 North Fwy,Houston TX  77060-1702,29.943078,-95.417308,ok,29.943078,-95.417308,,peeringdb_us_facilities_20261006T160916Z.json,48201,Harris,1
8318,FIBERTOWN Bryan Data Center,US,TX,Bryan,110 North Main,,30.674256,-96.373773,ok,30.674256,-96.373773,,peeringdb_us_facilities_20261006T160916Z.json,48041,Brazos,1
8319,Quasar Data Center,US,TX,Houston,1001 Texas Ave,,29.760061,-95.362102,ok,29.760061,-95.362102,,peeringdb_us_facilities_20261006T160916Z.json,48201,Harris,1
8336,"ark data centers - Tucson, AZ",US,AZ,Tucson,1215 E Pennsylvania St,,32.1723,-110.95415,ok,32.1723,-110.95415,,peeringdb_us_facilities_20261006T160916Z.json,04019,Pima,1
8337,"ark data centers - Akron,OH",US,OH,Akron,191 E. Miller Ave,,41.057108,-81.522183,ok,41.057108,-81.522183,,peeringdb_us_facilities_20261006T160916Z.json,39153,Summit,1
8338,"ark data centers - Cedar Rapids ,IA",US,IA,Marion,5055 Rec Dr,,42.052632,-91.554004,ok,42.052632,-91.554004,,peeringdb_us_facilities_20261006T160916Z.json,19113,Linn,1
8340,PhoenixNAP ASHBURN,US,VA,Ashburn,21635 Red Rum Drive,,39.015966,-77.48158,ok,39.015966,-77.48158,,peeringdb_us_facilities_20261006T160916Z.json,51107,Loudoun,1
8341,PhoenixNAP ATLANTA,US,GA,Marietta,1130 Powers Ferry Place,,33.927915,-84.481824,ok,33.927915,-84.481824,,peeringdb_us_facilities_20261006T160916Z.json,13067,Cobb,1
8387,Cologix DAL3,US,TX,Dallas,1950 N Stemmons Fwy,,32.800748,-96.819412,ok,32.800748,-96.819412,,peeringdb_us_facilities_20261006T160916Z.json,48113,Dallas,1
8411,T5@Chicago,US,IL,Elk Grove Village,200 Innovation Drive,,42.023691,-87.973753,ok,42.023691,-87.973753,,peeringdb_us_facilities_20261006T160916Z.json,17031,Cook,1
8458,Expedient Indianapolis,US,IN,Carmel,701 Congressional Blvd,,39.963184,-86.145575,ok,39.963184,-86.145575,,peeringdb_us_facilities_20261006T160916Z.json,18057,Hamilton,1
8459,ORI.NET Noblesville,US,IN,Noblesville,859 Conner Street,,40.045407,-86.013927,ok,40.045407,-86.013927,,peeringdb_us_facilities_20261006T160916Z.json,18057,Hamilton,1
8464,Expedient Cleveland - 151 NEO,US,OH,Cleveland,15166 NEO Parkway,,41.428228,-81.573952,ok,41.428228,-81.573952,,peeringdb_us_facilities_20261006T160916Z.json,39035,Cuyahoga,1
8468,Expedient Baltimore - Owings Mills,US,MD,Baltimore,"11155 Red Run Blvd., Suite 200",,39.427117,-76.811709,ok,39.427117,-76.811709,,peeringdb_us_facilities_20261006T160916Z.json,24005,Baltimore,1
8469,Expedient Boston,US,MA,Medford,1 Cabot Road,,42.405414,-71.074978,ok,42.405414,-71.074978,,peeringdb_us_facilities_20261006T160916Z.json,25017,Middlesex,1
8470,Expedient Cleveland - 152 NEO,US,OH,Cleveland,15248 NEO Parkway,,41.429415,-81.574072,ok,41.429415,-81.574072,,peeringdb_us_facilities_20261006T160916Z.json,39035,Cuyahoga,1
8471,Expedient Columbus - Dublin,US,OH,Dublin,5700 Innovation Drive,,40.091865,-83.143709,ok,40.091865,-83.143709,,peeringdb_us_facilities_20261006T160916Z.json,39049,Franklin,1
8472,Expedient Columbus - Upper Arlington,US,OH,Upper Arlington,5000 Arlington Centre Blvd.,Building One,40.057853,-83.0785,ok,40.057853,-83.0785,,peeringdb_us_facilities_20261006T160916Z.json,39049,Franklin,1
8473,Expedient Memphis,US,TN,Memphis,3180 Players Lane,,35.062965,-89.786143,ok,35.062965,-89.786143,,peeringdb_us_facilities_20261006T160916Z.json,47157,Shelby,1
8474,Expedient Phoenix,US,AZ,Phoenix,3402 E. University Dr.,,33.41601,-112.009445,ok,33.41601,-112.009445,,peeringdb_us_facilities_20261006T160916Z.json,04013,Maricopa,1
8475,Expedient Pittsburgh - Nova Place,US,PA,Pittsburgh,"1 Allegheny Center,",,40.451847,-80.005856,ok,40.451847,-80.005856,,peeringdb_us_facilities_20261006T160916Z.json,42003,Allegheny,1
8477,Expedient Pittsburgh - Green Tree,US,PA,Pittsburgh,810 Parish Street,,40.42735,-80.042457,ok,40.42735,-80.042457,,peeringdb_us_facilities_20261006T160916Z.json,42003,Allegheny,1
8484,Databank Atlanta (ATL1),US,GA,Atlanta,760 West Peachtree Street NW,,33.775499,-84.387735,ok,33.775499,-84.387735,,peeringdb_us_facilities_20261006T160916Z.json,13121,Fulton,1
8517,365 Data Centers Commack (CNY),US,NY,Commack,500 Commack Road,,40.822677,-73.291647,ok,40.822677,-73.291647,,peeringdb_us_facilities_20261006T160916Z.json,36103,Suffolk,1
8552,FairlawnGig Service Center,US,OH,Fairlawn,3300 Fairlawn Service Drive,,41.133097,-81.629367,ok,41.133097,-81.629367,,peeringdb_us_facilities_20261006T160916Z.json,39153,Summit,1
8566,Cogent Tampa,US,FL,Tampa,400 North Tampa St,,27.947747,-82.459056,ok,27.947747,-82.459056,,peeringdb_us_facilities_20261006T160916Z.json,12057,Hillsborough,1
8572,Senawave,US,UT,Salt Lake City,3047 W Parkway Blvd,,40.711882,-111.964741,ok,40.711882,-111.964741,,peeringdb_us_facilities_20261006T160916Z.json,49035,Salt Lake,1
8577,Corepacket PDX-1,US,OR,Portland,707 SW Washington St,,45.521056,-122.67918,ok,45.521056,-122.67918,,peeringdb_us_facilities_20261006T160916Z.json,41051,Multnomah,1
8583,TierPoint Boston - Andover,US,MA,Andover,15 Shattuck Road,,42.685693,-71.208694,ok,42.685693,-71.208694,,peeringdb_us_facilities_20261006T160916Z.json,25009,Essex,1
8584,TierPoint Baltimore – BWI,US,MD,Linthicum Heights,813 Pinnacle Drive,,39.213809,-76.679891,ok,39.213809,-76.679891,,peeringdb_us_facilities_20261006T160916Z.json,24003,Anne Arundel,1
8586,TierPoint Charlotte - North Myers,US,NC,Charlotte,125 N Myers St,,35.222114,-80.835313,ok,35.222114,-80.835313,,peeringdb_us_facilities_20261006T160916Z.json,37119,Mecklenburg,1
8587,TierPoint Charlotte - Center Park,US,NC,Charlotte,1805 Center Park Dr,,35.173088,-80.927807,ok,35.173088,-80.927807,,peeringdb_us_facilities_20261006T160916Z.json,37119,Mecklenburg,1
8591,TierPoint Tulsa-State Farm,US,OK,Tulsa,12151 E State Farm Blvd,,36.096334,-95.840438,ok,36.096334,-95.840438,,peeringdb_us_facilities_20261006T160916Z.json,40143,Tulsa,1
8592,TierPoint Kansas City - Lenexa,US,KS,Lenexa,14500 West 105th St,,38.940686,-94.755003,ok,38.940686,-94.755003,,peeringdb_us_facilities_20261006T160916Z.json,20091,Johnson,1
8593,TIerPoint Little Rock,US,AR,Little Rock,15707 Chenal Pkwy,,34.756041,-92.444207,ok,34.756041,-92.444207,,peeringdb_us_facilities_20261006T160916Z.json,05119,Pulaski,1
8594,TierPoint Milwaukee,US,WI,Milwaukee,3701 W. Burnham St,,43.009336,-87.96114,ok,43.009336,-87.96114,,peeringdb_us_facilities_20261006T160916Z.json,55079,Milwaukee,1
8595,TierPoint Oklahoma City,US,OK,Oklahoma City,4121 Perimeter Center Pl,,35.514225,-97.596767,ok,35.514225,-97.596767,,peeringdb_us_facilities_20261006T160916Z.json,40109,Oklahoma,1
8598,TierPoint Research Triangle Park – RTP,US,NC,Durham,99 TW Alexander Drive,,35.896667,-78.878838,ok,35.896667,-78.878838,,peeringdb_us_facilities_20261006T160916Z.json,37063,Durham,1
8599,TierPoint Seattle,US,WA,Seattle,140 4th Ave N,,47.619446,-122.34811,ok,47.619446,-122.34811,,peeringdb_us_facilities_20261006T160916Z.json,53033,King,1
8600,TierPoint Sioux Falls - East,US,SD,Sioux Falls,700 East 54th St North,,43.596146,-96.716872,ok,43.596146,-96.716872,,peeringdb_us_facilities_20261006T160916Z.json,46099,Minnehaha,1
8601,TierPoint Sioux Falls - West,US,SD,Sioux Falls,5300 North La Mesa Drive,,43.606059,-96.810208,ok,43.606059,-96.810208,,peeringdb_us_facilities_20261006T160916Z.json,46099,Minnehaha,1
8602,TierPoint Raleigh,US,NC,Raleigh,5301 Departure Dr,,35.854381,-78.597011,ok,35.854381,-78.597011,,peeringdb_us_facilities_20261006T160916Z.json,37183,Wake,1
8603,TierPoint Waterbury,US,CT,Waterbury,108 Bank St,,41.554434,-73.04122,ok,41.554434,-73.04122,,peeringdb_us_facilities_20261006T160916Z.json,09140,Naugatuck Valley,1
8721,BlueBridge Networks | Downtown Cleveland,US,OH,Cleveland,1255 Euclid Avenue Suite 500,,41.500806,-81.683699,ok,41.500806,-81.683699,,peeringdb_us_facilities_20261006T160916Z.json,39035,Cuyahoga,1
8722,BlueBridge Networks | Mayfield Heights Data Center,US,OH,Mayfield Heights,5915 Landerbrook Drive,,41.505827,-81.467108,ok,41.505827,-81.467108,,peeringdb_us_facilities_20261006T160916Z.json,39035,Cuyahoga,1
8727,Fortress SF1,US,CA,San Francisco,274 Brannan Street,,37.782608,-122.391772,ok,37.782608,-122.391772,,peeringdb_us_facilities_20261006T160916Z.json,06075,San Francisco,1
8736,bigbyte.cc,US,NM,Albuquerque,123 Central Avenue NW,,35.084508,-106.648933,ok,35.084508,-106.648933,,peeringdb_us_facilities_20261006T160916Z.json,35001,Bernalillo,1
8744,InterServer Teb2,US,NJ,Secaucus,110B Meadowlands Parkway,,40.78606,-74.073757,ok,40.78606,-74.073757,,peeringdb_us_facilities_20261006T160916Z.json,34017,Hudson,1
8745,InterServer Teb4,US,NJ,Secaucus,200 Meadowlands Pkwy,,40.785251,-74.074991,ok,40.785251,-74.074991,,peeringdb_us_facilities_20261006T160916Z.json,34017,Hudson,1
8756,Oso Grande Technologies,US,NM,Albuquerque,725 6th Street NW,,35.09252,-106.653315,ok,35.09252,-106.653315,,peeringdb_us_facilities_20261006T160916Z.json,35001,Bernalillo,1
8780,mindSHIFT Ashburn,US,VA,Ashburn,21715 Filigree Ct,,39.016363,-77.459022,ok,39.016363,-77.459022,,peeringdb_us_facilities_20261006T160916Z.json,51107,Loudoun,1
8781,mindSHIT Commack,US,NY,Commack,500 Commack Road,,40.822677,-73.291647,ok,40.822677,-73.291647,,peeringdb_us_facilities_20261006T160916Z.json,36103,Suffolk,1
8782,mindSHIFT Minneapolis,US,MN,Minneapolis,511 11th Ave S,,44.971408,-93.25458,ok,44.971408,-93.25458,,peeringdb_us_facilities_20261006T160916Z.json,27053,Hennepin,1
8859,Synergy Fiber,US,MI,Ann Arbor,3131 S State St,Suit 306,42.241804,-83.737636,ok,42.241804,-83.737636,,peeringdb_us_facilities_20261006T160916Z.json,26161,Washtenaw,1
8861,INAP Phoenix,US,AZ,Phoenix,2500 Frye rd,,33.298287,-112.053638,ok,33.298287,-112.053638,,peeringdb_us_facilities_20261006T160916Z.json,04013,Maricopa,1
8863,Evocative LAX14,US,CA,Los Angeles,3690 Redondo Beach Ave,,33.889248,-118.368733,ok,33.889248,-118.368733,,peeringdb_us_facilities_20261006T160916Z.json,06037,Los Angeles,1
8867,CoreSite - Santa Clara (SV8),US,CA,Santa Clara,3045 Stender Way,,37.377388,-121.97175,ok,37.377388,-121.97175,,peeringdb_us_facilities_20261006T160916Z.json,06085,Santa Clara,1
8868,CoreSite - Chicago (CH2),US,IL,Chicago,1432 S. Clinton St,,41.86255,-87.640966,ok,41.86255,-87.640966,,peeringdb_us_facilities_20261006T160916Z.json,17031,Cook,1
8874,Southwest Cyberport Albuquerque,US,NM,Albuquerque,5021 Indian School NE,,35.102314,-106.589084,ok,35.102314,-106.589084,,peeringdb_us_facilities_20261006T160916Z.json,35001,Bernalillo,1
8929,Digital Realty CH2 - Chicago,US,IL,Elk Grove,2299 Busse Road,,41.99418,-87.957678,ok,41.99418,-87.957678,,peeringdb_us_facilities_20261006T160916Z.json,17031,Cook,1
8930,Digital Realty CH3 - Chicago,US,IL,Elk Grove,1400 East Devon Ave,,41.993346,-87.964112,ok,41.993346,-87.964112,,peeringdb_us_facilities_20261006T160916Z.json,17031,Cook,1
8931,Digital Realty DFW (4025 Midway Road),US,TX,Carrollton,4025 Midway Road,,33.021668,-96.844732,ok,33.021668,-96.844732,,peeringdb_us_facilities_20261006T160916Z.json,48121,Denton,1
8932,Digital Realty DFW (2440 Marsh Lane),US,TX,Carrollton,2440 Marsh Lane,,32.980107,-96.853694,ok,32.980107,-96.853694,,peeringdb_us_facilities_20261006T160916Z.json,48113,Dallas,1
9067,"Equinix MI6 - Miami, Doral",US,FL,Doral,"1525 NW 98th Ct, Doral",,25.787849,-80.354555,ok,25.787849,-80.354555,,peeringdb_us_facilities_20261006T160916Z.json,12086,Miami-Dade,1
9085,Telxius Boca Raton DC,US,,Miami,"Rogers Circle, Boca Ratón, Miami,",,26.405641,-80.114041,ok,26.405641,-80.114041,,peeringdb_us_facilities_20261006T160916Z.json,12099,Palm Beach,1
9129,NOLA BROADBAND,US,,Gretna,43 Fairfield Ave,,29.901419,-90.041661,ok,29.901419,-90.041661,,peeringdb_us_facilities_20261006T160916Z.json,22051,Jefferson,1
9145,1530 SWIFT - NOCIX,US,MO,North Kansas City,1530 Swift St,,39.136878,-94.577558,ok,39.136878,-94.577558,,peeringdb_us_facilities_20261006T160916Z.json,29047,Clay,1
9148,NOCIX Clay Facility,US,MO,North Kansas City,201 East 16th Ave,,39.137389,-94.578645,ok,39.137389,-94.578645,,peeringdb_us_facilities_20261006T160916Z.json,29047,Clay,1
9161,Fort Rock Data Center,US,OR,Bend,207 SW Columbia St,,44.047402,-121.328535,ok,44.047402,-121.328535,,peeringdb_us_facilities_20261006T160916Z.json,41017,Deschutes,1
9309,Aunalytics South Bend Datacenter (AUSB),US,IN,South Bend,1440 Ignition Dr.,,41.661423,-86.257342,ok,41.661423,-86.257342,,peeringdb_us_facilities_20261006T160916Z.json,18141,St. Joseph,1
9360,Jackson Technical Datacenter,US,OK,Tulsa,611 S Elgin Ave,,36.151937,-95.984342,ok,36.151937,-95.984342,,peeringdb_us_facilities_20261006T160916Z.json,40143,Tulsa,1
9381,123.NET - DC4 - 400 76th St SW,US,MI,Byron Center,400 76th St SW,STE 12,42.825389,-85.672784,ok,42.825389,-85.672784,,peeringdb_us_facilities_20261006T160916Z.json,26081,Kent,1
9382,123.NET - DC2 - 24275 Northwestern Hwy.,US,MI,Southfield,24275 Northwestern Hwy.,,42.467035,-83.235001,ok,42.467035,-83.235001,,peeringdb_us_facilities_20261006T160916Z.json,26125,Oakland,1
9390,"DartPoints Dublin, OH - CMH1",US,OH,Dublin,565 Metro Pl S Ste 300,,40.093185,-83.133589,ok,40.093185,-83.133589,,peeringdb_us_facilities_20261006T160916Z.json,39049,Franklin,1
9398,TunBroker Baltimore,US,MD,Linthicum Heights,813 Pinnacle Dr,,39.213809,-76.679891,ok,39.213809,-76.679891,,peeringdb_us_facilities_20261006T160916Z.json,24003,Anne Arundel,1
9403,123.NET - DC3 - 24245 Northwestern Hwy.,US,MI,Southfield,24245 Northwestern Hwy.,,42.466862,-83.234666,ok,42.466862,-83.234666,,peeringdb_us_facilities_20261006T160916Z.json,26125,Oakland,1
9406,Equinix LA7 - Los Angeles,US,CA,Los Angeles,1501 Francisco Street,Torrance,33.850864,-118.304002,ok,33.850864,-118.304002,,peeringdb_us_facilities_20261006T160916Z.json,06037,Los Angeles,1
9415,QTS Ashburn (ASH3),US,VA,Ashburn,22291 Shellhorn Road,,39.000915,-77.475168,ok,39.000915,-77.475168,,peeringdb_us_facilities_20261006T160916Z.json,51107,Loudoun,1
9416,Colo Solutions Downtown Orlando,US,FL,Orlando,100 W. Lucerne Circle,,28.534496,-81.379455,ok,28.534496,-81.379455,,peeringdb_us_facilities_20261006T160916Z.json,12095,Orange,1
9429,505 Marquette -- Lobo Internet,US,NM,Albuquerque,505 Marquette NW,Basement,35.088935,-106.652526,ok,35.088935,-106.652526,,peeringdb_us_facilities_20261006T160916Z.json,35001,Bernalillo,1
9460,Evocative BOS1,US,MA,Somerville,50 Inner Belt Road,,42.377932,-71.080419,ok,42.377932,-71.080419,,peeringdb_us_facilities_20261006T160916Z.json,25017,Middlesex,1
9515,Neutron - Coeur d'Alene,US,ID,Coeur d'Alene,600 W Appleway Ave,,47.700339,-116.794444,ok,47.700339,-116.794444,,peeringdb_us_facilities_20261006T160916Z.json,16055,Kootenai,1
9537,Prov.net 935,US,RI,Providence,935 Westminster St,,41.81764,-71.423806,ok,41.81764,-71.423806,,peeringdb_us_facilities_20261006T160916Z.json,44007,Providence,1
9622,Cogent Atlanta,US,GA,Atlanta,55 Marietta St. NW,,33.755851,-84.391243,ok,33.755851,-84.391243,,peeringdb_us_facilities_20261006T160916Z.json,13121,Fulton,1
9659,200 South Virginia - Reno,US,NV,Reno,200 S. Virginia St.,,39.522999,-119.811358,ok,39.522999,-119.811358,,peeringdb_us_facilities_20261006T160916Z.json,32031,Washoe,1
9663,"CoreSite - Washington,DC (DC2)",US,DC,Washington,1099 14th Street NW,,38.903404,-77.031169,ok,38.903404,-77.031169,,peeringdb_us_facilities_20261006T160916Z.json,11001,District of Columbia,1
9664,CoreSite - Los Angeles (LA3),US,CA,Los Angeles,200 Bauchet St,,34.058703,-118.235929,ok,34.058703,-118.235929,,peeringdb_us_facilities_20261006T160916Z.json,06037,Los Angeles,1
9699,SecureData 365,US,OH,Canton,4726 Hills and Dales Rd,,40.832529,-81.431933,ok,40.832529,-81.431933,,peeringdb_us_facilities_20261006T160916Z.json,39151,Stark,1
9707,DNSnetworks IDC4,US,FL,Miami,36 NE 2nd St.,,25.775869,-80.19313,ok,25.775869,-80.19313,,peeringdb_us_facilities_20261006T160916Z.json,12086,Miami-Dade,1
9738,Globenet Boca Raton CLS,US,FL,Boca Raton,500 S Dixie Hwy,"26.3449152,-80.0881501",26.344915,-80.08815,ok,26.344915,-80.08815,,peeringdb_us_facilities_20261006T160916Z.json,12099,Palm Beach,1
9773,AISO Data Center,US,CA,Romoland,25655 Louisa Lane,,33.74821,-117.152165,ok,33.74821,-117.152165,,peeringdb_us_facilities_20261006T160916Z.json,06065,Riverside,1
9845,Connect Des Moines,US,IA,Des Moines,666 Walnut Street,,41.585529,-93.625422,ok,41.585529,-93.625422,,peeringdb_us_facilities_20261006T160916Z.json,19153,Polk,1
9846,Tonaquint Data Center - Boise ID,US,ID,Boise,10215 Emerald St,STE 160,43.60801,-116.310153,ok,43.60801,-116.310153,,peeringdb_us_facilities_20261006T160916Z.json,16001,Ada,1
9853,T5@Cleveland,US,OH,Cleveland,4150 W 150th Street,,41.440122,-81.80254,ok,41.440122,-81.80254,,peeringdb_us_facilities_20261006T160916Z.json,39035,Cuyahoga,1
9854,T5@Cincinnati,US,OH,Cincinnati,925 Dalton Ave,,39.10585,-84.536559,ok,39.10585,-84.536559,,peeringdb_us_facilities_20261006T160916Z.json,39061,Hamilton,1
9855,T5@Minneapolis,US,MN,Minneapolis,1001 3rd Ave South,,44.971526,-93.270339,ok,44.971526,-93.270339,,peeringdb_us_facilities_20261006T160916Z.json,27053,Hennepin,1
9856,4120 Lafayette Center Drive,US,VA,Chantilly,4120 Lafayette Center Drive,,38.905944,-77.469017,ok,38.905944,-77.469017,,peeringdb_us_facilities_20261006T160916Z.json,51059,Fairfax,1
9900,AceHost Tampa,US,FL,Tampa,412 E Madison St,,27.948986,-82.457025,ok,27.948986,-82.457025,,peeringdb_us_facilities_20261006T160916Z.json,12057,Hillsborough,1
9918,Alpha Technologies DC1,US,WV,South Charleston,2020 Union Carbide Dr,,38.353059,-81.696117,ok,38.353059,-81.696117,,peeringdb_us_facilities_20261006T160916Z.json,54039,Kanawha,1
9925,Direct LTx Reading,US,PA,Reading,2561 Bernville Rd,,40.381319,-75.982026,ok,40.381319,-75.982026,,peeringdb_us_facilities_20261006T160916Z.json,42011,Berks,1
10103,Lincoln Rackhouse Kansas City,US,MO,Kansas City,11155 N Airworld Dr,,39.295603,-94.67394,ok,39.295603,-94.67394,,peeringdb_us_facilities_20261006T160916Z.json,29165,Platte,1
10104,Lincoln Rackhouse Atlanta,US,GA,Dunwoody,40 Perimeter Center E,,33.92663,-84.326708,ok,33.92663,-84.326708,,peeringdb_us_facilities_20261006T160916Z.json,13089,DeKalb,1
10149,Victory Technology Center,US,NY,Lackawanna,55 Melroy Ave,,42.82652,-78.821501,ok,42.82652,-78.821501,,peeringdb_us_facilities_20261006T160916Z.json,36029,Erie,1
10202,Heartland Technology Data Center,US,IA,Jesup,1151 12th St,,42.471271,-92.054083,ok,42.471271,-92.054083,,peeringdb_us_facilities_20261006T160916Z.json,19019,Buchanan,1
10349,365 Data Centers New Jersey (NJ1),US,NJ,Bridgewater Township,999 Frontier Rd,,40.58144,-74.573881,ok,40.58144,-74.573881,,peeringdb_us_facilities_20261006T160916Z.json,34035,Somerset,1
10376,LCOG Park Place,US,OR,Eugene,859 Willamette St,,44.050388,-123.092459,ok,44.050388,-123.092459,,peeringdb_us_facilities_20261006T160916Z.json,41039,Lane,1
10407,Amarillo Petroleum Building,US,TX,Amarillo,203 SW 8th Ave,,35.205583,-101.839148,ok,35.205583,-101.839148,,peeringdb_us_facilities_20261006T160916Z.json,48375,Potter,1
10411,Bluebird Quad Cities Data Center,US,IA,Bettendorf,2701 Devils Glen Rd,,41.550323,-90.482459,ok,41.550323,-90.482459,,peeringdb_us_facilities_20261006T160916Z.json,19163,Scott,1
10415,Beloit-NOC,US,KS,Beloit,109 N Mill St,,39.459519,-98.110625,ok,39.459519,-98.110625,,peeringdb_us_facilities_20261006T160916Z.json,20123,Mitchell,1
10439,BendTel,US,OR,Bend,130 NW Greenwood Ave,,44.060152,-121.309509,ok,44.060152,-121.309509,,peeringdb_us_facilities_20261006T160916Z.json,41017,Deschutes,1
10444,Cloudpath CT2 (1351 Washington Blvd),US,CT,Stamford,1351 washington blvd,,41.058085,-73.542936,ok,41.058085,-73.542936,,peeringdb_us_facilities_20261006T160916Z.json,09190,Western Connecticut,1
10445,Cloudpath CT19 (5 Landmark Sq),US,CT,Stamford,5 Landmark Square,,41.054701,-73.537277,ok,41.054701,-73.537277,,peeringdb_us_facilities_20261006T160916Z.json,09190,Western Connecticut,1
10473,Cogent Boca Raton,US,FL,Boca Raton,5050 Conference Way N,,26.392805,-80.109732,ok,26.392805,-80.109732,,peeringdb_us_facilities_20261006T160916Z.json,12099,Palm Beach,1
10474,Cogent Boston,US,MA,Waltham,100 5th Ave,,42.393191,-71.255728,ok,42.393191,-71.255728,,peeringdb_us_facilities_20261006T160916Z.json,25017,Middlesex,1
10476,Cogent Chicago 1,US,IL,Chicago,216 W Jackson Blvd,,41.878465,-87.634525,ok,41.878465,-87.634525,,peeringdb_us_facilities_20261006T160916Z.json,17031,Cook,1
10477,Cogent Chicago 2,US,IL,Chicago,221 N LaSalle St,,41.886487,-87.632145,ok,41.886487,-87.632145,,peeringdb_us_facilities_20261006T160916Z.json,17031,Cook,1
10478,Cogent Cleveland,US,OH,Cleveland,1621 Euclid Ave,,41.501689,-81.680462,ok,41.501689,-81.680462,,peeringdb_us_facilities_20261006T160916Z.json,39035,Cuyahoga,1
10479,Cogent Columbus,US,OH,Columbus,240 N 5th St,,39.968136,-82.995596,ok,39.968136,-82.995596,,peeringdb_us_facilities_20261006T160916Z.json,39049,Franklin,1
10547,Fiber Alley 8915,US,CA,San Diego,8915 Complex Dr,,32.829836,-117.134159,ok,32.829836,-117.134159,,peeringdb_us_facilities_20261006T160916Z.json,06073,San Diego,1
10548,Fiber Alley 8917,US,CA,San Diego,8917 Complex Dr,,32.829836,-117.134159,ok,32.829836,-117.134159,,peeringdb_us_facilities_20261006T160916Z.json,06073,San Diego,1
10564,Lincoln Data Centers,US,NE,Lincoln,206 S 13th St,,40.812034,-96.702272,ok,40.812034,-96.702272,,peeringdb_us_facilities_20261006T160916Z.json,31109,Lancaster,1
10565,Binary Net Vault,US,NE,Lincoln,134 S 13th St,,40.812702,-96.70235,ok,40.812702,-96.70235,,peeringdb_us_facilities_20261006T160916Z.json,31109,Lancaster,1
10623,Stream Data Centers - Chicago II,US,IL,Elk Grove Village,1925 Busse Rd,,41.999144,-87.958291,ok,41.999144,-87.958291,,peeringdb_us_facilities_20261006T160916Z.json,17031,Cook,1
10674,OpenColo,US,CA,Santa Clara,3223 Kenneth St,,37.378892,-121.956248,ok,37.378892,-121.956248,,peeringdb_us_facilities_20261006T160916Z.json,06085,Santa Clara,1
10687,Digital Realty DFW18 (1210 Integrity Dr),US,TX,Richardson,1210 Integrity Drive,,32.96547,-96.711986,ok,32.96547,-96.711986,,peeringdb_us_facilities_20261006T160916Z.json,48113,Dallas,1
10766,ColoHouse New York,US,NY,Orangeburg,1 Ramland Rd,,41.034512,-73.97584,ok,41.034512,-73.97584,,peeringdb_us_facilities_20261006T160916Z.json,36087,Rockland,1
10791,"DartPoints North Liberty, IA",US,IA,North Liberty,980 N Front St,,41.756979,-91.596653,ok,41.756979,-91.596653,,peeringdb_us_facilities_20261006T160916Z.json,19103,Johnson,1
10829,Navisite Andover,US,MA,Andover,400 Minuteman Rd,,42.696486,-71.211131,ok,42.696486,-71.211131,,peeringdb_us_facilities_20261006T160916Z.json,25009,Essex,1
10830,Navisite Santa Clara,US,CA,Santa Clara,2805 Lafayette St,,37.37289,-121.948022,ok,37.37289,-121.948022,,peeringdb_us_facilities_20261006T160916Z.json,06085,Santa Clara,1
10862,ORNY1,US,NY,Orangeburg,1 Ramland Rd,,41.034512,-73.97584,ok,41.034512,-73.97584,,peeringdb_us_facilities_20261006T160916Z.json,36087,Rockland,1
10864,Sungard AS Philadelphia,US,PA,Philadelphia,401 N Broad St,,39.959612,-75.161014,ok,39.959612,-75.161014,,peeringdb_us_facilities_20261006T160916Z.json,42101,Philadelphia,1
10865,Sungard AS Aurora,US,CO,Aurora,3431 N Windsor Dr,,39.762718,-104.762172,ok,39.762718,-104.762172,,peeringdb_us_facilities_20261006T160916Z.json,08001,Adams,1
10866,Sungard AS Carlstadt 777,US,NJ,Carlstadt,777 Central Blvd,,40.828282,-74.044333,ok,40.828282,-74.044333,,peeringdb_us_facilities_20261006T160916Z.json,34003,Bergen,1
10869,Houston Bunker,US,TX,Montgomery,552 Club Drive,,30.377702,-95.668803,ok,30.377702,-95.668803,,peeringdb_us_facilities_20261006T160916Z.json,48339,Montgomery,1
10910,DataBank San Diego (SAN1),US,CA,San Diego,12270 World Trade Dr,,32.988781,-117.073181,ok,32.988781,-117.073181,,peeringdb_us_facilities_20261006T160916Z.json,06073,San Diego,1
10915,DataBank McLean (IAD2),US,VA,McLean,1674A Old Meadow Lane,,38.919781,-77.215636,ok,38.919781,-77.215636,,peeringdb_us_facilities_20261006T160916Z.json,51059,Fairfax,1
10916,DataBank Atlanta (ATL3),US,GA,Atlanta,1150 White Street Southwest,,33.734567,-84.425652,ok,33.734567,-84.425652,,peeringdb_us_facilities_20261006T160916Z.json,13121,Fulton,1
10917,DataBank Pittsburgh (PIT2),US,PA,Pittsburgh,35 Summit Park Dr,,40.451321,-80.190035,ok,40.451321,-80.190035,,peeringdb_us_facilities_20261006T160916Z.json,42003,Allegheny,1
10918,DataBank Chicago (ORD2),US,IL,Chicago,840 S Canal St,,41.870906,-87.640153,ok,41.870906,-87.640153,,peeringdb_us_facilities_20261006T160916Z.json,17031,Cook,1
10919,DataBank Chicago (ORD4),US,IL,Oak Brook,1808 Swift Dr,,41.854051,-87.920916,ok,41.854051,-87.920916,,peeringdb_us_facilities_20261006T160916Z.json,17043,DuPage,1
10920,DataBank Denver (DEN3),US,CO,Denver,1500 Champa St,,39.74576,-104.994518,ok,39.74576,-104.994518,,peeringdb_us_facilities_20261006T160916Z.json,08031,Denver,1
10921,DataBank Denver (DEN4),US,CO,Westminster,7579 W 103rd Ave,,39.884552,-105.080128,ok,39.884552,-105.080128,,peeringdb_us_facilities_20261006T160916Z.json,08059,Jefferson,1
10922,DataBank Piscataway (EWR2),US,NJ,Piscataway,25 Corporate Pl S,,40.549247,-74.458241,ok,40.549247,-74.458241,,peeringdb_us_facilities_20261006T160916Z.json,34023,Middlesex,1
10923,DataBank Dallas (DFW4),US,TX,Dallas,1100 Empire Central Pl,,32.821596,-96.873457,ok,32.821596,-96.873457,,peeringdb_us_facilities_20261006T160916Z.json,48113,Dallas,1
10924,DataBank Dallas (DFW7),US,TX,Dallas,6606 Lyndon B Johnson Fwy,,32.922798,-96.791315,ok,32.922798,-96.791315,,peeringdb_us_facilities_20261006T160916Z.json,48113,Dallas,1
10925,DataBank Austin (AUS1),US,TX,Austin,7128 McNeil Dr,,30.436287,-97.763776,ok,30.436287,-97.763776,,peeringdb_us_facilities_20261006T160916Z.json,48491,Williamson,1
10926,DataBank Waco (ACT1),US,TX,Waco,700 Austin Avenue,,31.55495,-97.13324,ok,31.55495,-97.13324,,peeringdb_us_facilities_20261006T160916Z.json,48309,McLennan,1
10927,DataBank Kansas City (MCI3),US,KS,Lenexa,11200 Lakeview Ave,,38.92519,-94.77028,ok,38.92519,-94.77028,,peeringdb_us_facilities_20261006T160916Z.json,20091,Johnson,1
10928,DataBank Minneapolis (MSP4),US,MN,Minneapolis,511 11th Ave S,,44.971408,-93.25458,ok,44.971408,-93.25458,,peeringdb_us_facilities_20261006T160916Z.json,27053,Hennepin,1
10929,DataBank Indianapolis (IND1),US,IN,Indianapolis,731 W Henry St,,39.759374,-86.172235,ok,39.759374,-86.172235,,peeringdb_us_facilities_20261006T160916Z.json,18097,Marion,1
10930,DataBank Indianapolis (IND2),US,IN,Indianapolis,650 West Henry Street,,39.760096,-86.170486,ok,39.760096,-86.170486,,peeringdb_us_facilities_20261006T160916Z.json,18097,Marion,1
10931,DataBank Santa Clara (SFO1),US,CA,Santa Clara,5101 Lafayette St,,37.407382,-121.965885,ok,37.407382,-121.965885,,peeringdb_us_facilities_20261006T160916Z.json,06085,Santa Clara,1
10932,DataBank Los Angeles (LAX1),US,CA,Los Angeles,624 S Grand Ave,,34.047948,-118.255358,ok,34.047948,-118.255358,,peeringdb_us_facilities_20261006T160916Z.json,06037,Los Angeles,1
10933,DataBank Irvine (SNA2),US,CA,Irvine,17400 Von Karman Ave,,33.687905,-117.842407,ok,33.687905,-117.842407,,peeringdb_us_facilities_20261006T160916Z.json,06059,Orange,1
10934,DataBank Phoenix (PHX1),US,AZ,Phoenix,3110 N Central Ave,,33.483936,-112.0767,ok,33.483936,-112.0767,,peeringdb_us_facilities_20261006T160916Z.json,04013,Maricopa,1
10935,DataBank Phoenix (PHX2),US,AZ,Phoenix,615 N 48th St,,33.454431,-111.975724,ok,33.454431,-111.975724,,peeringdb_us_facilities_20261006T160916Z.json,04013,Maricopa,1
10936,DataBank Phoenix (PHX3),US,AZ,Chandler,2121 S Price Rd,,33.273916,-111.885259,ok,33.273916,-111.885259,,peeringdb_us_facilities_20261006T160916Z.json,04013,Maricopa,1
10937,DataBank Salt Lake City (SLC4),US,UT,Bluffdale,14860 S Pony Express Rd,,40.481315,-111.90496,ok,40.481315,-111.90496,,peeringdb_us_facilities_20261006T160916Z.json,49035,Salt Lake,1
10938,DataBank Salt Lake City (SLC5),US,UT,Bluffdale,14870 S Pony Express Rd,,40.480867,-111.904275,ok,40.480867,-111.904275,,peeringdb_us_facilities_20261006T160916Z.json,49035,Salt Lake,1
10960,ACW Winter Haven,US,FL,Winter Haven,199 Avenue B NW,,28.024126,-81.728175,ok,28.024126,-81.728175,,peeringdb_us_facilities_20261006T160916Z.json,12105,Polk,1
11008,ScaleMatrix San Diego Data Center US-West 01,US,CA,San Diego,5775 Kearny Villa Rd,,32.838205,-117.133185,ok,32.838205,-117.133185,,peeringdb_us_facilities_20261006T160916Z.json,06073,San Diego,1
11009,ScaleMatrix Dallas Data Center US-South 01,US,TX,Allen,820 Allen Commerce Pkwy,,33.138618,-96.657387,ok,33.138618,-96.657387,,peeringdb_us_facilities_20261006T160916Z.json,48085,Collin,1
11010,ScaleMatrix Seattle Data Center US-West 02,US,WA,Puyallup,1023 39th Ave SE,,47.154858,-122.279018,ok,47.154858,-122.279018,,peeringdb_us_facilities_20261006T160916Z.json,53053,Pierce,1
11011,ScaleMatrix Jacksonville Data Center US-South 02,US,FL,Jacksonville,8324 Baymeadows Way,,30.216445,-81.582092,ok,30.216445,-81.582092,,peeringdb_us_facilities_20261006T160916Z.json,12031,Duval,1
11192,Databridge Sites Silver Spring,US,MD,Silver Spring,12401 Prosperity Drive,,39.05867,-76.964486,ok,39.05867,-76.964486,,peeringdb_us_facilities_20261006T160916Z.json,24031,Montgomery,1
11195,DataBridge Sites Aurora,US,IL,Aurora,4267 Meridian Pkwy,,41.772203,-88.217055,ok,41.772203,-88.217055,,peeringdb_us_facilities_20261006T160916Z.json,17043,DuPage,1
11255,BluBroadband Shell Ave,US,FL,Fort Walton Beach,14 Shell Ave SE,,30.411196,-86.612424,ok,30.411196,-86.612424,,peeringdb_us_facilities_20261006T160916Z.json,12091,Okaloosa,1
11363,TierPoint Bethlehem,US,PA,Bethlehem,3864 Courtney St,,40.670346,-75.37493,ok,40.670346,-75.37493,,peeringdb_us_facilities_20261006T160916Z.json,42095,Northampton,1
11364,TierPoint Boston - Marlborough,US,MA,Marlborough,34 Saint Martin Dr,,42.312902,-71.579257,ok,42.312902,-71.579257,,peeringdb_us_facilities_20261006T160916Z.json,25027,Worcester,1
11366,TierPoint St. Louis – Millpark,US,MO,Maryland Heights,2315 Millpark Dr,,38.698612,-90.411954,ok,38.698612,-90.411954,,peeringdb_us_facilities_20261006T160916Z.json,29189,St. Louis,1
11370,Golden West Rapid City Skyline Facility,US,SD,Rapid City,3850 Tower Road,,44.047645,-103.244187,ok,44.047645,-103.244187,,peeringdb_us_facilities_20261006T160916Z.json,46103,Pennington,1
11380,CENTRA RNO01 - Reno Nevada (200 S. Virginia),US,NV,Reno,200 S Virginia St,,39.522999,-119.811358,ok,39.522999,-119.811358,,peeringdb_us_facilities_20261006T160916Z.json,32031,Washoe,1
11429,LightEdge Kansas City Cavern (KCI2),US,KS,Lenexa,Pillar #18-33,17501 W 98th St,38.95187,-94.789552,ok,38.95187,-94.789552,,peeringdb_us_facilities_20261006T160916Z.json,20091,Johnson,1
11497,Equinix CH7 - Westmont,US,IL,Westmont,111 Plaza Dr,,41.812598,-87.972834,ok,41.812598,-87.972834,,peeringdb_us_facilities_20261006T160916Z.json,17043,DuPage,1
11523,H5 Data Centers Cincinnati II,US,OH,Cincinnati,925 Dalton Ave,,39.105851,-84.53657,ok,39.105851,-84.53657,,peeringdb_us_facilities_20261006T160916Z.json,39061,Hamilton,1
11633,Cologix SV1,US,CA,Santa Clara,2050 Martin Ave,,37.365431,-121.961738,ok,37.365431,-121.961738,,peeringdb_us_facilities_20261006T160916Z.json,06085,Santa Clara,1
11651,Cologix ASH1,US,VA,Ashburn,21673 Beaumeade Cir,,39.019135,-77.457738,ok,39.019135,-77.457738,,peeringdb_us_facilities_20261006T160916Z.json,51107,Loudoun,1
11671,Peak Internet,US,OR,Corvallis,1600 SW Western Blvd Ste 180,,44.559445,-123.275141,ok,44.559445,-123.275141,,peeringdb_us_facilities_20261006T160916Z.json,41003,Benton,1
11694,Ridgeview Minnetonka,US,MN,Minnetonka,12450 Wayzata Blvd,,44.97197,-93.436798,ok,44.97197,-93.436798,,peeringdb_us_facilities_20261006T160916Z.json,27053,Hennepin,1
11742,713 Nebraska,US,IA,Sioux City,713 Nebraska St,,42.498104,-96.403951,ok,42.498104,-96.403951,,peeringdb_us_facilities_20261006T160916Z.json,19193,Woodbury,1
11762,Equinix DA11 - Dallas,US,TX,Dallas,1990 N Stemmons Fwy,,32.801347,-96.821074,ok,32.801347,-96.821074,,peeringdb_us_facilities_20261006T160916Z.json,48113,Dallas,1
11786,EdgeConneX New Orleans (EDCSLI01),US,LA,Slidell,2070 Gause Blvd E,,30.287098,-89.737403,ok,30.287098,-89.737403,,peeringdb_us_facilities_20261006T160916Z.json,22103,St. Tammany,1
11838,"CENTRA PWM1 - Portland, Maine (340 Cumberland)",US,ME,Portland,340 Cumberland Ave,,43.6578,-70.261218,ok,43.6578,-70.261218,,peeringdb_us_facilities_20261006T160916Z.json,23005,Cumberland,1
11867,Sungard AS Thornton,US,CO,Thornton,550 East 84th Ave.,,39.847081,-104.979182,ok,39.847081,-104.979182,,peeringdb_us_facilities_20261006T160916Z.json,08001,Adams,1
11903,MDC Nogales,US,AZ,Nogales,81 N Sonoita Ave,,31.334862,-110.943701,ok,31.334862,-110.943701,,peeringdb_us_facilities_20261006T160916Z.json,04023,Santa Cruz,1
11927,T5@SiliconValley,US,CA,Newark,39800 Eureka Dr,,37.510156,-122.001869,ok,37.510156,-122.001869,,peeringdb_us_facilities_20261006T160916Z.json,06001,Alameda,1
11928,T5@Portland,US,OR,Hillsboro,4915 NE Starr Blvd,,45.555659,-122.938245,ok,45.555659,-122.938245,,peeringdb_us_facilities_20261006T160916Z.json,41067,Washington,1
11929,T5@Charlotte,US,NC,Kings Mountain,131 Riverside Court,,35.250449,-81.395098,ok,35.250449,-81.395098,,peeringdb_us_facilities_20261006T160916Z.json,37045,Cleveland,1
11930,T5@Atlanta,US,GA,Lithia Springs,1456 Trae Lane,,33.763445,-84.604971,ok,33.763445,-84.604971,,peeringdb_us_facilities_20261006T160916Z.json,13097,Douglas,1
11931,T5@Augusta,US,GA,Augusta,2865 Gordon Hwy,,33.438755,-82.157946,ok,33.438755,-82.157946,,peeringdb_us_facilities_20261006T160916Z.json,13245,Richmond,1
11932,T5@Colorado Springs,US,CO,Colorado Springs,3323 Janitell Rd,,38.785862,-104.788567,ok,38.785862,-104.788567,,peeringdb_us_facilities_20261006T160916Z.json,08041,El Paso,1
11952,DC Host Sheridan,US,WY,Sheridan,1309 Coffeen Ave Ste 1200,,44.784169,-106.940957,ok,44.784169,-106.940957,,peeringdb_us_facilities_20261006T160916Z.json,56033,Sheridan,1
11971,EXA Datacenter New York,US,NY,New York,60 Hudson St Rm 1015,,40.717729,-74.008306,ok,40.717729,-74.008306,,peeringdb_us_facilities_20261006T160916Z.json,36061,New York,1
12049,Lumen Tulsa 1,US,OK,Tulsa,18 W Archer St,,36.15682,-95.993421,ok,36.15682,-95.993421,,peeringdb_us_facilities_20261006T160916Z.json,40143,Tulsa,1
12068,Foremost Dallas,US,TX,Dallas,5757 Alpha Rd Ste 106,,32.933377,-96.808683,ok,32.933377,-96.808683,,peeringdb_us_facilities_20261006T160916Z.json,48113,Dallas,1
12069,Foremost Corpus Christi,US,TX,Corpus Christi,606 N Carancahua St Ste 822,,27.795871,-97.397251,ok,27.795871,-97.397251,,peeringdb_us_facilities_20261006T160916Z.json,48355,Nueces,1
12070,Foremost San Antonio,US,TX,San Antonio,100 Taylor St Ste 260,,29.42938,-98.487309,ok,29.42938,-98.487309,,peeringdb_us_facilities_20261006T160916Z.json,48029,Bexar,1
12071,Foremost Harlingen,US,TX,Harlingen,515 E Jackson St,,26.192979,-97.690638,ok,26.192979,-97.690638,,peeringdb_us_facilities_20261006T160916Z.json,48061,Cameron,1
12107,Spin Servers DAL1,US,TX,Dallas,2020 Live Oak St,,32.783697,-96.79467,ok,32.783697,-96.79467,,peeringdb_us_facilities_20261006T160916Z.json,48113,Dallas,1
12120,AUBix Auburn,US,AL,Auburn,1571 W Samford Ave,,32.601054,-85.513729,ok,32.601054,-85.513729,,peeringdb_us_facilities_20261006T160916Z.json,01081,Lee,1
12159,RagingWire HI1 - NTT,US,OR,Hillsboro,4050 NE Evergreen Rd,,45.549514,-122.937479,ok,45.549514,-122.937479,,peeringdb_us_facilities_20261006T160916Z.json,41067,Washington,1
12160,RagingWire CH1 - NTT,US,IL,Itasca,255 W Pierce Rd,,41.988567,-88.01368,ok,41.988567,-88.01368,,peeringdb_us_facilities_20261006T160916Z.json,17043,DuPage,1
12189,Segra Kannapolis,US,NC,Kannapolis,465 Charles Babbage Ln,,35.504805,-80.62259,ok,35.504805,-80.62259,,peeringdb_us_facilities_20261006T160916Z.json,37025,Cabarrus,1
12210,CENTRA CMH01 - Columbus Ohio (180 E Broad),US,OH,Columbus,180 E Broad St.,B1,39.963183,-82.995994,ok,39.963183,-82.995994,,peeringdb_us_facilities_20261006T160916Z.json,39049,Franklin,1
12212,BluegrassNet Louisville,US,KY,Louisville,321 E Breckinridge St,,38.241182,-85.74932,ok,38.241182,-85.74932,,peeringdb_us_facilities_20261006T160916Z.json,21111,Jefferson,1
12234,"ark data centers - Boise, ID",US,ID,Boise,2653 S Victory View Way,,43.579984,-116.290797,ok,43.579984,-116.290797,,peeringdb_us_facilities_20261006T160916Z.json,16001,Ada,1
12235,"ark data centers - Cleveland, OH",US,OH,Independence,7300 E Pleasant Valley Rd,,41.361157,-81.632535,ok,41.361157,-81.632535,,peeringdb_us_facilities_20261006T160916Z.json,39035,Cuyahoga,1
12236,421 N 6th Ave East,US,MN,Duluth,421 N 6th Ave East,,46.795743,-92.096014,ok,46.795743,-92.096014,,peeringdb_us_facilities_20261006T160916Z.json,27137,St. Louis,1
12237,"ark data centers - Canton,OH",US,OH,Canton,4726 Hills and Dales Rd NW,,40.832529,-81.431933,ok,40.832529,-81.431933,,peeringdb_us_facilities_20261006T160916Z.json,39151,Stark,1
12238,"ark data centers - Youngstown, OH",US,OH,Youngstown,1343 Belmont Ave,,41.11832,-80.657012,ok,41.11832,-80.657012,,peeringdb_us_facilities_20261006T160916Z.json,39099,Mahoning,1
12239,"ark data centers - Pittsburgh, PA",US,PA,Freeport,161 Armstrong Dr,,40.752216,-79.637268,ok,40.752216,-79.637268,,peeringdb_us_facilities_20261006T160916Z.json,42005,Armstrong,1
12302,US Signal MN01 - Minneapolis,US,MN,Eden Prairie,10290 W 70th St,,44.877094,-93.407686,ok,44.877094,-93.407686,,peeringdb_us_facilities_20261006T160916Z.json,27053,Hennepin,1
12303,US Signal WI02 - Madison,US,WI,Fitchburg,5515 Nobel Dr,,42.994734,-89.423602,ok,42.994734,-89.423602,,peeringdb_us_facilities_20261006T160916Z.json,55025,Dane,1
12304,US Signal IA01 - Des Moines,US,IA,Waukee,390 NE Alices Rd,,41.620242,-93.853996,ok,41.620242,-93.853996,,peeringdb_us_facilities_20261006T160916Z.json,19049,Dallas,1
12305,US Signal CO01 - Denver,US,CO,Englewood,8675 Concord Center Dr,,39.559076,-104.833542,ok,39.559076,-104.833542,,peeringdb_us_facilities_20261006T160916Z.json,08035,Douglas,1
12306,US Signal OR01 - Bend,US,OR,Bend,20845 Sockeye Pl,,44.086238,-121.282971,ok,44.086238,-121.282971,,peeringdb_us_facilities_20261006T160916Z.json,41017,Deschutes,1
12307,US Signal AZ01 - Phoenix,US,AZ,Gilbert,1655 W Sunrise Blvd,,33.355173,-111.826816,ok,33.355173,-111.826816,,peeringdb_us_facilities_20261006T160916Z.json,04013,Maricopa,1
12344,EdgeConneX Chicago (EDCCHI02),US,IL,Elk Grove Village,2021 Lunt Avenue,,42.001364,-87.952626,ok,42.001364,-87.952626,,peeringdb_us_facilities_20261006T160916Z.json,17031,Cook,1
12396,Cogent New Orleans,US,LA,New Orleans,"650 Poydras St,",,29.948875,-90.070115,ok,29.948875,-90.070115,,peeringdb_us_facilities_20261006T160916Z.json,22071,Orleans,1
12488,Digital Realty CHI (9333 Grand Ave),US,IL,Franklin Park,9333 Grand Ave,,41.926884,-87.859119,ok,41.926884,-87.859119,,peeringdb_us_facilities_20261006T160916Z.json,17031,Cook,1
12489,Digital Realty CHI (9355 Grand Ave),US,IL,Franklin Park,9355 Grand Ave,,41.927658,-87.859333,ok,41.927658,-87.859333,,peeringdb_us_facilities_20261006T160916Z.json,17031,Cook,1
12490,Digital Realty CHI (9377 Grand Ave),US,IL,Franklin Park,9377 Grand Ave,,41.928621,-87.85877,ok,41.928621,-87.85877,,peeringdb_us_facilities_20261006T160916Z.json,17031,Cook,1
12513,Equinix AT4 - Atlanta,US,GA,Atlanta,450 Interstate North Parkway,,33.895445,-84.453611,ok,33.895445,-84.453611,,peeringdb_us_facilities_20261006T160916Z.json,13067,Cobb,1
12553,EdgeCore Phoenix,US,AZ,Mesa,3856 S Everton Terrace,,33.345396,-111.619886,ok,33.345396,-111.619886,,peeringdb_us_facilities_20261006T160916Z.json,04013,Maricopa,1
12675,tzulo Chicago,US,IL,Chicago,427 S La Salle St Ste 405,,41.876203,-87.631496,ok,41.876203,-87.631496,,peeringdb_us_facilities_20261006T160916Z.json,17031,Cook,1
12679,SD / Comsat Southbury Ground Station,US,CT,Southbury,2120 River Rd,,41.451602,-73.28939,ok,41.451602,-73.28939,,peeringdb_us_facilities_20261006T160916Z.json,09140,Naugatuck Valley,1
12680,SD / Comsat Santa Paula Ground Station,US,CA,Santa Paula,7000 Pine Grove Rd,,34.413094,-119.080887,ok,34.413094,-119.080887,,peeringdb_us_facilities_20261006T160916Z.json,06111,Ventura,1
12749,HostDime Orlando Tier IV Data Center,US,FL,Orlando,1 Innovative Place,,28.614463,-81.385657,ok,28.614463,-81.385657,,peeringdb_us_facilities_20261006T160916Z.json,12095,Orange,1
12785,Sunbreak Electronics,US,,Portland,421 S Redwood St,,45.261026,-122.676541,ok,45.261026,-122.676541,,peeringdb_us_facilities_20261006T160916Z.json,41005,Clackamas,1
12844,Scott Data Center Omaha,US,NE,Omaha,6805 Pine St,,41.242916,-96.016491,ok,41.242916,-96.016491,,peeringdb_us_facilities_20261006T160916Z.json,31055,Douglas,1
12877,Aligned Ashburn (IAD-02),US,VA,Ashburn,21821 Uunet Dr,,39.010562,-77.475185,ok,39.010562,-77.475185,,peeringdb_us_facilities_20261006T160916Z.json,51107,Loudoun,1
12878,Aligned Chicago (ORD-01),US,IL,Northlake,505 Northwest Ave,,41.913464,-87.91876,ok,41.913464,-87.91876,,peeringdb_us_facilities_20261006T160916Z.json,17031,Cook,1
12879,Aligned Chicago (ORD-02),US,IL,Northlake,505 Northwest Ave,,41.913464,-87.91876,ok,41.913464,-87.91876,,peeringdb_us_facilities_20261006T160916Z.json,17031,Cook,1
13001,Connect Cedar Valley,US,IA,Cedar Falls,1205 Technology Pkwy,,42.474167,-92.458792,ok,42.474167,-92.458792,,peeringdb_us_facilities_20261006T160916Z.json,19013,Black Hawk,1
13021,Digital Fortress (PTL3),US,OR,Beaverton,9610 SW Sunshine Ct,,45.475663,-122.776066,ok,45.475663,-122.776066,,peeringdb_us_facilities_20261006T160916Z.json,41067,Washington,1
13022,Digital Fortress (LYN),US,WA,Lynnwood,4200 194th St.SW,,47.822503,-122.289478,ok,47.822503,-122.289478,,peeringdb_us_facilities_20261006T160916Z.json,53061,Snohomish,1
13023,Digital Fortress (PNJ),US,NJ,Piscataway,201 Centennial Ave Bldg B,,40.544144,-74.496592,ok,40.544144,-74.496592,,peeringdb_us_facilities_20261006T160916Z.json,34023,Middlesex,1
13029,Quad State Internet PAH1 Colocation,US,KY,Paducah,1212 Helen St,,37.09402,-88.634104,ok,37.09402,-88.634104,,peeringdb_us_facilities_20261006T160916Z.json,21145,McCracken,1
13093,SFN MN-Rochester,US,MN,Rochester,220 S Broadway,STE LL1-F,44.020906,-92.462501,ok,44.020906,-92.462501,,peeringdb_us_facilities_20261006T160916Z.json,27109,Olmsted,1
13094,SFN IL-Peoria,US,IL,Peoria,4236 N New York Ave,,40.738991,-89.584721,ok,40.738991,-89.584721,,peeringdb_us_facilities_20261006T160916Z.json,17143,Peoria,1
13101,Aureon Downtown,US,IA,Des Moines,616 10th Street,,41.5879,-93.631042,ok,41.5879,-93.631042,,peeringdb_us_facilities_20261006T160916Z.json,19153,Polk,1
13102,Aureon Minneapolis,US,MN,Minneapolis,511 11th Ave S,,44.971408,-93.25458,ok,44.971408,-93.25458,,peeringdb_us_facilities_20261006T160916Z.json,27053,Hennepin,1
13103,Aureon West Des Moines,US,,West Des Moines,1661 Westown Pkwy,,41.597249,-93.735197,ok,41.597249,-93.735197,,peeringdb_us_facilities_20261006T160916Z.json,19153,Polk,1
13111,LSVL-CTC1,US,CO,Louisville,"382 S Arthur Ave #120,",,39.965362,-105.124453,ok,39.965362,-105.124453,,peeringdb_us_facilities_20261006T160916Z.json,08013,Boulder,1
13220,Midco Sioux Falls,US,SD,Sioux Falls,5401 S Solberg Ave,,43.496635,-96.785669,ok,43.496635,-96.785669,,peeringdb_us_facilities_20261006T160916Z.json,46083,Lincoln,1
13221,Midco Yankton,US,SD,Yankton,2106 W City Limits Rd,,42.892031,-97.416548,ok,42.892031,-97.416548,,peeringdb_us_facilities_20261006T160916Z.json,46135,Yankton,1
13222,Midco Fargo,US,ND,Fargo,4624 28th Ave. S,,46.836551,-96.865917,ok,46.836551,-96.865917,,peeringdb_us_facilities_20261006T160916Z.json,38017,Cass,1
13223,Midco Grand Forks,US,ND,Grand Forks,4301 18th Ave S,,47.902115,-97.090307,ok,47.902115,-97.090307,,peeringdb_us_facilities_20261006T160916Z.json,38035,Grand Forks,1
13227,Cogent La Mirada,US,CA,La Mirada,16680 Valley View Ave,,33.879828,-118.026751,ok,33.879828,-118.026751,,peeringdb_us_facilities_20261006T160916Z.json,06037,Los Angeles,1
13230,DLI One,US,GA,Columbus,8 Corporate Ridge Pkwy,,32.498252,-84.883576,ok,32.498252,-84.883576,,peeringdb_us_facilities_20261006T160916Z.json,13215,Muscogee,1
13252,Ethoplex Data Center,US,WI,Germantown,N115W19150 Edison Dr,,43.227892,-88.146745,ok,43.227892,-88.146745,,peeringdb_us_facilities_20261006T160916Z.json,55131,Washington,1
13254,DataBank Minneapolis (MSP3),US,MN,Brooklyn Park,8111 Oxbow Creek N,,45.14438,-93.385913,ok,45.14438,-93.385913,,peeringdb_us_facilities_20261006T160916Z.json,27053,Hennepin,1
13256,SFN IA-Urbana,US,IA,Urbana,5358 Hutton Dr,,42.246422,-91.886635,ok,42.246422,-91.886635,,peeringdb_us_facilities_20261006T160916Z.json,19011,Benton,1
13284,Hemlock Plaza,US,OR,Brookings,603 Hemlock St,,42.051179,-124.28091,ok,42.051179,-124.28091,,peeringdb_us_facilities_20261006T160916Z.json,41015,Curry,1
13291,STRATA Vernal Data Center,US,UT,Vernal,67 N Vernal Ave,,40.456615,-109.528963,ok,40.456615,-109.528963,,peeringdb_us_facilities_20261006T160916Z.json,49047,Uintah,1
13313,MDC San Diego,US,CA,San Diego,7014 Manya Cir,,32.594192,-117.085384,ok,32.594192,-117.085384,,peeringdb_us_facilities_20261006T160916Z.json,06073,San Diego,1
13357,Router12 - Brick and Tile,US,IA,Mason City,103 E State St,,43.151696,-93.199328,ok,43.151696,-93.199328,,peeringdb_us_facilities_20261006T160916Z.json,19033,Cerro Gordo,1
13389,Flexential - Atlanta/Douglasville (ATL5),US,GA,Douglasville,1700 N. River Road,,33.731164,-84.615714,ok,33.731164,-84.615714,,peeringdb_us_facilities_20261006T160916Z.json,13097,Douglas,1
13390,Flexential - Portland/Hillsboro 3 (PDX03),US,OR,Hillsboro,5419 NE Starr Blvd,,45.559203,-122.938018,ok,45.559203,-122.938018,,peeringdb_us_facilities_20261006T160916Z.json,41067,Washington,1
13391,Flexential - Portland/Hillsboro 4 (PDX04),US,OR,Hillsboro,4915 NE Starr Blvd,,45.555183,-122.939056,ok,45.555183,-122.939056,,peeringdb_us_facilities_20261006T160916Z.json,41067,Washington,1
13438,Venyu BTR1,US,LA,Baton Rouge,7127 Florida Blvd,,30.45352,-91.115624,ok,30.45352,-91.115624,,peeringdb_us_facilities_20261006T160916Z.json,22033,East Baton Rouge,1
13439,Otava Metro Detroit,US,MI,Westland,6435 North Hix Road,,42.331172,-83.419408,ok,42.331172,-83.419408,,peeringdb_us_facilities_20261006T160916Z.json,26163,Wayne,1
13440,C Spire Mississippi,US,MS,Starkville,401 Research Blvd,,33.470581,-88.791097,ok,33.470581,-88.791097,,peeringdb_us_facilities_20261006T160916Z.json,28105,Oktibbeha,1
13441,Crown Castle Philadelphia (1309 Noble),US,PA,Philadelphia,1309 Noble St,,39.960652,-75.160469,ok,39.960652,-75.160469,,peeringdb_us_facilities_20261006T160916Z.json,42101,Philadelphia,1
13442,Crown Castle White Plains (360 Hamilton),US,NY,White Plains,360 Hamilton Ave,,41.034715,-73.767108,ok,41.034715,-73.767108,,peeringdb_us_facilities_20261006T160916Z.json,36119,Westchester,1
13478,EdgeCore Silicon Valley,US,CA,Santa Clara,2201 Laurelwood Rd,,37.384692,-121.964919,ok,37.384692,-121.964919,,peeringdb_us_facilities_20261006T160916Z.json,06085,Santa Clara,1
13479,EdgeCore VA1,US,VA,Sterling,45865 Maries Rd,,39.021724,-77.414111,ok,39.021724,-77.414111,,peeringdb_us_facilities_20261006T160916Z.json,51107,Loudoun,1
13480,EdgeCore VA2,US,VA,Sterling,1501 Moran Rd,,38.994747,-77.444362,ok,38.994747,-77.444362,,peeringdb_us_facilities_20261006T160916Z.json,51107,Loudoun,1
13481,EdgeCore Reno 1,US,NV,McCarran,3000 USA Parkway,,39.524415,-119.481812,ok,39.524415,-119.481812,,peeringdb_us_facilities_20261006T160916Z.json,32029,Storey,1
13493,Ethoplex Edge DC - Green Bay,US,WI,De Pere,4151 Heritage Rd,,44.428051,-88.050196,ok,44.428051,-88.050196,,peeringdb_us_facilities_20261006T160916Z.json,55009,Brown,1
13494,Ethoplex Edge DC - Fond du Lac,US,WI,Friendship,W6720 Subway Rd,,43.833878,-88.494331,ok,43.833878,-88.494331,,peeringdb_us_facilities_20261006T160916Z.json,55039,Fond du Lac,1
13509,901 Commerce Dr,US,WI,Marshfield,"901 Commerce Dr, Marshfield, WI 54449",,44.632611,-90.168593,ok,44.632611,-90.168593,,peeringdb_us_facilities_20261006T160916Z.json,55141,Wood,1
13510,Lumen Jacksonville,US,FL,Jacksonville,4814 Philips Hwy,,30.271996,-81.623873,ok,30.271996,-81.623873,,peeringdb_us_facilities_20261006T160916Z.json,12031,Duval,1
13512,Lumen Portland,US,OR,Portland,1335 NW Northrup St,,45.531671,-122.68496,ok,45.531671,-122.68496,,peeringdb_us_facilities_20261006T160916Z.json,41051,Multnomah,1
13513,Lumen Pittsburgh,US,PA,Pittsburgh,143 S 25th St,,40.425388,-79.970352,ok,40.425388,-79.970352,,peeringdb_us_facilities_20261006T160916Z.json,42003,Allegheny,1
13514,Lumen Philadelphia,US,PA,Philadelphia,401 N Broad St,,39.959621,-75.161021,ok,39.959621,-75.161021,,peeringdb_us_facilities_20261006T160916Z.json,42101,Philadelphia,1
13611,Crown Castle Manchester (1 Sundial Ave),US,NH,Manchester,1 Sundial Ave,,42.972613,-71.469472,ok,42.972613,-71.469472,,peeringdb_us_facilities_20261006T160916Z.json,33011,Hillsborough,1
13614,VELCO Rutland,US,VT,Rutland,366 Pinnacle Ridge Rd,,43.660147,-72.992651,ok,43.660147,-72.992651,,peeringdb_us_facilities_20261006T160916Z.json,50021,Rutland,1
13628,Energynet Datacenter,US,KY,Hopkinsville,1820 E 9th St,,36.847841,-87.465157,ok,36.847841,-87.465157,,peeringdb_us_facilities_20261006T160916Z.json,21047,Christian,1
13629,Lost River Data Center,US,KY,Bowling Green,2413 Nashville Rd,,36.962312,-86.470939,ok,36.962312,-86.470939,,peeringdb_us_facilities_20261006T160916Z.json,21227,Warren,1
13661,Atomic Data MSP250,US,MN,Minneapolis,250 Marquette Ave,,44.980944,-93.267514,ok,44.980944,-93.267514,,peeringdb_us_facilities_20261006T160916Z.json,27053,Hennepin,1
13664,Russellvile EPB Smartnet,US,KY,Russellville,165 East Fourth Street,,36.846023,-86.88624,ok,36.846023,-86.88624,,peeringdb_us_facilities_20261006T160916Z.json,21141,Logan,1
13669,"DartPoints Baton Rouge, LA - BTR1",US,LA,Baton Rouge,7127 Florida Blvd,,30.452287,-91.115571,ok,30.452287,-91.115571,,peeringdb_us_facilities_20261006T160916Z.json,22033,East Baton Rouge,1
13681,H5 Data Centers San Luis Obispo,US,CA,San Luis Obispo,3610 Sacramento Dr,,35.255773,-120.640747,ok,35.255773,-120.640747,,peeringdb_us_facilities_20261006T160916Z.json,06079,San Luis Obispo,1
13686,QTS Phoenix (PHX2),US,AZ,Phoenix,1200 N. 40th Street,,33.462368,-111.995794,ok,33.462368,-111.995794,,peeringdb_us_facilities_20261006T160916Z.json,04013,Maricopa,1
13692,Lumen West Haven,US,CT,West Haven,2 Horton Place,,41.289812,-72.970174,ok,41.289812,-72.970174,,peeringdb_us_facilities_20261006T160916Z.json,09170,South Central Connecticut,1
13693,Lumen New Haven,US,CT,New Haven,54 Meadow Street,,41.299871,-72.926131,ok,41.299871,-72.926131,,peeringdb_us_facilities_20261006T160916Z.json,09170,South Central Connecticut,1
13694,Lumen Hartford,US,CT,Hartford,155 Locust Street,,41.745091,-72.665146,ok,41.745091,-72.665146,,peeringdb_us_facilities_20261006T160916Z.json,09110,Capitol,1
13695,Lumen Stamford,US,CT,Stamford,21 Harborview Ave,,41.049146,-73.530484,ok,41.049146,-73.530484,,peeringdb_us_facilities_20261006T160916Z.json,09190,Western Connecticut,1
13696,Lumen New London,US,CT,New London,3 Shaws Cove,,41.347035,-72.102643,ok,41.347035,-72.102643,,peeringdb_us_facilities_20261006T160916Z.json,09180,Southeastern Connecticut,1
13697,Crown Castle Stamford,US,CT,Stamford,1351 Washington Blvd,,41.058085,-73.542936,ok,41.058085,-73.542936,,peeringdb_us_facilities_20261006T160916Z.json,09190,Western Connecticut,1
13849,Mountain West Technologies - Casper,US,WY,Casper,851 Werner Ct,,42.849554,-106.326238,ok,42.849554,-106.326238,,peeringdb_us_facilities_20261006T160916Z.json,56025,Natrona,1
13850,Mountain West Technologies - Cheyenne,US,WY,Cheyenne,6101 Yellowstone Rd,,41.175834,-104.82786,ok,41.175834,-104.82786,,peeringdb_us_facilities_20261006T160916Z.json,56021,Laramie,1
13974,Microtronix Datacenter Ottoville,US,OH,Ottoville,349 Wayne St,,40.929554,-84.341921,ok,40.929554,-84.341921,,peeringdb_us_facilities_20261006T160916Z.json,39137,Putnam,1
13975,SKYLINK DATA CENTERS,US,FL,Naples,801 Orchid Drive,,26.167743,-81.799835,ok,26.167743,-81.799835,,peeringdb_us_facilities_20261006T160916Z.json,12021,Collier,1
14101,FIBERSTATE Salt Lake City (SLC1),US,UT,Draper,106 E 13200 S,,40.511814,-111.887967,ok,40.511814,-111.887967,,peeringdb_us_facilities_20261006T160916Z.json,49035,Salt Lake,1
14149,ColoradoColo - Lakewood (LKWD),US,CO,Lakewood,11100 W 8th Ave,,39.728305,-105.122436,ok,39.728305,-105.122436,,peeringdb_us_facilities_20261006T160916Z.json,08059,Jefferson,1
14177,Peace Communications CHA1,US,TN,Chattanooga,1100 E 11th Street,,35.03746,-85.293181,ok,35.03746,-85.293181,,peeringdb_us_facilities_20261006T160916Z.json,47065,Hamilton,1
14178,Peace Communications HSV1,US,AL,Huntsville,2104 West Ferry Way,,34.699841,-86.593493,ok,34.699841,-86.593493,,peeringdb_us_facilities_20261006T160916Z.json,01089,Madison,1
14189,Midwest Energy & Communications,US,MI,Cassopolics,60590 Decatur Road,,41.919049,-85.973476,ok,41.919049,-85.973476,,peeringdb_us_facilities_20261006T160916Z.json,26027,Cass,1
14193,Mainstream Little Rock,US,AR,Little Rock,"325 West Capitol Ave.,",,34.744124,-92.274415,ok,34.744124,-92.274415,,peeringdb_us_facilities_20261006T160916Z.json,05119,Pulaski,1
14198,CloudOgre,US,NC,Mill Spring,156 School Rd,,35.299848,-82.160867,ok,35.299848,-82.160867,,peeringdb_us_facilities_20261006T160916Z.json,37149,Polk,1
14224,DC BLOX GSP1 - DCBLOX Greenville,US,SC,Greenville,33 global drive,,34.806553,-82.345891,ok,34.806553,-82.345891,,peeringdb_us_facilities_20261006T160916Z.json,45045,Greenville,1
14264,SMRWORXA - Somerset West Central Office,US,OR,Portland,3750 NW 185th Ave,,45.546391,-122.866777,ok,45.546391,-122.866777,,peeringdb_us_facilities_20261006T160916Z.json,41067,Washington,1
14265,HLBOORXH - Hawthorne Central Office,US,OR,Hillsboro,4305 NE Starr Blvd,,45.551374,-122.937143,ok,45.551374,-122.937143,,peeringdb_us_facilities_20261006T160916Z.json,41067,Washington,1
14266,BVTNORXB - Beaverton Central Office,US,OR,Beaverton,4155 SW Cedar Hills Blvd,,45.490175,-122.811642,ok,45.490175,-122.811642,,peeringdb_us_facilities_20261006T160916Z.json,41067,Washington,1
14267,GRHMORXB - Gresham Central Office,US,OR,Gresham,150 NW 20th St,,45.510725,-122.431708,ok,45.510725,-122.431708,,peeringdb_us_facilities_20261006T160916Z.json,41051,Multnomah,1
14268,TGRDORXA - Tigard Central Office,US,OR,Tigard,8840 SW Burnham St,,45.42558,-122.768572,ok,45.42558,-122.768572,,peeringdb_us_facilities_20261006T160916Z.json,41067,Washington,1
14269,KNWCWAXA - Kennewick Central Office,US,WA,Kennewick,4916 W Clearwater Ave,,46.212947,-119.187198,ok,46.212947,-119.187198,,peeringdb_us_facilities_20261006T160916Z.json,53005,Benton,1
14270,EVRTWAXA - Everett Primary Central Office,US,WA,Everett,426 E Casino Rd,,47.921151,-122.226913,ok,47.921151,-122.226913,,peeringdb_us_facilities_20261006T160916Z.json,53061,Snohomish,1
14272,BOTHWAXB - Bothell Central Office,US,WA,Bothell,2326 228th St SE,,47.790938,-122.201932,ok,47.790938,-122.201932,,peeringdb_us_facilities_20261006T160916Z.json,53061,Snohomish,1
14273,CRALIDXX - Coeur d'Alene Central Office,US,ID,Coeur d'Alene,2115 N Government Way,,47.696497,-116.787537,ok,47.696497,-116.787537,,peeringdb_us_facilities_20261006T160916Z.json,16055,Kootenai,1
14280,Data Holdings Milwaukee,US,WI,Milwaukee,3135 W Highland Blvd,,43.044331,-87.954079,ok,43.044331,-87.954079,,peeringdb_us_facilities_20261006T160916Z.json,55079,Milwaukee,1
14327,CoreSite - Miami (MI2),US,FL,Doral,2100 NW 84th Ave,,25.793318,-80.333581,ok,25.793318,-80.333581,,peeringdb_us_facilities_20261006T160916Z.json,12086,Miami-Dade,1
14341,DC BLOX MYR1 - DCBLOX Myrtle Beach,US,SC,Myrtle Beach,1401 Howard Avenue,,33.674793,-78.942594,ok,33.674793,-78.942594,,peeringdb_us_facilities_20261006T160916Z.json,45051,Horry,1
14342,GigeNET CHI3,US,IL,Arlington Heights,545 E Algonquin Rd,,42.040442,-87.976151,ok,42.040442,-87.976151,,peeringdb_us_facilities_20261006T160916Z.json,17031,Cook,1
14343,Bonnie Lane,US,NC,Sylva,35 Bonnie Lane,,35.350076,-83.208476,ok,35.350076,-83.208476,,peeringdb_us_facilities_20261006T160916Z.json,37099,Jackson,1
14379,ProRacks Datacenter- Kansas City,US,MO,Kansas City,709 Forest Ave,,39.104854,-94.568004,ok,39.104854,-94.568004,,peeringdb_us_facilities_20261006T160916Z.json,29095,Jackson,1
14479,"aspStation, Inc.",US,PA,Pittsburgh,4736 Penn Avenue,,40.46531,-79.946682,ok,40.46531,-79.946682,,peeringdb_us_facilities_20261006T160916Z.json,42003,Allegheny,1
14488,TierPoint Dallas Forth Worth,US,TX,Fort Worth,"13701 Independence Pkwy Fort Worth, TX 76177",,32.979657,-97.252306,ok,32.979657,-97.252306,,peeringdb_us_facilities_20261006T160916Z.json,48439,Tarrant,1
14499,SecureNet DC1,US,WV,South Charleston,401 D Street,,38.366315,-81.695218,ok,38.366315,-81.695218,,peeringdb_us_facilities_20261006T160916Z.json,54039,Kanawha,1
14565,Cologix COL4,US,OH,Columbus,7500 Alta View Boulevard,,40.118438,-82.999997,ok,40.118438,-82.999997,,peeringdb_us_facilities_20261006T160916Z.json,39049,Franklin,1
14600,Lightboard ★ Vermont,US,VT,South Burlington,530 Community Drive,30 Community Drive,44.448637,-73.146839,ok,44.448637,-73.146839,,peeringdb_us_facilities_20261006T160916Z.json,50007,Chittenden,1
14750,Carrier Core - Tampa,US,FL,Tampa,655 North Franklin Street,,27.949606,-82.458393,ok,27.949606,-82.458393,,peeringdb_us_facilities_20261006T160916Z.json,12057,Hillsborough,1
14769,Midcon Recovery Solutions B3 Data Center,US,OK,Oklahoma City,14400 BOGERT PARKWAY,,35.61718,-97.572301,ok,35.61718,-97.572301,,peeringdb_us_facilities_20261006T160916Z.json,40109,Oklahoma,1
14784,US Signal - Grand Rapids South,US,MI,Byron Center,400 76th St SW,,42.825329,-85.672664,ok,42.825329,-85.672664,,peeringdb_us_facilities_20261006T160916Z.json,26081,Kent,1
14834,Raeden Michigan 1,US,MI,Detroit,615 W Lafayette Blvd,,42.32854,-83.053799,ok,42.32854,-83.053799,,peeringdb_us_facilities_20261006T160916Z.json,26163,Wayne,1
14869,RC Solutions,US,VA,Ashburn,21715 Filigree Court,,39.016494,-77.459262,ok,39.016494,-77.459262,,peeringdb_us_facilities_20261006T160916Z.json,51107,Loudoun,1
14871,Encore Technologies NOR1,US,OH,Norwood,4620 Wesley Ave,,39.160536,-84.44869,ok,39.160536,-84.44869,,peeringdb_us_facilities_20261006T160916Z.json,39061,Hamilton,1
14872,Encore Technologies BLU1,US,OH,Blueash,11515 Grooms Rd,,39.277612,-84.36949,ok,39.277612,-84.36949,,peeringdb_us_facilities_20261006T160916Z.json,39061,Hamilton,1
14873,Encore Technologies MSB1,US,OH,Miamisburg,9333 N Springboro Pike,,39.616231,-84.229032,ok,39.616231,-84.229032,,peeringdb_us_facilities_20261006T160916Z.json,39113,Montgomery,1
14878,Fusetelecom Data Center,US,PR,Bayamon,Maceo #4 Bayamón Pueblo,,18.398479,-66.156217,ok,18.398479,-66.156217,,peeringdb_us_facilities_20261006T160916Z.json,72021,Bayamón,1
14908,IP Pathways KC1,US,MO,Kansas City,324 East 11th,STE 500,39.101199,-94.578884,ok,39.101199,-94.578884,,peeringdb_us_facilities_20261006T160916Z.json,29095,Jackson,1
14920,ELN02,US,ND,Ellendale,9663 87th Avenue SE,,46.012816,-98.569881,ok,46.012816,-98.569881,,peeringdb_us_facilities_20261006T160916Z.json,38021,Dickey,1
14952,RC-Facility,US,VA,Ashburn,44274 ROUND TABLE PLAZA,,39.008455,-77.467576,ok,39.008455,-77.467576,,peeringdb_us_facilities_20261006T160916Z.json,51107,Loudoun,1
14982,Cologix DSM2,US,IA,Cedar Falls,1205 Technology Parkway,,42.474028,-92.458755,ok,42.474028,-92.458755,,peeringdb_us_facilities_20261006T160916Z.json,19013,Black Hawk,1
14983,Cologix DSM1,US,IA,Des Moines,666 Walnut St,,41.585529,-93.625422,ok,41.585529,-93.625422,,peeringdb_us_facilities_20261006T160916Z.json,19153,Polk,1
14986,Cologix MIN5,US,MN,Minneapolis,511 11th Ave S,,44.971408,-93.25458,ok,44.971408,-93.25458,,peeringdb_us_facilities_20261006T160916Z.json,27053,Hennepin,1
15003,Netrality Kansas City Metro – KC2 | 7801 Nieman,US,KS,Shawnee,7801 Nieman Rd,,38.986502,-94.712431,ok,38.986502,-94.712431,,peeringdb_us_facilities_20261006T160916Z.json,20091,Johnson,1
15013,South Spencer Aureon hut,US,IA,Spencer,2365 370th St.,,43.112257,-95.120631,ok,43.112257,-95.120631,,peeringdb_us_facilities_20261006T160916Z.json,19041,Clay,1
15079,CoreSite - Santa Clara (SV9),US,CA,Santa Clara,2915 Stender Way,Santa Clara CA  95054-3214,37.3749,-121.969155,ok,37.3749,-121.969155,,peeringdb_us_facilities_20261006T160916Z.json,06085,Santa Clara,1
15080,Lightboard ★ New England,US,MA,Springfield,1 Federal St,,42.109522,-72.576306,ok,42.109522,-72.576306,,peeringdb_us_facilities_20261006T160916Z.json,25013,Hampden,1
15090,EXA CLS Lynn,US,MA,Lynn,91 Commercial St,CLS Lynn,42.45957,-70.960773,ok,42.45957,-70.960773,,peeringdb_us_facilities_20261006T160916Z.json,25009,Essex,1
15092,Dataverge Jersey City,US,NJ,Jersey City,111 TOWN SQUARE PLACE,,40.726366,-74.033696,ok,40.726366,-74.033696,,peeringdb_us_facilities_20261006T160916Z.json,34017,Hudson,1
15142,ACS North Wire Center,US,AK,Anchorage,1309 E St,,61.208966,-149.890871,ok,61.208966,-149.890871,,peeringdb_us_facilities_20261006T160916Z.json,02020,Anchorage,1
15215,Lake Region Technology & Communications,US,OK,Hulbert,516 S. Lake Region Road,,35.931102,-95.134992,ok,35.931102,-95.134992,,peeringdb_us_facilities_20261006T160916Z.json,40021,Cherokee,1
15240,Metanet New York Data Center CHELSEA,US,NY,New York,85 10th Avenue,,40.74331,-74.007932,ok,40.74331,-74.007932,,peeringdb_us_facilities_20261006T160916Z.json,36061,New York,1
15241,Metanet New York Data Center Staten Island,US,NY,Staten Island,7 Teleport Drive,,40.603355,-74.181099,ok,40.603355,-74.181099,,peeringdb_us_facilities_20261006T160916Z.json,36085,Richmond,1
15242,Metanet New York Data Center GOOGLEPLEX,US,NY,New York,111 8th Avenue,,40.741491,-74.003389,ok,40.741491,-74.003389,,peeringdb_us_facilities_20261006T160916Z.json,36061,New York,1
15243,Interphase Data Center New York I,US,NY,New York,111 8th Avenue,,40.741469,-74.003387,ok,40.741469,-74.003387,,peeringdb_us_facilities_20261006T160916Z.json,36061,New York,1
15252,"ark data centers - Green Bay, WI",US,WI,Menasha,W6149 Old Highway Road,,44.207099,-88.345585,ok,44.207099,-88.345585,,peeringdb_us_facilities_20261006T160916Z.json,55015,Calumet,1
15276,Interphase Data Center New York II,US,NY,New York,85th Avenue,,40.74331,-74.007932,ok,40.74331,-74.007932,,peeringdb_us_facilities_20261006T160916Z.json,36061,New York,1
15282,3HCloud - MIA-1,US,FL,Miami,36 NE 2nd St,,25.775702,-80.193056,ok,25.775702,-80.193056,,peeringdb_us_facilities_20261006T160916Z.json,12086,Miami-Dade,1
15283,3HCloud - MIA-2,US,FL,Miami,50 NE 9th St,,25.782365,-80.19313,ok,25.782365,-80.19313,,peeringdb_us_facilities_20261006T160916Z.json,12086,Miami-Dade,1
15284,3HCloud - DFW-1,US,TX,Dallas,8435 N Stemmons FWY,,32.827345,-96.873974,ok,32.827345,-96.873974,,peeringdb_us_facilities_20261006T160916Z.json,48113,Dallas,1
15285,3HCloud - SFO-1,US,CA,San Francisco,365 Main St,,37.788637,-122.390676,ok,37.788637,-122.390676,,peeringdb_us_facilities_20261006T160916Z.json,06075,San Francisco,1
15438,Equinix DC16,US,VA,Ashburn,44740 Performance Circle,,39.024202,-77.452284,ok,39.024202,-77.452284,,peeringdb_us_facilities_20261006T160916Z.json,51107,Loudoun,1
15455,LSTI 401 Market,US,OH,Canton,401 Market Ave N,LL STE 100,40.800863,-81.374423,ok,40.800863,-81.374423,,peeringdb_us_facilities_20261006T160916Z.json,39151,Stark,1
15548,TierPoint St. Louis - Locust,US,MO,St Louis,2300 Locust St,,38.633537,-90.21267,ok,38.633537,-90.21267,,peeringdb_us_facilities_20261006T160916Z.json,29510,St. Louis,1
15560,LightSpeed Hosting - Medina,US,OH,Medina,387 Medina Road,,41.137371,-81.701097,ok,41.137371,-81.701097,,peeringdb_us_facilities_20261006T160916Z.json,39103,Medina,1
15589,Lumen Kansas City,US,MO,Kansas City,1212 E. 19th St,,39.090638,-94.568428,ok,39.090638,-94.568428,,peeringdb_us_facilities_20261006T160916Z.json,29095,Jackson,1
15590,Lumen San Antonio 1,US,TX,San Antonio,"5130 Service Center Drive, Suite 104",,29.475675,-98.390801,ok,29.475675,-98.390801,,peeringdb_us_facilities_20261006T160916Z.json,48029,Bexar,1
15594,Cogent Detroit,US,MI,Detroit,1320 3rd St,,42.330743,-83.055773,ok,42.330743,-83.055773,,peeringdb_us_facilities_20261006T160916Z.json,26163,Wayne,1
15599,Apotech,US,IL,Mount Prospect,1331 E Business Center Dr,,42.078443,-87.915648,ok,42.078443,-87.915648,,peeringdb_us_facilities_20261006T160916Z.json,17031,Cook,1
15667,"Atlantech Online - Rockville, MD",US,MD,Rockville,1201 Seven Locks Rd,,39.064319,-77.160038,ok,39.064319,-77.160038,,peeringdb_us_facilities_20261006T160916Z.json,24031,Montgomery,1
15668,"Atlantech Online - Silver Spring, MD",US,MD,Silver Spring,1010 Wayne Avenue,,38.993843,-77.027705,ok,38.993843,-77.027705,,peeringdb_us_facilities_20261006T160916Z.json,24031,Montgomery,1
15681,East Kentucky Network Data Center,US,KY,Ivel,271 Technology Trail,,37.596989,-82.68065,ok,37.596989,-82.68065,,peeringdb_us_facilities_20261006T160916Z.json,21071,Floyd,1
15701,365 Data Centers Carlstadt (NJ3),US,NJ,Carlstadt,410 Commerce Blvd,,40.827949,-74.049418,ok,40.827949,-74.049418,,peeringdb_us_facilities_20261006T160916Z.json,34003,Bergen,1
15758,Element Critical Houston HOU1,US,TX,Katy,22000 Franz rd,,29.802918,-95.755821,ok,29.802918,-95.755821,,peeringdb_us_facilities_20261006T160916Z.json,48201,Harris,1
15828,Clackamas ESD Datacenter,US,OR,CLACKAMAS,13455 SE 97TH AVE,,45.426814,-122.564112,ok,45.426814,-122.564112,,peeringdb_us_facilities_20261006T160916Z.json,41005,Clackamas,1
15844,"DartPoints Baton Rouge, LA - BTR2",US,LA,Baton Rouge,7139 Florida Blvd,,30.452287,-91.115571,ok,30.452287,-91.115571,,peeringdb_us_facilities_20261006T160916Z.json,22033,East Baton Rouge,1
15861,Southern Telecom,US,GA,Atlanta,270 W Peachtree St NW,,33.762044,-84.387804,ok,33.762044,-84.387804,,peeringdb_us_facilities_20261006T160916Z.json,13121,Fulton,1
15862,70 Henry St,US,NY,Binghamton,70 Henry St,,42.100956,-75.909021,ok,42.100956,-75.909021,,peeringdb_us_facilities_20261006T160916Z.json,36007,Broome,1
15892,"DartPoints Shreveport, LA - SHV1",US,LA,Shreveport,601 Milam ST,,32.511085,-93.749942,ok,32.511085,-93.749942,,peeringdb_us_facilities_20261006T160916Z.json,22017,Caddo,1
16023,American Tower RA1,US,NC,Raleigh,6011 Chapel Hill Road,,35.78812,-78.726568,ok,35.78812,-78.726568,,peeringdb_us_facilities_20261006T160916Z.json,37183,Wake,1
16034,USSHC,US,IA,Monticello,24253 Highway 151,,42.284076,-91.092129,ok,42.284076,-91.092129,,peeringdb_us_facilities_20261006T160916Z.json,19105,Jones,1
16042,H5 Data Centers Quincy 2/3,US,WA,Quincy,1500 M Street NE,,47.247916,-119.824924,ok,47.247916,-119.824924,,peeringdb_us_facilities_20261006T160916Z.json,53025,Grant,1
16043,H5 Data Centers Omaha,US,NE,La Vista,10917 Harry Watanabe Pkwy,,41.180701,-96.084974,ok,41.180701,-96.084974,,peeringdb_us_facilities_20261006T160916Z.json,31153,Sarpy,1
16044,H5 Data Centers Buffalo I,US,NY,Lockport,5319 Enterprise Dr,,43.167553,-78.751731,ok,43.167553,-78.751731,,peeringdb_us_facilities_20261006T160916Z.json,36063,Niagara,1
16045,H5 Data Centers Buffalo II,US,NY,Lockport,5369 Crown Dr,,43.169757,-78.748743,ok,43.169757,-78.748743,,peeringdb_us_facilities_20261006T160916Z.json,36063,Niagara,1
16052,Lightboard ★ Western NY,US,NY,Syracuse,109 S. Warren St.,,43.050221,-76.150348,ok,43.050221,-76.150348,,peeringdb_us_facilities_20261006T160916Z.json,36067,Onondaga,1
16062,BLDR-1919,US,CO,Boulder,1919 14th St,,40.017695,-105.277335,ok,40.017695,-105.277335,,peeringdb_us_facilities_20261006T160916Z.json,08013,Boulder,1
16125,365 Data Centers Buffalo (PA1),US,PA,Philadelphia,1500 Spring Garden St,,39.962369,-75.163734,ok,39.962369,-75.163734,,peeringdb_us_facilities_20261006T160916Z.json,42101,Philadelphia,1
16126,365 Data Centers Philadelphia (PA1),US,PA,Philadelphia,1500 Spring Garden St Fl 3,,39.962369,-75.163734,ok,39.962369,-75.163734,,peeringdb_us_facilities_20261006T160916Z.json,42101,Philadelphia,1
16127,365 Data Centers Alpharetta (GA1),US,GA,Alpharetta,11650 Great Oaks Way,,34.06343,-84.272727,ok,34.06343,-84.272727,,peeringdb_us_facilities_20261006T160916Z.json,13121,Fulton,1
16128,365 Data Centers Aurora (CO1),US,CO,Aurora,3431 N Windsor Drive,,39.762184,-104.760923,ok,39.762184,-104.760923,,peeringdb_us_facilities_20261006T160916Z.json,08001,Adams,1
16129,365 Data Centers Marlboro (MA1),US,MA,Marlboro,250 Locke Drive,,42.352468,-71.586082,ok,42.352468,-71.586082,,peeringdb_us_facilities_20261006T160916Z.json,25017,Middlesex,1
16130,365 Data Centers Rancho Cordova (CA1),US,CA,Rancho Cordova,11085 Sun Center Drive,,38.596063,-121.272644,ok,38.596063,-121.272644,,peeringdb_us_facilities_20261006T160916Z.json,06067,Sacramento,1
16131,365 Data Centers Richardson (TX1),US,TX,Richardson,1001 E Campbell Road,,32.976121,-96.707323,ok,32.976121,-96.707323,,peeringdb_us_facilities_20261006T160916Z.json,48113,Dallas,1
16132,365 Data Centers Smyrna (GA2),US,GA,Smyrna,5600 United Dr. SE,,33.841159,-84.522407,ok,33.841159,-84.522407,,peeringdb_us_facilities_20261006T160916Z.json,13067,Cobb,1
16184,Hurricane Electric San Jose 1,US,CA,San Jose,55 S. Market Street,,37.33417,-121.891703,ok,37.33417,-121.891703,,peeringdb_us_facilities_20261006T160916Z.json,06085,Santa Clara,1
16207,1623 Farmam,US,NE,Omaha,1623 Farnam St,,41.25737,-95.938164,ok,41.25737,-95.938164,,peeringdb_us_facilities_20261006T160916Z.json,31055,Douglas,1
16291,Metanet New York Data Center 60 HUDSON,US,NY,New York,60 Hudson Street,,40.717729,-74.008306,ok,40.717729,-74.008306,,peeringdb_us_facilities_20261006T160916Z.json,36061,New York,1
16321,Wowrack Datacenter - Tukwila,US,WA,Tukwila,12201 Tukwila International Blvd #100,,47.493158,-122.293832,ok,47.493158,-122.293832,,peeringdb_us_facilities_20261006T160916Z.json,53033,King,1
16353,Cogent Springfield MA,US,MA,Springfield,400 Taylor Street,,42.112956,-72.583699,ok,42.112956,-72.583699,,peeringdb_us_facilities_20261006T160916Z.json,25013,Hampden,1
16370,WANSEC DC16,US,KS,Overland Park,9120 Nieman Rd,,38.962363,-94.714725,ok,38.962363,-94.714725,,peeringdb_us_facilities_20261006T160916Z.json,20091,Johnson,1
16383,YAKMWAFP - Wholesail Yakima,US,WA,Yakima,901 Pitcher Street,,46.604852,-120.493644,ok,46.604852,-120.493644,,peeringdb_us_facilities_20261006T160916Z.json,53077,Yakima,1
16395,DCN Dakota Carrier Networks,US,ND,Fargo,3901 Great Plains Dr S,3901 Great Plains Dr S,46.8141,-96.841621,ok,46.8141,-96.841621,,peeringdb_us_facilities_20261006T160916Z.json,38017,Cass,1
16396,DCN Dakota Carrier Networks Bismarck,US,ND,Bismarck,4202 Coleman St,3901 Great Plains Dr S,46.851773,-100.78185,ok,46.851773,-100.78185,,peeringdb_us_facilities_20261006T160916Z.json,38015,Burleigh,1
16421,Cogent St Louis,US,MO,St. Louis,1925 Chouteau Ave,,38.621224,-90.212002,ok,38.621224,-90.212002,,peeringdb_us_facilities_20261006T160916Z.json,29510,St. Louis,1
16422,Cogent Houston,US,TX,Houston,12061 North Freeway,,29.944087,-95.416408,ok,29.944087,-95.416408,,peeringdb_us_facilities_20261006T160916Z.json,48201,Harris,1
16443,Cogent Akron,US,OH,Akron,120 North Broadway Street,,41.087427,-81.513895,ok,41.087427,-81.513895,,peeringdb_us_facilities_20261006T160916Z.json,39153,Summit,1
16444,Cogent Atlanta 2,US,GA,Atlanta,1190 Allene Avenue Southwest,,33.722413,-84.412569,ok,33.722413,-84.412569,,peeringdb_us_facilities_20261006T160916Z.json,13121,Fulton,1
16445,Cogent Austin,US,TX,Austin,7301 Metro Center Drive,,30.209234,-97.697975,ok,30.209234,-97.697975,,peeringdb_us_facilities_20261006T160916Z.json,48453,Travis,1
16446,Cogent Elkridge,US,MD,Elkridge,6050 Race Road,,39.203469,-76.712389,ok,39.203469,-76.712389,,peeringdb_us_facilities_20261006T160916Z.json,24027,Howard,1
16447,Cogent Billings,US,MT,Billings,3025 Hesper Road,,45.740895,-108.591913,ok,45.740895,-108.591913,,peeringdb_us_facilities_20261006T160916Z.json,30111,Yellowstone,1
16448,Cogent Buffalo,US,NY,Buffalo,271 Bristol Street,,42.881232,-78.846588,ok,42.881232,-78.846588,,peeringdb_us_facilities_20261006T160916Z.json,36029,Erie,1
16452,Cogent Charlotte,US,NC,Charlotte,701 East Trade Street,,35.222097,-80.836767,ok,35.222097,-80.836767,,peeringdb_us_facilities_20261006T160916Z.json,37119,Mecklenburg,1
16453,Cogent Charlotte 2,US,NC,Charlotte,1310 South Mint Street,,35.221028,-80.858282,ok,35.221028,-80.858282,,peeringdb_us_facilities_20261006T160916Z.json,37119,Mecklenburg,1
16454,Cogent Cheyenne,US,WY,Cheyenne,114 West 10th Street,,41.127922,-104.811619,ok,41.127922,-104.811619,,peeringdb_us_facilities_20261006T160916Z.json,56021,Laramie,1
16455,Cogent Chicago 3,US,IL,Chicago,4200 West 40th Street,,41.819974,-87.728896,ok,41.819974,-87.728896,,peeringdb_us_facilities_20261006T160916Z.json,17031,Cook,1
16456,Cogent Cleveland 2,US,OH,Cleveland,2650 Rockefeller Avenue,,41.484768,-81.674771,ok,41.484768,-81.674771,,peeringdb_us_facilities_20261006T160916Z.json,39035,Cuyahoga,1
16457,Cogent Columbus 2,US,OH,Columbus,161 East Goodale Street,,39.974016,-82.998627,ok,39.974016,-82.998627,,peeringdb_us_facilities_20261006T160916Z.json,39049,Franklin,1
16467,CoreSite - Secaucus (NY3),US,NJ,Secaucus,2 Emerson Lane,Building B,40.784289,-74.064895,ok,40.784289,-74.064895,,peeringdb_us_facilities_20261006T160916Z.json,34017,Hudson,1
16563,QTS Atlanta-Fayetteville (ATL2),US,GA,Fayetteville,1435 HWY 54 W,,33.448789,-84.522289,ok,33.448789,-84.522289,,peeringdb_us_facilities_20261006T160916Z.json,13113,Fayette,1
16564,QTS Charlotte (CTL1),US,South Carolina,York,2143 Hands Mill Hwy,,35.035376,-81.104511,ok,35.035376,-81.104511,,peeringdb_us_facilities_20261006T160916Z.json,45091,York,1
16565,QTS Richmond - (RIC5),US,VA,Sandston,5200 Technology Blvd,,37.502016,-77.260573,ok,37.502016,-77.260573,,peeringdb_us_facilities_20261006T160916Z.json,51087,Henrico,1
16587,Databank Orangeburg (LGA3),US,NY,Orangeburg,2000 Corporate Drive,,41.040063,-73.989975,ok,41.040063,-73.989975,,peeringdb_us_facilities_20261006T160916Z.json,36087,Rockland,1
16588,Databank Denver (DEN5),US,CO,Centennial,6961 S. Quentin Street,,39.590123,-104.846655,ok,39.590123,-104.846655,,peeringdb_us_facilities_20261006T160916Z.json,08005,Arapahoe,1
16591,Databank Houston West (HOU3),US,TX,Houston,11003 Corporate Centre Drive,,29.84406,-95.560354,ok,29.84406,-95.560354,,peeringdb_us_facilities_20261006T160916Z.json,48201,Harris,1
16607,PureColo ROC01 (Rochester),US,New York,Pittsford,1100 Pittsford Victor Road,,43.049271,-77.466584,ok,43.049271,-77.466584,,peeringdb_us_facilities_20261006T160916Z.json,36055,Monroe,1
16608,AceHost Durham,US,North Carolina,Durham,4518 S. Miami Blvd.,,35.895741,-78.849173,ok,35.895741,-78.849173,,peeringdb_us_facilities_20261006T160916Z.json,37063,Durham,1
16614,QTD2 - 60 Hudson Street 1602,US,NY,New York,60 Hudson Street,Suite 1602,40.717729,-74.008306,ok,40.717729,-74.008306,,peeringdb_us_facilities_20261006T160916Z.json,36061,New York,1
16615,QTD1 - 60 Hudson Street 1510,US,NY,New York,60 Hudson Street,Suite 1510,40.717729,-74.008306,ok,40.717729,-74.008306,,peeringdb_us_facilities_20261006T160916Z.json,36061,New York,1
16617,QTD3 - 60 Hudson Street 1901,US,NY,New York,60 Hudson Street,Suite 1901,40.717729,-74.008306,ok,40.717729,-74.008306,,peeringdb_us_facilities_20261006T160916Z.json,36061,New York,1
16624,Cogent Fairfax,US,South Carolina,Fairfax,831 North Hampton Avenue,,32.963731,-81.236142,ok,32.963731,-81.236142,,peeringdb_us_facilities_20261006T160916Z.json,45005,Allendale,1
16659,CyberLynk MKE1,US,Wisconsin,Franklin,10125 S 52nd St,,42.86183,-87.982826,ok,42.86183,-87.982826,,peeringdb_us_facilities_20261006T160916Z.json,55079,Milwaukee,1
16749,Quad State Internet METRO1 Colocation,US,IL,Metropolis,506 Market Street,,37.151821,-88.732324,ok,37.151821,-88.732324,,peeringdb_us_facilities_20261006T160916Z.json,17127,Massac,1
16779,Hub Express System,US,MA,Somerville,0 Inner Belt Rd.,,42.375817,-71.080788,ok,42.375817,-71.080788,,peeringdb_us_facilities_20261006T160916Z.json,25017,Middlesex,1
16827,"Equinix NY3 - New York, Secaucus",US,NJ,Secaucus,600 Jefferson Avenue,,40.775204,-74.068019,ok,40.775204,-74.068019,,peeringdb_us_facilities_20261006T160916Z.json,34017,Hudson,1
16830,Patmos KC2,US,MO,Kansas City,1601 McGee St,,39.094739,-94.579376,ok,39.094739,-94.579376,,peeringdb_us_facilities_20261006T160916Z.json,29095,Jackson,1
16889,1GServers Data Center PHX1,US,AZ,Phoenix,3719 E La Salle St,,33.396473,-112.000223,ok,33.396473,-112.000223,,peeringdb_us_facilities_20261006T160916Z.json,04013,Maricopa,1
16920,MCTX1,US,TX,McAllen,200 S 10th St.,,26.201918,-98.231633,ok,26.201918,-98.231633,,peeringdb_us_facilities_20261006T160916Z.json,48215,Hidalgo,1
16941,Omega CT1,US,CT,Stamford,26 Fahey Street,,41.091604,-73.516758,ok,41.091604,-73.516758,,peeringdb_us_facilities_20261006T160916Z.json,09190,Western Connecticut,1
16943,Omega PA1,US,PA,Reading,1121 Snyder Road,,40.341233,-76.005374,ok,40.341233,-76.005374,,peeringdb_us_facilities_20261006T160916Z.json,42011,Berks,1
16956,Rochelle Technology Center,US,IL,Rochelle,910 Technology Parkway,,41.940574,-89.033813,ok,41.940574,-89.033813,,peeringdb_us_facilities_20261006T160916Z.json,17141,Ogle,1
17004,Lifeline Ft Wayne,US,IN,Ft Wayne,7601 S Anthony Blvd,,41.014028,-85.109976,ok,41.014028,-85.109976,,peeringdb_us_facilities_20261006T160916Z.json,18003,Allen,1
17093,Servpac MTP DC,US,HI,Mililani,200 Kahelu Ave,,21.480922,-158.019259,ok,21.480922,-158.019259,,peeringdb_us_facilities_20261006T160916Z.json,15003,Honolulu,1
17094,Servpac Puahale DC,US,HI,Honolulu,1931 North King St,,21.331917,-157.87825,ok,21.331917,-157.87825,,peeringdb_us_facilities_20261006T160916Z.json,15003,Honolulu,1
17123,LCUB Data Center,US,Tennessee,Lenoir City,7698 Creekwood Park Blvd,,35.840815,-84.265703,ok,35.840815,-84.265703,,peeringdb_us_facilities_20261006T160916Z.json,47105,Loudon,1
17560,2210Cortez LLC,US,Colorado,Cortez,2204 East Main,,37.350392,-108.558886,ok,37.350392,-108.558886,,peeringdb_us_facilities_20261006T160916Z.json,08083,Montezuma,1
